id	user	icon	portrait	English	Japanese	Final Notes	pic	Filenames	Codes
GIRL_TONGUES	Girl			Longe das estepes devastadas pela guerra da Cítia, encontramos uma garota de cabelos escuros em uma campina iluminada pelo sol. #helloworld			72	001.jpg	Z0E1Q
				Os montanheses do Cáucaso a chamavam de Samae e ela parecia simpática. #obviously					
SIGN_TADPOL	The Scythian			"""Onde a lareira arde, o lar faz alarde."" #threegutrecords4ever"					
SIGN_WALL	The Scythian			"""Cítia, Ciméria, Assíria e Pérsia, esses são todos reinos dos homens. Mingi Tau é o Reino das Nuvens."""					
SIGN_CHASM	The Scythian			À beira do Precipício Perigoso, encontramos uma rocha gravada com o glifo de uma espada erguida, sob as cores do arco-íris.					
				Nós cítios abominamos os arco-íris. #loathsomerainbows			21	002.jpg	40C27
SIGN_BIRDTREE	The Scythian			Em um caminho secundário que se afastava do antigo caminho, encontramos uma rocha gravada com uma série de símbolos indecifráveis.					
				Entre esses símbolos impossíveis de decifrar, alcançamos a distinguir uns glifos lunares.					
SIGN_BIRDTREEDECIPHERED	The Scythian			Por um caminho secundário, encontramos uma rocha gravada com uma série de glifos lunares que antes não entendíamos.					
				Os glifos falavam de um lugar secreto perto daqui «...onde se pode alterar o humor da lua».					
				Será que é a Gruta Lunar...? #moongrotto #whatisit #itsamystery			205	003.jpg	60D3C
SIGN_WOLF	The Scythian			À beira do antigo caminho, encontramos uma rocha gravada com um par de glifos em forma de espada e escudo. #hinthint			16	004.jpg	T0C4X
SIGN_ANTECHAMBERLEFT	The Scythian			Num corredor subterrâneo, descobrimos uma estátua ominosa, mas não nos preocupamos muito com isso. #lore			29	005.jpg	V0B53
INFO_CROSSMOUNTAINLEFT	The Scythian			Na encosta rochosa de Mingi Tau, uma tumba solitária indica onde termina o caminho de pedras.					
INFO_CROSSMOUNTAINRIGHT	The Scythian			Na encosta rochosa de Mingi Tau, uma tumba solitária indica onde termina o caminho de pedras.					
INFO_RIDGESKULLPOLE	The Scythian			Na crista rochosa a caminho do topo de Mingi Tau, erguia-se um sinistro poste decorado com uma caveira galhada.					
INFO_CROSSRIDGE	The Scythian			Na crista rochosa a caminho do topo de Mingi Tau, uma tumba solitária era um lúgubre lembrete de quantos morreram aqui.					
INFO_MEGATOMESTUCK	The Scythian		adventureUI/megatomeItem	Encontramos o Megatomo apertado entre duas ossudas mãos e sentimos nossa espada estremecer na bainha. #megatome			33	006.jpg	30D6C
DOOR_SIDEBMEADOW	The Scythian			Uma pequena porta sem maçaneta, feita de um material desconhecido. Uma placa diz: «Apenas Pessoal Autorizado».					
DOOR_UPSLOPEWOODS1	The Scythian			Bem no muro de pedra, uma porta trancada bloqueava o antigo caminho para Mingi Tau.					
DOOR_UPSLOPEWOODS3	The Scythian			Uma porta trancada se escondia entre a mata abaixo do antigo caminho que leva a Mingi Tau. #moongrotto					
LOGFELLA_AVATAR			AdventureUI/dudeLogfellaIdle1						
LOGFELLA_INTRO_ADV	Logfella	AdventureUI/tweetIconBabelBook		O lenhador lenhava lenha. #obviously #woodchopping			71	007.jpg	70E70
				Os montanheses do Cáucaso o chamavam de Troncadeiro e ele parecia agradável.					
				Conhecia bem nossa funesta missão e concordou em nos guiar pelo antigo caminho.					
				Mesmo assim, ficou claro que ele não estava nada empolgado com isso.					
LOGFELLA_TADPOL_WAITING	Logfella	AdventureUI/tweetIconBabelBook		O lenhador nos esperou para prosseguir pelo antigo caminho.			12	008.jpg	U0D88
LOGFELLA_INTRO_CHASM	The Scythian	AdventureUI/tweetIconBabelBook		Atravessamos o abismo e não vamos mentir, nos sentimos demais.			22	009.jpg	L0B9S
			adventureUI/megatomeItem	Contamos a Troncadeiro que buscávamos um pesado livro de sinistra magia conhecido como o Megatomo.					
			adventureUI/megatomeItem	Estava oculto além do Precipício Perigoso, em algum lugar nas trevas sob Mingi Tau.					
			adventureUI/megatomeItem	Decidimos buscá-lo e depois escapar com vida.					
LOGFELLA_BEFOREWALL	The Scythian		AdventureUI/keyItem	O lenhador confirmou que ele tinha a única chave da porta trancada no muro de pedra.					
			AdventureUI/keyItem	Era uma chave realmente bonita.					
				Estávamos prontíssimos para manter pressionado o caminho e nos remexer, remexer, remexer!					
LOGFELLA_POSTTONGUE	The Scythian		adventureUI/megatomeItem	Troncadeiro ia ficar aqui esperando até que voltássemos com o Megatomo.					
LOGFELLA_HINT_SITTINGDOWN	The Scythian	AdventureUI/tweetIconBabelBook		Troncadeiro escolheu relaxar em um abrigo de pedra perto do Precipício Perigoso.					
				Parecia saber tudo sobre o odioso arco-íris e o glifo que representava uma espada apontando para o céu.					
				E mesmo assim, não deu nenhuma pista sobre o que fazer, o que, a bem da verdade, nos deixou meio atravessado.					
LOGFELLA_WOLF_HINT	The Scythian	AdventureUI/tweetIconBabelBook		O lenhador tinha visto algum tipo de monstro assustador e decidiu deixar que nós cuidássemos disso.			26	010.jpg	Q1B00
LOGFELLA_DOWNSLOPE	The Scythian		adventureUI/megatomeItem	Recuperamos o Megatomo e Troncadeiro estava completamente pronto para 'remexer, remexer' até seu refúgio seguro.					
				Apesar da tempestade que se formava, uma canção começou a brotar em nosso coração.					
LOGFELLA_CABINMEGATOME	The Scythian	AdventureUI/tweetIconBabelBook		À luz da tempestade iminente, Troncadeiro admitiu que sentia um frio na espinha.					
				Será que ele estava tentando nos assustar de propósito? #yes #no #maybe					
				De qualquer forma, o mais sensato era ficar no abrigo por um tempo.					
QUESTCOMPLETE_MEGATOME			adventureUI/megatomeItem	Conseguimos o Megatomo! Somos os mais espertos. #gotmegatome			40	011.jpg	81C1E
GIRL_AVATAR			AdventureUI/dudeDaughterIdle1						
ARCHETYPE_AVATAR			AdventureUI/dudeArchetypeIdle1						
ARCHETYPE_TUTORIAL	The Archetype	AdventureUI/tweetIconInfo							
	The Archetype			Senhoras e senhores, que tal tocarem nestes dois pequenos espíritos silvanos para calibrar o seu sistema de som estéreo?					
	The Archetype			Desde nossa experiência anterior em 2011, constatamos que as redes sociais têm um impacto prejudicial na sociedade.					
				Nesta ocasião, promovemos o isolamento e a reflexão cheia de arrependimento.					
				Agradecemos sinceramente por você ter decidido participar deste tratamento experimental para a aflição profunda da alma.					
				Você verá que esta primeira sessão de S:S&S EP é bastante simples e geralmente dura entre 15 e 30 minutos.					
				Tudo pronto? Pressione 'jogar' e vamos lá!					
ARCHETYPE_TUTORIAL_NOTWITTER	The Archetype	AdventureUI/tweetIconInfo							
	The Archetype			Senhoras e senhores, que tal tocarem nestes dois pequenos espíritos silvanos para calibrar o seu sistema de som estéreo?					
	The Archetype			Desde nossa experiência anterior em 2011, constatamos que as redes sociais têm um impacto prejudicial na sociedade.					
				Nesta ocasião, promovemos o isolamento e a reflexão cheia de arrependimento.					
				Agradecemos sinceramente por você ter decidido participar deste tratamento experimental para a aflição profunda da alma.					
				Você verá que esta primeira sessão de S:S&S EP é bastante simples e geralmente dura entre 15 e 30 minutos.					
				Tudo pronto? Pressione 'jogar' e vamos lá!					
ARCHETYPE_FOUNDATION	The Archetype			S:S&S EP não busca proporcionar a experiência transcendental, mas simplesmente pretende liberar o sistema nervoso de seus padrões habituais.					
				Outro aspecto do Ambiente é o cultural: as noções que predominam sobre realidade e normalidade. Evitaremos essa discussão por enquanto.					
				O 'Ambiente' abrange o conforto, a segurança e o calor do local onde a experiência ocorre.					
				Descobrimos que um indivíduo relaxado e curioso é mais propenso a ter uma experiência agradável com S:S&S EP.					
				A 'Preparação' é o estado mental e a personalidade que você traz para a experiência: pensamentos, estados de ânimo e expectativas.					
				Vamos falar sobre a Preparação e o Ambiente para uma experiência positiva com esta obra altamente psicoativa: Superbrothers: Sword & Sworcery EP.					
				A consciência expandida, o potencial ilimitado e inexplorado da mente, é o que chamamos de 'Espadância' em Superbrothers. #sworcery					
				A 'Espadância' é a técnica psiónica que permite perceber uma realidade dentro daquela que você já conhece.					
				Para parar a Canção da Espadância, toque duas vezes na aura que envolve A Citiana.					
				Depois de entoada, deslize a aura para olhar ao redor.					
				Para entoar a Canção da Espadância, mantenha pressionado sobre A Citiana até a aura aparecer.					
				Como vê, o Megatomo coleta transmissões de pensamento linguístico. Role para ver meus pensamentos prévios.					
ARCHETYPE_MEGATOMETUTORIAL	The Scythian		adventureUI/megatomeItem	"""Muito bem, você aprendeu a Canção da Espadância e agora o inescrutável poder do Megatomo é seu."""			47	012.jpg	31E2F
			adventureUI/megatomeItem	"""O Megatomo intercepta transmissões de pensamento linguístico e contém pistas para sua funesta missão."""					
			adventureUI/megatomeItem	"""Algo me passa pela mente agora... Que tal abri-lo e descobrir o que está oculto em minha mente?"""					
				"""Procure um triângulo branco no canto superior direito; toque nele e equipe-o para revelar o oculto."""					
LOGFELLA_STORM	The Scythian			Troncadeiro parou de cortar lenha devido à sinistra tempestade. #wetboots					
			adventureUI/megatomeItem	Nos lembrou que a tempestade havia estourado logo depois que recuperamos o Megatomo sob Mingi Tau.					
				Será que ele estava sutilmente insinuando que devíamos tentar dissipar a tempestade? #yes #no #maybe					
GIRL_STORM	The Scythian			Samae, a garota de cabelos escuros, era consumida pela melancolia. #woe					
			gourd/gourd	Desde que a tempestade estourou, ela observava as melódicas espumas dos espíritos silvanos adormecidos nas florestas próximas.					
			gourd/gourd	Perguntou-se se os três espíritos poderiam ajudar a dissipar a tempestade. #yes					
			gourd/gourd	Pediu que investigássemos as espumas que borbulhavam na insondável lagoa diante da cabana.					
			gourd/gourd	Mencionou um espírito em uma campina próxima e outro em um ninho curioso onde três pássaros cantores se abrigavam da chuva.					
			gourd/gourd	Pediu que buscássemos as espumas desses três espíritos e os enviássemos ao céu com a Canção da Espadância.					
ARCHETYPE_SWORCERY	The Archetype			"""Chegou a hora de aprender a Canção da Espadância, uma técnica de expansão da consciência que revela uma dimensão musical mística."""					
			gourd/gourd	"""Mantenha a calma e siga minhas instruções para despertar o espírito silvano que dorme nas águas frescas da insondável lagoa."""					
ARCHETYPE_TADPOLES	The Archetype			Era evidente que o homem estranhamente vestido esperava que fizéssemos algo, mas não tínhamos ideia do que.					
			gourd/gourd	"""Você vê as melódicas espumas na insondável lagoa? Um espírito silvano dorme ali e você deve despertá-lo."""					
			gourd/gourd	"""Mantenha pressionado sobre A Citiana para entoar a Canção da Espadância e revelar uma realidade oculta."""					
			gourd/gourd	"""Guie as duas pequenas criaturas nadando em direção ao local onde o espírito dorme e envie-as ao céu com três toques de Espadância."""			49	013.jpg	61D3A
GIRL_LOSTKEY	The Scythian			Samae se abrigava da chuva sob o amplo telhado de madeira do poço.					
				Ela abandonou o conforto do fogo na cabana porque, aparentemente, Troncadeiro estava surtando.					
INFO_BIRDEYESCULPTURE	The Scythian			Na campina, avistamos a imponente escultura de um 'pássaro zangado'. #subtlereference			6	014.jpg	F1D48
INFO_MEADOWSHEEP	The Scythian			Na campina, observamos algumas ovelhas inúteis vadiando. #worthlesssheep					
INFO_CABINSHEEP	The Scythian			Outra ovelha inútil, por que continuamos olhando para elas? #worthlesssheep					
INFO_MEADOWSUN	The Scythian			Lembramos vividamente de quão incrível o sol parecia naquele primeiro dia de primavera.					
INFO_MEADOWGATE	The Scythian			Na campina, topamos com um impenetrável portão de ferro que bloqueava uma vasta caverna.					
INFO_MEADOWGATEACTIVE	The Scythian			Na campina, observamos um portão e tivemos a sensação de que talvez pudéssemos abri-lo de alguma forma.					
INFO_MEADOWGATETRIGONACTIVE	The Scythian			Sobre o portão de ferro, distinguimos um troço com a forma do Trígono Dourado. Será que reagiria à nossa Canção da Espadância?					
INFO_MEADOWGATETRIGON	The Scythian			Sobre o portão de ferro, notamos um troço.					
INFO_LOCKEDDOORSTONEWALL	The Scythian			Uma porta trancada no muro de pedra bloqueava o antigo caminho para Mingi Tau e, aparentemente, a chave estava perdida nos sonhos.					
INFO_LOOMINGBIRDSCULPTURES	The Scythian			Na campina, avistamos a imponente escultura de um 'pássaro zangado'. #subtlereference					
INFO_MEADOWSUNSTICK	The Scythian			Na campina, reparamos em um cajado de formato estranho.					
INFO_CABINWELL	The Scythian			Avistamos um poço de construção sólida com um amplo telhado de madeira.					
INFO_UNWELLWELL	The Scythian			O poço soltou um soluço. #unwell #well					
INFO_WELLNESS	The Scythian			Tudo está bem quando acaba bem. #unwell #well #wellness					
INFO_WELLWHITESTAG	The Scythian			VIDA LONGA À 'NOVA CARNE'.					
ARCHETYPE_UNWELLWELLOUTRO	The Archetype								
INFO_CABINCHIMNEY	The Scythian			Diante de uma insondável lagoa, descobrimos uma robusta cabana de pedra com um telhado de palha.					
INFO_CABINWOODPILE	The Scythian			Perto da cabana, encontramos uma pilha de lenha, nada de mais.					
INFO_SPUME	The Scythian			Localizamos as sutis e melódicas espumas de um espírito silvano adormecido. E agora... como despertá-lo?					
INFO_NESTBOX	The Scythian			Descobrimos um ninho curioso, agora lar de uma 'colmeia de escória'.			13	015.jpg	B1C5F
INFO_NESTBOXWEATHERED	The Scythian			Vimos um ninho desgastado com uma inquietante semelhança a um rosto.					
INFO_FLAGPOLELOGBRIDGE	The Scythian			Sobre uma ponte de toras no antigo caminho, erguia-se um sinistro mastro decorado com caveiras.					
INFO_GOLDTRIGONALTAR	The Scythian			Além da vasta caverna na campina, em uma clareira isolada, avistamos um conjunto estranho de estruturas de pedra.					
			Archetype/trifecta	...Era esta a Clareira Trigônica? #trigongrove			93	016.jpg	B1D6J
			triangle/Triangle	Junto à primeira estrutura pensamos no Trígono Dourado e sentimos nossa espada estremecer na bainha.					
INFO_DARKTRIGONALTAR	The Scythian			Na Clareira Trigônica, encontramos outra estrutura de pedra, velha e coberta de musgo. #darkmoontrigon					
				Nos perguntamos o que aconteceria se a golpeássemos com nossa espada.					
INFO_BRIGHTTRIGONALTAR	The Scythian			Na Clareira Trigônica, descobrimos outra estrutura de pedra com um glifo circular que representava a Lua Radiante. #brightmoontrigon					
				Nos perguntamos o que aconteceria se a golpeássemos com nossa espada.					
INFO_STONEHEAD	The Scythian			No Precipício Perigoso, notamos uma escultura de cabeça familiar esculpida na rocha com a boca escancarada.			24	017.jpg	61B76
INFO_STONEHEADSHUT	The Scythian			No Precipício Perigoso, distinguimos uma escultura de cabeça esculpida na rocha que nos parecia familiar.					
INFO_STONEHEADFLAGPOLE	The Scythian			Sobre uma grande escultura esculpida na rocha, erguia-se um sinistro mastro decorado com caveiras ou algo assim.					
INFO_CHASMSTONESHELTER	The Scythian			Perto do Precipício Perigoso, avistamos um impressionante dólmen com dois confortáveis assentos de pedra.			25	018.jpg	O1C8M
INFO_SKULLPOLE	The Scythian			Sobre uma ponte oscilante, erguia-se um sinistro poste decorado com uma caveira galhada.					
INFO_TRIFECTASYMBOL	The Scythian			Sobre a entrada esculpida na rocha do templo da montanha, notamos uma representação pictórica da Tríade Trigônica.					
INFO_MOUNTAINGATE	The Scythian			No interior do templo da montanha, avistamos um impenetrável portão de ferro, além do qual vimos a nublada paisagem montanhosa de Mingi Tau.					
INFO_MOUNTAINGATETRIGON	The Scythian			No interior do templo da montanha, sobre uma passagem alta, notamos três estranhas formas triangulares.					
INFO_MOUNTAINGATETRIGONACTIVE	The Scythian			No interior do templo da montanha, sobre uma passagem alta, distinguimos o símbolo da Tríade Trigônica.					
INFO_CABINRECORD	The Scythian			Dentro da cabana, sobre o fogo, reparamos em um pequeno trambolho redondo. #theballadofthespacebabies			46	019.jpg	P1D99
INFO_CABINHEARTH	The Scythian			Dentro da cabana, o fogo crepitava tranquilamente, proporcionando um calor reconfortante.					
INFO_CABINSEAT	The Scythian			Dentro da cabana, em ambos os lados do fogo, observamos dois rústicos assentos de madeira.					
INFO_GOGOLITHICMASS	The Scythian			Nas trevas sob Mingi Tau, notamos uma caveira galhada a flutuar.					
INFO_MEGATOMBTRIFECTA	The Scythian			Nas trevas sob Mingi Tau, distinguimos uma representação pictórica da Tríade Trigônica.					
INFO_ROCKSHOWGIRL	The Scythian			No show de rock, encontramos Samae e nos pareceu que ela sussurrou algo como 'Fogo, caminhe comigo'.					
INFO_ROCKSHOWSKOLOTOI	The Scythian			No show de rock, notamos um daqueles esqueletos vibrando ao ritmo sinistro.					
INFO_ROCKSHOWJIM	The Scythian			Encabeçando o show de rock, vimos o misterioso músico conhecido como Jim Guthrie.			160	020.jpg	T2G03
INFO_ROCKSHOWBOOR	The Scythian			No show de rock, avistamos o Patife Grisalho exibindo seu estilo nudista.			121	021.jpg	E2G15
INFO_ROCKSHOWCROWD	The Scythian			No show de rock, observamos uma multidão considerável de senhoras e senhores.					
INFO_ROCKSHOWARCHETYPE	The Scythian			No show de rock, distinguimos o personagem conhecido como O Arquétipo e nos perguntamos o que ele estava tramando com tudo isso.					
INFO_TRIGONGROVESKULLSTICK	The Scythian			Um sinistro poste decorado com uma caveira galhada conecta este lugar ao espectro imortal que espreita sob Mingi Tau.					
GRAVE_TRIGONGROVE	The Scythian			Na Clareira Trigônica, além da vasta caverna na campina, uma tumba solitária despertou nossa curiosidade.					
GRAVE_TRIGONGROVEGHOST	The Scythian			Na Clareira Trigônica, além da vasta caverna na campina, junto a uma tumba solitária, um fantasma resplandecente nos recebeu.					
				A bem da verdade, nos assustou bastante no início.			96	022.jpg	T2B2H
			adventureUI/megatomeItem	Ao ver nossa vestimenta citiana e o Megatomo, perguntou se entendíamos seus enigmáticos símbolos.					
				Num sussurro, ele pronunciou o nome do espectro imortal que havíamos despertado nas trevas sob Mingi Tau: a Massa Gogolítica.			166	023.jpg	O2B39
				Conhecíamos esse nome temível das velhas histórias e sentimos nosso sangue gelar.					
				"""Até agora, tive a impressão de que a Massa Gogolítica não te levava a sério."""					
			triangle/Triangle	"""Agora que você aprendeu a Canção da Espadância e dominou o Trígono Dourado, cada passo seu estará amaldiçoado."""					
				Não ficou claro se o fantasma nos animava ou tentava nos assustar.					
				Revelamos ao fantasma nossa intenção de detonar o Megatomo no topo de Mingi Tau e libertar a Massa Gogolítica de sua imortalidade.					
			Archetype/trifecta	Perguntamos a ele sobre a Tríade Trigônica e a localização dos trígonos restantes, mas sua resposta foi irritantemente ambígua.					
				"""Os trígonos restantes existem apenas nos sonhos dos montanheses do Cáucaso."""			43	024.jpg	82E45
				"""Localizar os trígonos restantes não é uma questão de onde, mas de quando e como."""					
				Sem dúvida, o fantasma resplandecente disse muitas coisas confusas que não ajudaram em nada.					
GRAVE_LOGBRIDGE	The Scythian			Em um matagal à beira do antigo caminho, umas tumbas despertaram nossa curiosidade.					
GRAVE_LOGBRIDGEGHOST	The Scythian			Em um matagal à beira do antigo caminho, junto a umas tumbas, conhecemos alguns fantasmas que pareciam amigáveis.			116	025.jpg	62B55
				O fantasma resplandecente que falou era um gigante que conhecíamos das velhas histórias, cujo famoso retrato exigia obediência. #andre					
			Archetype/trifecta	"""No ano passado, antes das festas de Yule, juntei a galera e partimos para remontar a Tríade Trigônica."""					
				"""Tínhamos ouvido falar da entrada para o Remoinhado Infinito no topo de Mingi Tau e achamos que seria algo legal de se ver."""					
			triangle/Triangle	"""Enfim, domamos o Trígono Dourado e demos uma olhada na Clareira Trigônica antes de sair para procurar o Trígono da Lua Radiante."""					
				"""Achar o Trígono da Lua Radiante não deu muito certo... nos perdemos totalmente, pra ser sincero."""					
				"""Aos poucos, percebemos a importância do ciclo lunar e sua influência nos espíritos que dormem nos reinos do crepúsculo."""					
				"""Então nos sentamos aqui para observar o humor da lua e aprender quando estar onde e como."""			7	026.jpg	Q2D6P
				"""Morremos de tédio esperando que o humor da lua mudasse."""					
				"""Bem, na verdade, morremos por causa de uma briga que tivemos por puro tédio."""					
				"""Prefiro não entrar em detalhes, se não se importar."""					
				"""Acontece que um de nós era um trapaceiro inveterado, e o pegamos com a boca na botija."""					
				"""Estourou uma briga e o trapaceiro fugiu pelo antigo caminho em direção ao Precipício Perigoso."""					
				"""Ficamos ali pensando no que fazer... quando, de repente, a Massa Gogolítica apareceu... credo!"""			113	027.jpg	62B75
GRAVE_CHASM	The Scythian			Ao fio do Precipício Perigoso, uma tumba solitária despertou nossa curiosidade.					
GRAVE_CHASMGHOST	The Scythian			Ao fio do Precipício Perigoso, junto à tumba solitária do trapaceiro inveterado, conhecemos um velho fantasma resplandecente.					
			Archetype/trifecta	"""No ano passado, antes das festas de Yule, André, 'O Gigante', juntou a galera e partimos para remontar a Tríade Trigônica."""					
				"""Os outros membros da galera foram enterrados em um matagal à beira do antigo caminho, junto à ponte de toras."""					
			triangle/Triangle	"""Localizamos e domamos o Trígono Dourado com bastante facilidade, mas depois disso ficamos completamente parados."""					
				"""Procuramos pelo Trígono da Lua Radiante, então decidimos nos sentar e observar o céu, esperando o humor da lua mudar."""					
				"""Foi super chato. Eu não estava disposto a esperar dias e dias até que a Lua Radiante pairasse."""					
				"""Deixei esses otários vagarem sem rumo enquanto eu mergulhava mais a fundo esta armadilha lógico-lunar."""					
				O velho fantasma resplandecente contou que trapaceou ao sair de S:S&S EP e alterar a data e hora de seu dispositivo.					
				Descreveu o quão incômodo foi o processo, mas nos disse que isso lhe permitiu alterar o humor da lua!					
				"""O fato é que desde que trapaceei, fiquei com um remorso à flor da pele e, para falar a verdade, acabei morrendo de vergonha."""					
GRAVE_HOLLOW	The Scythian			Dentro de uma titânica árvore oca, uma tumba solitária despertou nossa curiosidade.					
GRAVE_HOLLOWGHOST	The Scythian			Dentro de uma titânica árvore oca, junto a uma tumba solitária, um fantasma audacioso surgiu cantando uma rima maluca.			117	028.jpg	E2A80
				"""Observe o humor da lua sem hesitar, e saberá quando estar, onde agir e como lá chegar."""					
				"""E fique tranquilo, não quero assustar ninguém; é que brilhar assim faz parte de quem sou também."""					
GRAVE_HOLLOWGHOSTSPRITES	The Scythian			Dentro de uma titânica árvore oca, junto a uma tumba solitária, um fantasma audacioso surgiu cantando uma rima maluca.			117	028.jpg	E2A80
				"""Atrás de ti, no caminho encoberto, encontre as espumas melódicas com olhar desperto."""					
				"""Cinco espíritos silvanos envie ao céu em ascensão; obrarão um milagre de fulgor e amplidão, e o Trígono buscado virá em revelação."""					
GRAVE_HOLLOWGHOSTTRIGON	The Scythian			Dentro de uma titânica árvore oca, junto a uma tumba solitária, um fantasma audacioso surgiu para nos contar algumas coisas.			117	028.jpg	E2A80
				"""Busque um sinal dos espíritos silvanos e entoe a Canção da Espadância no local para revelar um trígono oculto."""					
GRAVE_HOLLOWGHOSTTRIGONCOMPLETE	The Scythian			Dentro de uma titânica árvore oca, junto a uma tumba solitária, um fantasma audacioso surgiu para nos contar algumas coisas.			117	028.jpg	E2A80
				"""A canção do trígono terminou por enquanto. Pergunto-me quando a ouvirei novamente."""					
LOGFELLA_LOSTKEY	The Scythian			O lenhador aflito conhecido como Troncadeiro surtava totalmente.					
			AdventureUI/keyItem	Parece que ele perdeu a chave da porta trancada no muro de pedra que bloqueia o antigo caminho para Mingi Tau.					
				E pensamos, com um suspiro: 'Outra missão de busca? Fala sério, né?'.					
				Ele nos contou que estava sentado bem ali quando caiu em um profundo sono.					
			AdventureUI/keyItem	Troncadeiro nos explicou que achava ter perdido sua chave no reino crepuscular dos sonhos.					
				Já tínhamos ouvido falar dos estranhos sonhos dos montanheses do Cáucaso de cabelo escuro, então isso fez todo o sentido para nós.					
				Troncadeiro nos convidou para aquecer nossas botas junto ao fogo para sonhar ao seu lado.			63	029.jpg	U2C92
ARCHETYPE_LOSTKEYTHOUGHTS	The Archetype			Pensamos na vigília e na psicocosmologia mitopoética dos sonhos como estados separados, mas eles interagem de forma curiosa.					
				O limiar da liminaridade é um espaço entre a vigília e os sonhos onde o pensamento direcionado é impossível.			56	030.jpg	13A0A
				Procure um lugar acolhedor e deixe o sono envolvê-lo para descobrir o limiar da liminaridade.					
ARCHETYPE_LOSTKEYCLUE	The Archetype		AdventureUI/keyItem	Que tal sentar-se junto ao fogo na cabana e atravessar o limiar da liminaridade para encontrar a chave perdida de Troncadeiro?			55	031.jpg	23C1X
GIRL_LOSTKEYTHOUGHTS	Girl	AdventureUI/tweetIconGourd		Nossa, o Troncadeiro está surtando... O que será que ele tem? Melhor eu sair e deixá-lo em paz.					
				Vi A Citiana entoar a Canção da Espadância e enviar três espíritos silvanos ao céu. Será que eles ajudarão a dissipar a tempestade?					
LOGFELLA_MORELOSTKEYTHOUGHTS	Logfella			Espero que A Citiana possa encontrar minha chave... eu a perdi na margem arenosa de um aprazível lago.			62	032.jpg	U3A20
LOGFELLA_LOSTKEYTHOUGHTS	Logfella			Ah, que pena, como odeio essa chuva... Como odeio ter as botas molhadas... Como queria voltar a cortar lenha.					
				Droga! Onde foi parar minha chave? Estou tão chateado e envergonhado que não consigo me acalmar!					
LOGFELLA_FOUNDKEY	The Scythian		AdventureUI/keyItem	Troncadeiro sentiu-se aliviado de verdade por termos recuperado sua chave perdida do reino crepuscular dos sonhos.					
				O lenhador quis saber como nos tornamos tão espertos e perguntou sobre nossa funesta missão.					
				Contamos a ele como crescemos nas estepes ao lado de nossas valentes irmãs e irmãos cítios.					
				Explicamos a Troncadeiro por que vagávamos por aquela montanha deserta e como éramos guiados pelo dedo de um Deus onisciente.					
			adventureUI/megatomeItem	Revelamos também o que suspeitávamos que os enigmáticos símbolos dentro do Megatomo poderiam significar.					
			gourd/gourd	Intuíamos que ainda precisávamos despertar mais alguns espíritos silvanos para dissipar a tempestade.			104	033.jpg	W3D3G
			triangle/Triangle	Em um sussurro, falamos de nossa intenção de encontrar e domar a geometria cósmica conhecida como o Trígono Dourado.					
				Mas ficou claríssimo que o lenhador já não prestava atenção.					
			AdventureUI/keyItem	Decidimos ficar com a chave e seguir pelo antigo caminho, além do muro de pedra.					
LOGFELLA_FOUNDKEYWAKEUP	The Scythian		AdventureUI/keyItem	Perguntamos ao lenhador se podíamos ficar com a chave e ele achou legal.					
GIRL_FOUNDKEY	The Scythian			Em uma trilha lateral, encontramos Samae, completamente encharcada pela chuva.					
			gourd/gourd	Ela ouvira as sutis e melódicas espumas dos espíritos silvanos além do muro de pedra, no antigo caminho para Mingi Tau.					
			gourd/gourd	Falou de altíssimas árvores que ladeavam um impetuoso rio.					
			gourd/gourd	Mencionou arco-íris tênues que surgiam à beira do Precipício Perigoso.					
			adventureUI/megatomeItem	...E então, receosa, sugeriu que consultássemos o Megatomo caso nos sentíssemos perdidos ou desorientados.					
LOGFELLA_FOUNDKEYTHOUGHTS	Logfella			Tudo bem A Citiana ficar com a chave, se for para dissipar a tempestade.					
				Devo ter dormido em algum momento durante a épica história que A Citiana contou. É que não aguento muito folclore.					
				Perguntei na lata para A Citiana sobre sua funesta missão... ela começou a falar sobre estepes e o dedo de Deus.					
GIRL_FOUNDKEYTHOUGHTS	Girl			Mais um ou dois espíritos silvanos enviados ao céu dissiparão a tempestade incessante... e então a época dos milagres começará! #miracles			129	034.jpg	33A44
GIRL_SUPERMOTHERTREE	Girl			Ao caminhar em sonhos, há uma calma emocionante quando a lua brilha mais... e quando está escura, as florestas se tornam selvagens.					
				Nos sonhos, os lugares e espaços são sempre os mesmos, exceto quando variam de acordo com o humor da lua.					
				Todas as noites desde que a tempestade se dissipou, tenho tido o mesmo sonho em que caminho pela floresta pouco antes do amanhecer.					
ARCHETYPE_TREEHINT	The Archetype			Lembre-se de que o consumo de cogumelos florestais pode oferecer certa perspectiva dos fenômenos criptozoológicos e coisas do tipo.					
				Busque as melódicas espumas dos espíritos silvanos e investigue seu entorno.					
				Uma vez que tenha iniciado a Canção da Espadância, você pode tocar a aura e deslizar (ou usar as setas) para olhar ao seu redor.					
ARCHETYPE_TREEHINT_NINSWITCH	The Archetype			Lembre-se de que o consumo de cogumelos florestais pode oferecer certa perspectiva dos fenômenos criptozoológicos e coisas do tipo.					
				Busque as melódicas espumas dos espíritos silvanos e investigue seu entorno.					
				Uma vez que tenha iniciado a Canção da Espadância, você pode tocar a aura e deslizar para olhar ao redor.					
ARCHETYPE_MUSHROOMHINT	The Archetype			Também foi afirmado que cogumelos adivinhatórios podem ter desempenhado um papel importante no desenvolvimento da psique humana.					
				Evidências arqueológicas indicam que o uso xamânico de cogumelos para comunhão religiosa, adivinhação e cura é bastante antigo.					
				Fisiologicamente, é possível experimentar sensações de bem-estar e percepções ampliadas, redução do estresse e perda de apetite.					
				Os cogumelos da floresta podem oferecer certa perspectiva sobre o paradeiro de um espírito silvano e seus peculiares gatilhos.			60	035.jpg	53A5Y
ARCHETYPE_TRIGONGROVE	The Archetype			Sente? Começa a entender? Os símbolos esotéricos do Megatomo agora ganham um novo significado?					
				Este facho conecta o mundo dos vivos ao dos mortos, então talvez você conheça algum fantasma com quem conversar em suas jornadas.					
				Fui informado de que você ativou o primeiro facho celestial na Clareira Trigônica.					
GIRL_CABINSHEEP	The Scythian			Perguntamos a Samae sobre as ovelhas inúteis que estavam vadiando na cabana e ela comentou que elas se assustaram há um tempo.					
			gourd/gourd	Contamos a Samae que havíamos enviado cinco espíritos silvanos ao céu e ela nos disse que talvez a época dos milagres estivesse próxima.					
				Supomos que talvez devêssemos investigar a campina onde as ovelhas costumavam vadiar.					
LOGFELLA_CABINSHEEP	The Scythian			Troncadeiro sentia que a época dos milagres havia chegado e se perguntava se algo incrível estava prestes a acontecer.			79	036.jpg	V3G62
GIRL_CABINSHEEPTHOUGHTS	Girl			A chuva parou! Será que a tempestade está começando a se dissipar? Tomara que sim.					
				Essa tempestade toda estava me afetando muito. Estava tudo tão lúgubre!					
LOGFELLA_CABINSHEEPTHOUGHTS	Logfella			Hmm... Senti um frio na espinha... Com certeza algo está acontecendo... A tempestade está começando a se dissipar?					
				Sempre que preciso recuperar as forças, sento-me junto ao fogo para aquecer minhas botas.					
DOGFELLA_CABINSHEEPTHOUGHTS	Dogfella			Au Au Au Au Au Au Au Au. #stillbarking #miracles			84	037.jpg	V3C7I
ARCHETYPE_MEADOWHINT	The Archetype			Uma vez que o sol estiver alinhado, você receberá o dom de dobrar a realidade do grande mago 'Al Jaffee'.					
				Sente essa vibração estranha? É a época dos milagres! Entoe a Canção da Espadância e olhe para os imponentes 'Angry Birds'.			76	038.jpg	A3G84
ARCHETYPE_MEADOWHINTTWO	The Archetype			Olhe para o céu em busca de certa perspectiva sobre o funcionamento deste milagre da campina e admire o Trígono Dourado.					
ARCHETYPE_SIDE_B	The Archetype	AdventureUI/tweetIconInfo		Hmm... interessante como você lidou com aquele encontro com o canibal de cabeça de urso.			120	039.jpg	O3G9D
				Não, não se preocupe, está tudo bem, é apenas curioso. Eu nunca tinha visto alguém fazer o que você fez. É excepcional, mas não se alarme.					
				Bem, vamos continuar. Ainda há muitas coisas para você aproveitar em sua experiência com S:S&S EP, especialmente no Lado B.					
ARCHETYPE_GOLDTRIGONHINTONE	The Archetype			Para domar o Trígono Dourado, você deve sobreviver aos três movimentos de sua canção bizarra, usando uma mistura de ataque e defesa.					
				É absolutamente fundamental que você segure o botão do escudo sempre que puder para recuperar sua força perdida.					
				Vejo que você já invocou e tentou domar o Trígono Dourado. Tenho algumas coisas para te contar que acredito que serão úteis.					
ARCHETYPE_GOLDTRIGONHINTTWO	The Archetype			Rebata os ataques de projéteis psiônicos do Trígono com sua espada e espere a oportunidade para esquivar de seus ataques de raio.			83	040.jpg	34E01
				A inescrutável lógica do Trígono Dourado ceifou as almas de todos que vieram antes... eles não tinham tenacidade e coragem.					
ARCHETYPE_GOLDTRIGONHINTTHREE	The Archetype			O Trígono Dourado deve ser domado, não há outra opção.					
				No terceiro padrão, você deve rebater os pequenos projéteis triangulares com sua espada e esquivar dos ataques de raio.					
				No segundo padrão, espere pelo ataque carregado e pressione o botão do escudo no momento adequado para esquivar.					
				No primeiro padrão, você deve brandir sua espada para devolver a bola de energia.					
ARCHETYPE_BRIGHTTRIGONHINTONE	The Archetype			Talvez tenha notado que o Trígono da Lua Radiante chove morte... espere o momento certo e pressione o escudo para esquivar.			144	041.jpg	84E11
ARCHETYPE_BRIGHTTRIGONHINTTWO	The Archetype			O padrão final do Trígono da Lua Radiante exigirá que você branda sua espada contra os projéteis e esquive dos ataques de raio carregado.					
ARCHETYPE_DARKTRIGONHINTONE	The Archetype			Você pode já ter encontrado o odioso ataque de arco-íris do Trígono da Lua Sombria. Fatie aquele arco-íris sem dó.					
ARCHETYPE_DARKTRIGONHINTTWO	The Archetype			O padrão final do Trígono da Lua Sombria envolve projéteis triangulares, sutis e furtivos. Destrua-os e você sobreviverá.					
ARCHETYPE_MEGATOMEOUTRO	The Archetype	AdventureUI/tweetIconBabelBook		Então você despertou o espectro imortal que espreitava nas trevas sob Mingi Tau... Credo!					
				Consequentemente, uma sinistra tempestade paira ameaçadora e as pessoas adoráveis que vivem na cabana de pedra estão desoladas.					
			adventureUI/megatomeItem	A boa notícia é que você tem um pesado livro conhecido como o Megatomo. Em nossa próxima sessão, falaremos sobre seu estranho propósito.					
				Nossa pesquisa mostra que a exposição prolongada à psicocosmologia mitopoética de S:S&S EP pode causar efeitos adversos.					
				Agora que você completou a Sessão I, que tal uma pausa? Estarei aqui quando você quiser começar a Sessão II.					
ARCHETYPE_GOLDMASTERINTRO	The Archetype	AdventureUI/tweetIconBabelBook							
				É bom te ver novamente. Vamos começar a Sessão II de S:S&S EP?					
			adventureUI/megatomeItem	Ótimo, onde estávamos? Ah, sim, já me lembro, você conseguiu um pesado livro conhecido como o Megatomo.					
				Você despertou o espectro imortal que ainda espreita nas trevas sob Mingi Tau. Que sujeito bizarro, né?			204	042.jpg	24B2J
				São tempos de angústia: uma sinistra tempestade cobriu o céu e as pessoas adoráveis que vivem na cabana estão desoladas.					
				Desfazer a tempestade exigirá algum conhecimento em psiônica, criptozoologia e milagres...					
			adventureUI/megatomeItem	1. O toque de um espadancista liberará o Megatomo, revelando os pensamentos não expressos das criaturas vivas e outros materiais esotéricos.					
			gourd/gourd	2. Estranhos espíritos silvanos, fontes de Espadância, dormem em lagos, florestas e campinas. Procure por suas sutis e melódicas espumas.					
			triangle/Triangle	3. O espadancista que puder localizar, convocar e domar a geometria cósmica do Trígono Dourado possuirá a habilidade de obrar milagres.					
				Sente confusão? Palma, palma, não priemos cânico!			210	043.jpg	A4C31
ARCHETYPE_GOLDMASTEROUTRO	The Archetype		triangle/Triangle	Excelente! Você localizou e dominou a geometria cósmica do Trígono Dourado.			86	044.jpg	24E4H
				Milagrosamente, a sinistra tempestade se dissipou e o glorioso sol voltou ao reino, isso é realmente incrível.					
				Suas heroicidades refletem bem sua percepção, intuição e perseverança. Você se saiu muito bem até agora!					
				Observação: Se você decidir continuar com o experimento S:S&S EP, essas qualidades mencionadas anteriormente serão desafiadas e avaliadas.					
				De qualquer forma, vamos fazer outra pequena pausa, tudo bem? Como sempre, estarei aqui quando você quiser começar a Sessão III.					
ARCHETYPE_TRIFECTAINTRO	The Archetype								
				Vamos começar com a Sessão III. Observação: Esta sessão geralmente leva um mês lunar para ser concluída.					
			triangle/Triangle	Então, você domou o Trígono Dourado e a tempestade dissipou-se milagrosamente? Bravo!					
			adventureUI/megatomeItem	Consulte o Megatomo e estude seu funcionamento se você se perder ou sentir confusão.					
				O espectro imortal ainda espreita nas trevas sob Mingi Tau.					
			Archetype/trifecta	Considere a geometria cósmica da Tríade Trigônica.					
			MoonCrescent/moonCrescent	Observe o humor da lua.			118	045.jpg	Y4E5Q
				Nossa pesquisa demonstra que os poucos que persistem em meio à loucura oblíqua subsequente podem se tornar amigos cósmicos para sempre.					
				Advertimos que, daqui em diante, estaremos monitorando suas ações em relativo silêncio.					
ARCHETYPE_TRIFECTAOUTRO	The Archetype		Archetype/trifecta	Então você dominou os dois trígonos restantes e reconstruiu a Tríade Trigônica?			165	046.jpg	P4B6A
			Archetype/trifecta	Você é especial e por isso mesmo eu te aprecio tanto.					
				Foi um ato de grande bravura e generosidade oferecer A Citiana como mártir no topo de Mingi Tau.					
				Sério, estamos em dívida com você.					
				Só resta arrastar A Citiana até o topo e contemplar o Remoinhado Infinito.					
				Tenha coragem, o fim está próximo!					
ARCHETYPE_GHOULINTRO	The Archetype								
				Bem, aqui estamos. Esta breve sessão marcará o fim do tratamento de S:S&S EP.					
				A funesta missão de A Citiana está quase cumprida.					
				Infelizmente, A Citiana teve seu corpo e psique gravemente enfraquecidos pela Espadância; ela está à beira da morte.			162	047.jpg	J4F7B
			Archetype/trifecta	Tudo o que resta é revelar os segredos da Clareira Trigônica e subir o Megatomo ao Remoinhado Infinito no topo de Mingi Tau.					
				Pressione 'jogar' apenas se tiver a coragem de testemunhar o terrível tormento do martírio.					
END	The Scythian			No topo de Mingi Tau, detonamos o Megatomo e o precipitamos no Remoinhado Infinito.					
END_CHEAT	The Scythian			No topo de Mingi Tau, subimos o Megatomo à segurança eterna do Remoinhado Infinito. #cheat					
END_CHEAT_NOBOOR	The Scythian			No topo de Mingi Tau, subimos o Megatomo à segurança eterna do Remoinhado Infinito. #cheat #noboor					
END_CHEAT_PSYCHO	The Scythian			No topo de Mingi Tau, subimos o Megatomo à segurança eterna do Remoinhado Infinito. #cheat #psycho					
END_CHEAT_LOVE	The Scythian			No topo de Mingi Tau, subimos o Megatomo à segurança eterna do Remoinhado Infinito. #cheat #love			202	048.jpg	D4A81
END_MOONGROTTO_PSYCHO	The Scythian			No topo de Mingi Tau, subimos o Megatomo à segurança eterna do Remoinhado Infinito. #moongrotto #psycho			180	049.jpg	74D9P
END_MOONGROTTO_LOVE	The Scythian			No topo de Mingi Tau, subimos o Megatomo à segurança eterna do Remoinhado Infinito. #moongrotto #love			176	050.jpg	Y5F0P
END_HONEST_PSYCHO	The Scythian			No topo de Mingi Tau, subimos o Megatomo à segurança eterna do Remoinhado Infinito. #honest #psycho			179	051.jpg	M5C1H
END_HONEST_LOVE	The Scythian			No topo de Mingi Tau, subimos o Megatomo à segurança eterna do Remoinhado Infinito. #honest #love			177	052.jpg	55E2B
END_HONEST_NOBOOR	The Scythian			No topo de Mingi Tau, subimos o Megatomo à segurança eterna do Remoinhado Infinito. #honest #noboor			178	053.jpg	75G3V
GIRL_GHOULTHOUGHTS	Girl			A Citiana sabe que é possível deter a Massa Gogolítica tocando sua caveira com Espadância? Provavelmente não.					
				Espero que A Citiana saiba que deve manter pressionado o caminho para se remexer, remexer bem rapidinho... se não o fizer, estará frita.					
				Onde estou? O que aconteceu? A última coisa que me lembro é de estar caminhando em sonhos pela floresta quando vi uma luz rosa perturbadora.					
LOGFELLA_GHOULTHOUGHTS	Logfella			A Citiana continua falando sobre sua funesta missão de abrir uma entrada para o Remoinhado Infinito no topo de Mingi Tau.					
				Tudo tem sido uma loucura lunática desde que A Citiana apareceu há muitas luas.					
LOGFELLA_GHOUL	The Scythian			Perto da Clareira Trigônica, acordamos atordoados de um profundo sono, com Troncadeiro ao nosso lado.			88	054.jpg	J5D44
				Ele nos contou que Samae havia desaparecido na noite anterior.					
				O lenhador sabia que nosso fim estava próximo e que precisávamos voltar a Mingi Tau para cumprir nossa funesta missão.					
LOGFELLA_TRIGONGROVETIPS	The Scythian			Troncadeiro nunca tinha visto a Clareira Trigônica antes e se perguntava do que se tratava tudo aquilo.					
LOGFELLA_TRIFECTATIPS	The Scythian			A desolação pela ausência de Samae tomava conta de Troncadeiro.					
				Dissemos a ele que sabíamos onde ela poderia estar e que logo resolveríamos as coisas.					
				Olhou para a plataforma próxima e nos agradeceu antecipadamente por toda essa história de martírio.					
URSULA_AVATAR			Ursula/idleSEhandsonhip						
DOG_AVATAR			AdventureUI/dudeDogfellaIdle1						
AMPHITHEATRE_LEFT	The Scythian	AdventureUI/tweetIconInfo		Esses dois malucos afirmavam ser parte dos criadores deste mundo estranho.			159	055.jpg	A5G55
AMPHITHEATRE_RIGHT	The Scythian	AdventureUI/tweetIconInfo		Esses dois excêntricos afirmavam ser parte dos criadores deste mundo estranho.			159	055.jpg	A5G55
GOURD_MOUNTAINMEADOW	The Scythian	AdventureUI/tweetIconGourd	gourd/gourd	Despertamos um espírito silvano na fértil terra de uma campina habitada por quatro pares de ovelhas inúteis.			52	056.jpg	15B63
GOURD_CABIN	The Scythian	AdventureUI/tweetIconGourd	gourd/gourd	Entoamos a Canção da Espadância e despertamos um espírito silvano das frescas águas de uma insondável lagoa, que estranho!			50	057.jpg	G5F78
GOURD_UPSLOPEWOODSONE	The Scythian	AdventureUI/tweetIconGourd	gourd/gourd	Despertamos um espírito silvano em um ninho curioso, cercado por três encharcados pássaros cantores.					
GOURD_UPSLOPEWOODSTWO	The Scythian	AdventureUI/tweetIconGourd	gourd/gourd	Despertamos um espírito silvano junto a uma impávida ponte de toras, onde quatro pares de árvores ladeam um impetuoso rio.					
GOURD_UPSLOPEWOODSFOUR	The Scythian	AdventureUI/tweetIconGourd	gourd/gourd	Despertamos um espírito silvano entre dois odiosos arco-íris à beira do Precipício Perigoso.					
GOURD_WATERFALLS	The Scythian	AdventureUI/tweetIconGourd	gourd/gourd	Enquanto a Lua Sombria reina, despertamos um espírito silvano cercado por cinco cachoeiras.					
GOURD_MOUNTAINTOP	The Scythian	AdventureUI/tweetIconGourd	gourd/gourd	Enquanto a Lua Sombria reina, despertamos um espírito silvano entre a mata no alto de um rochedo.					
GOURD_SECRET2_STONESHELTER	The Scythian	AdventureUI/tweetIconGourd	gourd/gourd	Enquanto a Lua Radiante paira, despertamos um espírito silvano em uma clareira isolada onde Jim Guthrie estava por acaso.			132	058.jpg	G5F8U
GOURD_MOUNTAINLAKESHORE	The Scythian	AdventureUI/tweetIconGourd	gourd/gourd	Enquanto a Lua Radiante paira, despertamos um espírito silvano nas tranquilas águas de um lago onde uma pata-mãe estava em pânico.					
GOURD_LAKESHOREBUNNYSTRAIGHTAWAY	The Scythian	AdventureUI/tweetIconGourd	gourd/gourd	Enquanto a Lua Radiante paira, despertamos um espírito silvano onde o reflexo do lago era um pouco incongruente.			127	059.jpg	65D98
GOURD_LAKESHORELAKE	The Scythian	AdventureUI/tweetIconGourd	gourd/gourd	Enquanto a Lua Radiante paira, despertamos um espírito silvano em um aprazível lago sob um terceto de corujas.					
GOURD_PINKCOLLECTED	The Scythian	AdventureUI/tweetIconGourd	Archetype/trifecta	Temos a peculiar sensação de que, talvez, só talvez, seja a época dos milagres. #miracles					
GOURD_MOUNTAINSIDE	The Scythian	AdventureUI/tweetIconGourd	gourd/gourd	Enquanto a Lua Sombria reina, despertamos um espírito silvano cercado por três pequenas cachoeiras.					
GOURD_SECRET1_FOOTOFMOUNTAIN	The Scythian	AdventureUI/tweetIconGourd	gourd/gourd	Enquanto a Lua Sombria reina, despertamos um espírito silvano cercado por quatro pequenas e redondas árvores nas florestas mais escuras.					
GOURD_BRISKLYWALKING	The Scythian	AdventureUI/tweetIconGourd	gourd/gourd	Enquanto a Lua Sombria reina, despertamos um espírito silvano entre a mata do outro lado do lago.					
GOURD_HUGETREE	The Scythian	AdventureUI/tweetIconGourd	gourd/gourd	Enquanto a Lua Radiante paira, despertamos um espírito silvano espreitando na raiz de uma titânica árvore.					
GOURD_BLUECOLLECTED	The Scythian	AdventureUI/tweetIconGourd	Archetype/trifecta	Temos essa peculiar sensação de que talvez estejamos na época dos milagres. Onde estão meus milagres? #miracles			77	060.jpg	86D06
GCLUE_MOUNTAINMEADOW	Dogfella	AdventureUI/tweetIconGourd		Au Au Au Au Au Au. #barking			135	061.jpg	M6F1I
				Au Au Au. #justbarking					
				Às vezes, eu me canso de latir o tempo todo, mas um cachorro tem que fazer o que um cachorro tem que fazer.					
				Au Snif Au. #mixingitup					
				Au Au Au Au Au Au.					
GCLUE_UPSLOPEWOODSONE	Girl	AdventureUI/tweetIconGourd		Há algo estranho no comportamento de A Citiana; parecia controlada por uma força invisível.					
				Gostaria de saber mais sobre A Citiana e sua épica história, aposto que então tudo faria sentido.					
GCLUE_UPSLOPEWOODSTWO	Logfella	AdventureUI/tweetIconGourd		Espero que A Citiana esteja se dedicando à questão dos espíritos silvanos.					
				Essa tempestade está me afetando muito, me faz desejar que os videogames existissem no... no momento em que se supõe que estamos.					
GCLUE_UPSLOPEWOODSFOUR	Girl	AdventureUI/tweetIconGourd		Tudo tem sido uma loucura lunática desde que A Citiana apareceu.			3	062.jpg	36E2Z
GCLUE_YELLOWCOLLECTED	Girl	AdventureUI/tweetIconGourd		Essa tempestade toda estava me afetando muito. Estava tudo tããão lúgubre!					
				A chuva começou a diminuir e o céu parece estar clareando... Será que é a época dos milagres? Espero que sim, eu adoro milagres.					
				Uau... O quê? As ovelhas na campina estão assustadas... Eu me pergunto o que acontece, poderia ser... O Trígono Dourado?					
GCLUE_MOUNTAINTOP	Dogfella	AdventureUI/tweetIconGourd		Au Au Au.					
				Às vezes, quando as coisas estão muito escuras para mim, eu como algo e vejo até o que não está lá.					
				Au Au Au Au Au.					
GCLUE_SECRET2_STONESHELTER	Logfella	AdventureUI/tweetIconGourd		Eu tenho essa cançãozinha na minha cabeça... uma música alegre e triste que me enche de um medo estranho e bonito.					
GCLUE_MOUNTAINLAKESHORE	Dogfella	AdventureUI/tweetIconGourd		Eu sei que você está tentando evitar sua funesta missão, mas saiba disso: o tempo é uma força e certamente seguirá seu curso.					
				Au Au Au. Snif.					
GCLUE_LAKESHOREBUNNYSTRAIGHTAWAY	Dogfella	AdventureUI/tweetIconGourd		E depois há os desconhecidos desconhecidos: aquilo que não sabemos que não sabemos.					
				Existem os desconhecidos conhecidos: coisas que sabemos que não sabemos.			32	063.jpg	L6E31
				Au Au Au.					
GCLUE_LAKESHORELAKE	Logfella	AdventureUI/tweetIconGourd		Meus troncos guardam muitos segredos sobre espíritos silvanos e ilhas impossíveis. Infelizmente, não falo Tronquês.					
				Pela minha experiência, às vezes as corujas 'não são o que parecem', enquanto outras vezes são apenas corujas comuns.			126	064.jpg	86A47
GCLUE_PINKCOLLECTED	The Archetype	AdventureUI/tweetIconGourd		Talvez você já tenha ouvido falar de uma ilha impossível sob a Lua Radiante... talvez tenha lido sobre isso na internet?			134	065.jpg	H6A5I
				Estivemos monitorando suas ações em silêncio e queremos ressaltar que, quanto mais você hesitar, menor será a comemoração.					
				Parece que você progrediu bastante em seu esforço para localizar e domar o Trígono da Lua Radiante. Muito bem feito!					
GCLUE_MOUNTAINSIDE	Girl	AdventureUI/tweetIconGourd		Os espíritos silvanos são filhos da Mãe Terra ou são visitantes solitários do Remoinhado Infinito?					
				Para ser honesta, os espíritos silvanos me dão calafrios. Quero dizer... O que são eles? De onde eles vêm?					
GCLUE_SECRET1_FOOTOFMOUNTAIN	Dogfella	AdventureUI/tweetIconGourd		Quando os espíritos forem enviados para o céu e a época dos milagres estiver sobre você, deve procurar a titânica árvore.					
				Eu sei que você sabe o que eu sei e quero que saiba que você está completamente certo.			109	066.jpg	F6D6H
				Au Au Au Snif Au Au Au.					
GCLUE_BRISKLYWALKING	Dogfella	AdventureUI/tweetIconGourd		Somente o fim da sua funesta missão trará a paz de volta às nossas vidas.					
				Apenas a Tríade Trigônica permitirá que você compreenda os segredos da Clareira Trigônica.					
				O Remoinhado Infinito no topo de Mingi Tau te espera.					
				Au Au Au. #barking					
GCLUE_WATERFALLS	Girl			Você já percebeu que às vezes as palavras soam apenas como ruído, mas outras vezes o ruído produz o som mais bonito?			132	058.jpg	G5F8U
GCLUE_HUGETREE	Logfella	AdventureUI/tweetIconGourd		Existem muitos ditados estranhos aqui entre os montanheses do Cáucaso.					
				Há um ditado aqui no Cáucaso que diz que uma floresta precisa do fogo assim como o fogo precisa da árvore.					
YELLOWTRIGON_COLLECTED	The Scythian			Domamos o Trígono Dourado. Somos os maiores!			85	067.jpg	36G7U
PINKTRIGON_COLLECTED	The Scythian			Contra todas as probabilidades, conseguimos o Trígono da Lua Radiante.			155	068.jpg	56F8U
BLUETRIGON_COLLECTED	The Scythian			Apesar de tudo, conquistamos o Trígono da Lua Sombria.			112	069.jpg	T6G94
GCLUE_BLUECOLLECTED	Girl	AdventureUI/tweetIconGourd		Parece que todos os espíritos da Lua Sombria foram enviados ao céu, então é novamente a época dos milagres. Eu adoro milagres!					
JIM_HINT1_OFF	The Scythian			Em uma clareira isolada, encontramos um misterioso músico ao lado de uma fogueira crepitante.					
JIM_PINKDAWN	The Scythian			Em uma clareira isolada, encontramos um misterioso músico ao lado de uma fogueira crepitante. #jimguthrie					
JIM_BRIGHTMOON	The Scythian			Enquanto a Lua Radiante paira, junto a uma fogueira crepitante conhecemos um misterioso músico que se apresentou como Jim Guthrie.			128	070.jpg	07G00
JIM_POSTSWORCERY	The Scythian			O misterioso músico conhecido como Jim Guthrie testemunhou nossa Espadância e não pareceu se importar.					
JIM_POSTGOURD	The Scythian			O misterioso músico conhecido como Jim Guthrie disse que estava pronto para tocar uma pequena canção se quiséssemos ouvi-la.					
				Jim nos convidou para nos sentarmos ao lado do fogo.					
JIM_POSTSONG	The Scythian			Jim Guthrie nos ensinou que não se pode negar pensamentos ruins, assim como não se pode negar a mordida de um dragão.					
			Archetype/trifecta	Nos revelou que tinha um show de rock programado para o outro lado do lago em uma quinzena.					
JIM_LOGFELLATHOUGHTS	Logfella			A música soa tão familiar... Onde eu a ouvi antes? #1000songs					
				De repente, entrou na minha cabeça uma melodia muito curiosa. #andwegotolder					
LOGFELLA_JIMTHOUGHTS	Logfella			Tenho essa cançãozinha na cabeça há anos... apenas algumas notas que se repetem uma e outra vez. Me pergunto o que isso quer dizer.					
ARCHETYPE_OTHERSIDEOFLAKE	The Archetype			Atravessar o limiar da liminaridade em segurança é simples: procure por lugares familiares e pelo calor do lar.					
				Se você conseguir estabilizar sua lucidez, poderá co-criar com ela... em vez de lutar, resistir e amaldiçoá-la.					
				Quando você está lúcido em um sonho, percebe quem imaginou ser... mas se identificar com o sonho é se deixar encantar.					
				Mesmo em um sonho conhecido, há novos lugares para explorar e novas conexões para considerar... se você continuar acreditando.					
GIRL_MOONGROTTOCOMMENT	Girl			Sinto como se o cosmos tivesse girado e agora tudo estivesse levemente... desajustado.					
LOGFELLA_MOONGROTTOCOMMENT	Logfella			De 0 a 1 há uma longa jornada, e se um alien dissesse 'olá', seria um código criptografado no estéreo. Espere... O quê?					
GIRL_HUGETREETHOUGHTS	Girl			Claro, nunca falo com as pessoas sobre estes sonhos de deusas e árvores, pois certamente me tomariam por uma sonhadora.					
				Em meu lugar especial, visito uma titânica árvore oca... ela é uma deusa, morta há muito tempo, que antecede a humanidade por eras.					
				Ao caminhar em sonhos, há um lugar especial para onde sempre vou, um Parlamento de Árvores no coração do mundo.					
LOGFELLA_HUGETREETHOUGHTS	Logfella			Adoro ver as mesmas florestas com climas diferentes e simplesmente parar para ouvir... e pensar ou não, dependendo da situação.					
				Não passo muito tempo caminhando em sonhos, mas quando o faço, geralmente volto aos meus lugares favoritos para ver o que mudou.					
MIRACLE1_MOUNTAINMEADOW	The Scythian			Em uma campina ensolarada, obramos um milagre dissipador de tempestades, em um estilo dobrável do grande mago 'Al Jaffee'.					
MIRACLE1_YELLOWTRIGONCOLLECTED	The Scythian			Em uma campina ensolarada, acordamos confusos e atordoados, com uma dor de cabeça terrível.					
LOGFELLA_YELLOWTRIGONCOLLECTED	The Scythian			Atordoados e sem uma lembrança clara, acordamos de um profundo sono.					
			triangle/Triangle	Lembramos do milagre na campina e nosso encontro com o Trígono Dourado...					
			triangle/Triangle	...Quais novos poderes nos foram concedidos?					
			triangle/Triangle	Troncadeiro ficou totalmente impressionado com o quão incrível e estranha a luta contra o Trígono Dourado soava.			81	071.jpg	R7C14
			triangle/Triangle	Ele se perguntou se talvez o Trígono pudesse estar relacionado aos sinistros mistérios além do portão de ferro na campina...					
				Mas Troncadeiro não era fã de sinistros mistérios, então preferiu ir para casa cortar lenha. #woodchopping					
LOGFELLA_BEFOREYELLOWBEAM	The Scythian			Troncadeiro estava muito feliz por a tempestade ter se dissipado e estava animado para voltar a cortar lenha.					
				Ele nos perguntou se tínhamos ideia sobre o portão de ferro que bloqueava a vasta caverna na campina... o que poderia haver por trás?					
LOGFELLA_YELLOWTRIGONTHOUGHTS	Logfella			Que estranho... Vejo um facho celestial dourado na floresta atrás da campina... Alguém descobriu os segredos da Clareira Trigônica?			89	072.jpg	67F24
LOGFELLA_URSULAMEADOW	Logfella			Estou realmente preocupado com A Citiana, ela parece estar acabada.					
SCYTHIAN_YELLOWTRIGONCOLLECTED_OFF	The Scythian			O lenhador e sua filha nos observaram enquanto recuperávamos a consciência.					
				Percebemos que a campina continuava a mesma, que todas as evidências do nosso encontro onírico haviam desaparecido.					
GIRL_YELLOWTRIGONCOLLECTED	The Scythian			Samae ouviu em silêncio nossa estranha história do encontro com o Trígono Dourado.					
			triangle/Triangle	Ela se perguntou sobre os segredos da Clareira Trigônica além da vasta caverna na campina... Poderia haver alguma conexão?					
GIRL_YELLOWTRIGONTHOUGHTS	Girl			Hmm... Estou muito preocupada com A Citiana... ela sumiu por dias depois que a tempestade se dissipou. Tomara que esteja bem.					
GIRL_URSULAMEADOW_OFF	Girl			Uau, então A Citiana estava desacordada na campina? Que loucura.					
DOGFELLA_GETDARKTRIGON	The Scythian			Depois de ativar outro facho celestial na Clareira Trigônica, notamos algo peculiar no cachorro chamado Cachorreiro.					
			Archetype/trifecta	De repente, parecia que entendíamos o que ele estava dizendo: nos instigou a buscar o Trígono da Lua Sombria e completar a Tríade Trigônica.					
DOGFELLA_GETBRIGHTTRIGON	The Scythian			Depois de ativar outro facho celestial na Clareira Trigônica, notamos algo peculiar no cachorro chamado Cachorreiro.					
			Archetype/trifecta	De repente, parecia que entendíamos o que ele estava dizendo: nos instigou a buscar o Trígono da Lua Radiante e completar a Tríade Trigônica.					
DOGFELLA_THREETRIGONS	The Scythian			Depois de ativar outro facho celestial na Clareira Trigônica, notamos algo peculiar no cachorro chamado Cachorreiro.					
			Archetype/trifecta	De repente, parecia que entendíamos o que ele estava dizendo: nos instigou a ativar o terceiro facho e abrir a entrada para o Remoinhado Infinito.					
DOGFELLA_TRUTHBOMB	Dogfella			Au Au Au.					
				Au Au Snif Au.					
				O cosmos no Remoinhado Infinito no topo de Mingi Tau aguarda quem carrega o Megatomo.					
				Au Au Au Au Au.					
				Au Au Au.					
GIRL_AFTERYELLOWBEAM	The Scythian			Samae sentou-se em uma rocha perto do local onde o lenhador estava cortando lenha.					
			Archetype/trifecta	Perguntamos a ela sobre os segredos da Clareira Trigônica e os sonhos peculiares dos montanheses do Cáucaso.					
				Nos contou como os sonhos de seu povo continham muitos mistérios e refletiam o humor da lua de forma estranha.					
				Nos convidou para sentar junto ao fogo na cabana de pedra quando quiséssemos, seja para explorar os sonhos ou para recuperar as forças.					
			Archetype/trifecta	Pressentimos que os dois trígonos restantes poderiam estar perdidos nos sonhos.					
LOGFELLA_AFTERYELLOWBEAM	The Scythian			Troncadeiro havia voltado a cortar lenha, e era evidente que estava totalmente absorto na tarefa.					
			triangle/Triangle	Ele vira o facho celestial que se erguia na floresta atrás da campina, então perguntamos sobre os segredos da Clareira Trigônica.					
				Ele nos contou uma história que seu povo narrava às crianças para lhes provocar arrepio.					
			Archetype/trifecta	Troncadeiro falou de uma comitiva de cítios que, há muitas luas, chegou a estas montanhas esquecidas em busca da Tríade Trigônica.					
			gourd/gourd	"""A comitiva aprendeu a buscar os espíritos silvanos e enviá-los ao céu... e depois procurou um lugar para obrar um milagre."""					
			Archetype/trifecta	"""Esperavam ativar os três fachos celestiais na Clareira Trigônica, mas não sabiam onde nem quando encontrariam os trígonos."""					
				"""Vagaram sem rumo por muito tempo pelo antigo caminho para Mingi Tau... até que, exaustos, pararam."""					
				"""Então, a comitiva foi dizimada por um espectro imortal à beira do antigo caminho, onde suas tumbas permanecem até hoje."""					
				Dissemos a Troncadeiro que era um bom conto, embora não nos tenha assustado tanto.					
GIRL_GRAVESCOMPLETETHOUGHTS	Girl								
ARCHETYPE_MOONGROTTO	The Archetype			Vejo que você conseguiu alterar o humor da lua na Gruta Lunar. Me pergunto quanto tempo esse paradoxo temporal durará.					
MIRACLE2_ISLAND	The Scythian			Enquanto a Lua Radiante paira, obramos um estranho milagre lunar em uma ilha impossível no meio de um aprazível lago.			136	073.jpg	W7A3K
MIRACLE2_PINKTRIGONCOLLECTED	The Scythian			Conseguimos o Trígono da Lua Radiante, pela glória e por despeito. #trigontamed			155	068.jpg	56F8U
MIRACLE2_BRIGHTMOONTRIGONCOLLECTED	The Scythian			Fomos tentados a abandonar completamente esta funesta missão, mas havia algo de atraente no martírio.					
				Bem, provavelmente não importará muito no fim. Afinal, entrar no Remoinhado Infinito não exige um exame físico.					
				Era evidente que tantas caminhadas oníricas e trígonos domados estavam começando a cobrar seu preço.					
				Ao amainar a luz e o som, nos encontramos na margem de um lago com uma dor de cabeça terrível e o nariz sangrando.					
GIRL_BRIGHTMOONTRIGONCOLLECTED	The Scythian		Archetype/trifecta	Falamos com Samae sobre nosso encontro onírico com o Trígono da Lua Radiante e de nossas intenções de reconstruir a Tríade Trigônica.					
				Ela disse que nosso encontro parecia fascinante e lamentou não ter estado lá. #lies					
				Nos questionou se tínhamos passado pela Clareira Trigônica... Talvez pudéssemos ativar outro facho celestial?					
LOGFELLA_BRIGHTMOONTRIGONCOLLECTED	The Scythian			O lenhador podia ver que nossas caminhadas oníricas e o obrar de milagres haviam cobrado um alto preço em nossa saúde física.					
				Parecia suspeitar que nossa funesta missão não teria um final feliz.					
				Nos lembrou que podíamos nos sentar ao lado do fogo da cabana e descansar de vez em quando para recuperar as forças.					
ARCHETYPE_BRIGHTMOONTRIGONCOLLECTED	The Archetype			Nossos dados de pesquisa mostram uma alta correlação entre o progresso de um participante em S:S&S EP e sua habilidade para ser incrível.			45	074.jpg	87A43
				Vejo que você conseguiu localizar e recuperar o Trígono da Lua Radiante. É uma notícia realmente extraordinária.					
MIRACLE3_HUGETREE	The Scythian			Enquanto a Lua Sombria reina, obramos um milagre de raio estilhaçante em meio a um Parlamento de Árvores.					
MIRACLE3_DARKMOONTRIGONCOLLECTED	The Scythian			Além disso... carregar o Megatomo para todos os lugares é algo incômodo, é um livro realmente pesado em mais de um sentido.					
				Sentíamo-nos algo consumidos... provavelmente tinha algo a ver com o fulgor daqueles odiosos arco-íris.					
				Ao amainar a luz e o som, nos encontramos encharcados pela chuva fria no meio de um Parlamento de Árvores.					
GIRL_DARKMOONTRIGONCOLLECTED	The Scythian		Archetype/trifecta	Falamos com Samae sobre nosso encontro onírico com o Trígono da Lua Sombria e de nossas intenções de reconstruir a Tríade Trigônica.					
				Contamos como neutralizamos o odioso ataque de arco-íris do Trígono da Lua Sombria e ela assentiu com interesse.					
				Ela não pareceu se importar em ouvir nossas histórias extravagantes.					
LOGFELLA_DARKMOONTRIGONCOLLECTED	The Scythian			O lenhador podia ver que nossas caminhadas oníricas e o obrar de milagres haviam cobrado um alto preço da nossa saúde física.					
			Archetype/trifecta	Troncadeiro nos perguntou se tínhamos visitado o Cachorreiro na Clareira Trigônica... Talvez pudéssemos ativar outro facho celestial?					
ARCHETYPE_DARKMOONTRIGONCOLLECTED	The Archetype			Agora a pergunta é... O que vem a seguir?					
				Apesar da falta de informações úteis que fornecemos, você conseguiu dominá-lo.					
				Fui informado de que você recuperou o Trígono da Lua Sombria. É uma notícia realmente extraordinária.					
LOGFELLA_FOUNDBOORKEY	The Scythian		AdventureUI/keyItem	O lenhador não reconheceu a chave que encontramos e não tinha ideia para que servia.					
			AdventureUI/keyItem	...?					
GIRL_FOUNDBOORKEY	The Scythian		AdventureUI/keyItem	Samae viu a chave que encontramos e nos incentivou a ficar de olho em uma porta trancada.					
				Não tinha nenhuma outra ideia, mas nos lembramos de algo que vimos no antigo caminho para Mingi Tau.					
ARCHETYPE_GROTTOPARADOX	The Archetype								
				Uma vez que o humor da lua foi alterado na Gruta Lunar...					
ARCHETYPE_KILLBOOR	The Archetype			Agora, imagino que você esteja se perguntando para que serve essa chave. Para ser honesto, não faço ideia.			119	075.jpg	87C5S
				Não é que eu esteja sugerindo que você seja na verdade um sociopata violento... hehe... Tenho certeza de que você tinha suas razões, né? #thegrizzledboor					
				O Patife Grisalho foi incluído no S:S&S EP para tentar os participantes a se identificarem como sociopatas violentos.					
				Fui informado de que o Patife Grisalho foi morto... Você sabe algo a respeito? #slaughter					
ARCHETYPE_SPAREBOOR	The Archetype			Agora, imagino que você esteja se perguntando para que serve essa chave. Para ser honesto, não faço ideia.			119	075.jpg	87C5S
				Sim, isso mesmo, é incrível e te amamos por isso!					
				O Patife Grisalho foi incluído no S:S&S EP para permitir que os participantes se identifiquem como pessoas compassivas e razoáveis.					
				Fui informado de que deixaram o Patife Grisalho escapar ileso. É uma notícia encorajadora.					
LOGFELLA_FOUNDATION	Logfella	AdventureUI/tweetIconBabelBook		...					
				...					
				...					
SCYTHIAN_FOUNDATION	The Scythian			Despertamos um espírito silvano em uma insondável lagoa com lírios diante da cabana de pedra. Não sabemos o que significa.					
				Com uma tempestade incessante sobre nós, aprendemos a entoar a Canção da Espadância e a despertar um espírito silvano adormecido.					
				Espere... Por que estou falando em primeira pessoa? Não era para a história ser em segunda pessoa? #editingoversight					
				Meus pensamentos estão mesmo em ordem? Será que pensei isso há poucos segundos...?					
				Isso é o Megatomo? Ele absorve 'transmissões de pensamento linguístico'? Estou lendo meus pensamentos enquanto os penso? Hmm...					
GIRL_FOUNDATION	Girl	AdventureUI/tweetIconBabelBook		...					
				...					
				...					
DOGFELLA_FOUNDATION	Dogfella	AdventureUI/tweetIconBabelBook		...					
				...					
				...					
LOGFELLA_DARKMOON	The Scythian			O lenhador falou sobre caminhadas oníricas pela floresta pouco antes do amanhecer, sob um céu escuro e tempestuoso.					
				Ele mencionou uma luz rosa perturbadora e uma canção misteriosa que surgiam da floresta sem nome atrás da campina.					
				Supomos que Troncadeiro provavelmente estava se referindo ao show de rock da Lua Sombria.					
GIRL_DARKMOON	The Scythian			Samae falou sobre caminhadas oníricas pela floresta pouco antes do amanhecer, sob um céu escuro e tempestuoso.					
				Ela comentou como se abrigou da tempestade em uma árvore oca de proporções titânicas.					
				Sabíamos exatamente a qual titânica árvore oca ela se referia.					
ARCHETYPE_DARKMOON	The Archetype			Tenha cuidado. A Lua Sombria reina.			94	076.jpg	I7F69
LOGFELLA_CRESCENTWAX	The Scythian			O lenhador falou sobre caminhadas oníricas pela floresta pouco antes do amanhecer, sob a luz de uma lua crescente.					
				Ele falou sobre uma criatura que encontrou, algo ou alguém estranho e nu. Era um urso? Um homem? Ou... O Patife Grisalho?			57	077.jpg	I7G7U
GIRL_CRESCENTWAX	The Scythian			Samae estava animada, hoje começava um novo mês lunar! Longos dias a esperavam sentada em rochas.					
ARCHETYPE_CRESCENTWAX	The Archetype			Um brilho de lua crescente apareceu, marcando o início de um novo ciclo lunar de vinte e oito dias.			118	045.jpg	Y4E5Q
LOGFELLA_HALFWAX	The Scythian			O lenhador admitiu que sim, de fato, tinha cortado uma boa quantidade de lenha em sua vida.					
				Ele falou sobre frios invernos e profundas neves aqui, nas majestuosas montanhas do Cáucaso, que se erguiam sobre as estepes da Cítia.					
				O lenhador esperava ter comida suficiente e lenha para sobreviver aos longos e frios meses que se aproximavam.					
GIRL_HALFWAX	The Scythian			Em meu sonho de ontem, eu estava caminhando pela floresta e estava desejando muito um muffin, mas não havia nenhum.			108	078.jpg	07D87
ARCHETYPE_HALFWAX	The Archetype			Alguns folcloristas lunáticos afirmam que não há relação causal entre a loucura e o humor da lua.					
LOGFELLA_ALMOSTWAX	The Scythian			O lenhador disse que nunca costumava pensar muito na Massa Gogolítica e na montanha deserta de Mingi Tau.					
				No entanto, ele mencionou que ultimamente a presença espectral da Massa Gogolítica começou a atormentá-lo.					
				O lenhador admitiu que sentia calafrios quando a Lua Radiante paira... e quando a Lua Sombria reina.					
GIRL_ALMOSTWAX	The Scythian			Samae comentou sobre a lua crescente e se perguntou quanto tempo levaria até que a Lua Radiante pairasse no céu.					
ARCHETYPE_ALMOSTWAX	The Archetype			A lua cresce ligeiramente a cada dia... em poucos dias, a Lua Radiante pairará... E daí?			165	046.jpg	P4B6A
LOGFELLA_BRIGHTMOON	The Scythian			O lenhador admitiu que seu cachorro se comportava de maneira estranha toda vez que a Lua Radiante paira no céu.			135	061.jpg	M6F1I
GIRL_BRIGHTMOON	The Scythian			Samae falou sobre caminhadas oníricas pela floresta pouco antes do amanhecer, com a Lua Radiante a pairar no céu.					
				Ela mencionou o ar fresco da manhã e uma ilha impossível no meio de um aprazível lago.					
ARCHETYPE_BRIGHTMOON	The Archetype			Saia lá fora e olhe para cima. Maravilhe-se com a Lua Radiante que paira no céu!			95	079.jpg	07D95
LOGFELLA_ALMOSTWANE	The Scythian			O lenhador não aguentava muito folclore e admitiu que geralmente dormia, embora tivesse um bom conhecimento sobre o assunto.					
				O lenhador conhecia todos os detalhes sobre Mingi Tau e por que era conhecido como o Reino das Nuvens.					
				Ele sabia que Mingi Tau era a montanha mais alta do mundo conhecido, ainda mais alta que o Monte Olimpo, onde habitavam os deuses aqueus.					
				Além disso, ele sabia que o topo de Mingi Tau, sempre envolto em nuvens, era considerado a entrada para o Remoinhado Infinito.					
				O lenhador nunca ousou colocar os pés nas encostas malditas de Mingi Tau, e nunca o faria.					
GIRL_ALMOSTWANE	The Scythian			Samae se perguntou por que tantos cogumelos cresciam logo antes e depois da Lua Radiante... Qual seria o motivo?					
ARCHETYPE_ALMOSTWANE	The Archetype			A lua está ligeiramente menos brilhante do que ontem, e o ciclo lunar está começando a diminuir.					
LOGFELLA_HALFWANE	The Scythian			O lenhador não aguentava muito folclore e admitiu que geralmente dormia, embora tivesse um bom conhecimento sobre o assunto.					
				Explicou que em Cítia e Pérsia, Mingi Tau era conhecida como A Montanha Eterna.					
				Contou como, há séculos, uma raça esquecida havia talhado um templo na rocha viva sob Mingi Tau.					
				Mencionou os corredores subterrâneos e os espaços cavernosos escavados na rocha viva.					
				Segundo ele, tais cavernas foram criadas há séculos para proteger o Megatomo.					
GIRL_HALFWANE	The Scythian			Samae disse ter caminhado além do muro de pedra e sentido a terrível presença da Massa Gogolítica.			30	080.jpg	V8B04
ARCHETYPE_HALFWANE	The Archetype			O ciclo lunar está diminuindo e a Lua Sombria está a menos de uma semana de distância.					
LOGFELLA_CRESCENTWANE	The Scythian			O lenhador não aguentava muito folclore e admitiu que geralmente dormia, embora tivesse um bom conhecimento sobre o assunto.					
				Conhecia a lenda da Massa Gogolítica, o espectro imortal que espreitava nas trevas sob Mingi Tau.					
				Nos falou sobre o Remoinhado Infinito, além de nossa compreensão, de onde o Megatomo veio na mal lembrada Idade da Pedra.					
				Ele falou de seres imortais do espaço que despertaram na humanidade uma forma rudimentar de transmissão de pensamento.					
				"""Esses imortais deram à humanidade o dom da civilização e, com isso, a condenação de uma inevitável extinção."""					
				"""Os cítios tentaram reprimir a insidiosa propagação da civilização e por isso isolaram o Megatomo com seu protetor imortal."""					
				"""O imortal tem espreitado nas trevas desde então, degenerando-se no espectro conhecido como a Massa Gogolítica."""					
				Provavelmente teria continuado com esse relato interminável se não o tivéssemos interrompido respeitosamente.					
GIRL_CRESCENTWANE	The Scythian			Samae observou a lua minguante. Ela disse que em breve partiria e a Lua Sombria reinaria.					
ARCHETYPE_CRESCENTWANE	The Archetype			O ciclo lunar está quase completo. A Lua Sombria está muito próxima.					
DARKMOONLOOMS_ARCHETYPE	The Archetype			A Lua Sombria reina, o fim do ciclo lunar está próximo.					
DARKMOONBEGINS_ARCHETYPE	The Archetype			Contemple: A Lua Sombria!			94	076.jpg	I7F69
DARKMOON_GIRLTHOUGHTS	Girl			Ao caminhar em sonhos, encontrei um Parlamento de Árvores atingido por um raio e senti a presença de algo profundamente sagrado.					
DARKMOON_LOGFELLATHOUGHTS	Logfella			Ontem à noite, ouvi o som de uma música vibrante que se filtrava pelos bosques atrás de minha cabana. O que poderia ser?					
DARKMOON_DOGFELLATHOUGHTS	Dogfella			Au Au Au. Em meu estado de sonho, só vislumbrei as sutis e melódicas espumas dos espíritos silvanos.					
AMPHITHEATRE_OUTRO	The Scythian			Reconstruímos a Tríade Trigônica e agora somos heróis.			164	081.jpg	48G1Q
RABBITS_3MURDERS	The Scythian			Sem razão aparente, acabamos com a vida de 3 coelhos indefesos.					
RABBITS_7MURDERS	The Scythian			Sem razão aparente, acabamos com a vida de 7 coelhos indefesos. É esta a evidência de uma mente transtornada?					
RABBITS_13MURDERS	The Scythian			Sem razão aparente, acabamos com a vida de 13 coelhos indefesos.					
RABBITS_17MURDERS	The Scythian			Sem razão aparente, acabamos com a vida de 17 coelhos indefesos. Somos imparáveis.					
RABBITS_23MURDERS	The Scythian			Sem razão aparente, acabamos com a vida de 23 coelhos indefesos.					
RABBITS_37MURDERS	The Scythian			Sem razão aparente, acabamos com a vida de 37 coelhos indefesos. Estamos curiosos para saber o que acontecerá se continuarmos com esta matança.					
RABBITS_53MURDERS	The Scythian			Sem razão aparente, acabamos com a vida de 53 coelhos indefesos. Claramente, sofremos de um transtorno obsessivo-compulsivo.					
RABBITS_91MURDERS	The Scythian			Sem razão aparente, acabamos com a vida de 91 coelhos indefesos.					
RABBITS_107MURDERS	The Scythian			Sem razão aparente, acabamos com a vida de 107 coelhos indefesos. Talvez nossa compulsão diminua se pararmos de contar?					
ARCHETYPE_CREDITS	The Archetype								
				S:S&S EP é um projeto colaborativo tipo videogame criado em Toronto de 2009 a 2011, na internet em swordandsworcery.com.					
			Logos/superbrothers	Conceito original da organização de arte e design Superbrothers A/V Inc. em superbrothersHQ.com.					
				Músicas e alguns sons pelo amado compositor e roqueiro Jim Guthrie em jimguthrie.org.					
			Logos/capy	Engenharia e milagres pelo estúdio independente de videogames Capy em capybaragames.com.					
			Logos/eightfour	Localização japonesa, marketing, relações públicas e carinho por 8-4, Ltd. TODA A EQUIPE em 8-4.jp.					
				* * * A EQUIPE DE S:S&S EP * * *					
				Conceito, arte, design, direção e roteiro por representantes da Superbrothers A/V Inc.					
				Design, liderança de projeto, apoio incansável e mais: Kris Piotrowski, diretor criativo na Capy.					
				Sistemas, arquitetura técnica, UI, motor e mais: Jon Maur, programador técnico principal de S:S&S EP na Capy.					
				Scripting, combate e milagres: Frankie Leung, programador de jogabilidade principal de S:S&S EP na Capy.					
				Inspiração, músicas, sons, alma e muito mais: Jim Guthrie, compositor, herói do folk e roqueiro.					
				* * * ALÉM DISSO * * *					
				Voz de Troncadeiro: Robert Ashley, criador do programa de rádio A Life Well Wasted em alifewellwasted.com.					
				Voz de A Citiana: a fotógrafa Robyn Cumming em robyncumming.com.					
				Voz de O Arquétipo: o artista e cineasta Clive Holden em cliveholden.com.					
				Sons cósmicos da Gruta Lunar: scntfc em scntfc.com.					
				* * * APOIO DA CAPY * * *					
				Produtor executivo, herói do povo, liderança e estratégia: Nathan Vella, presidente da Capy.					
				PC Producer, assistência técnica de áudio, integração FMOD e muitíssimos sons: Sean 'Uber' Lohrisch, cofundador da Capy.					
				Nintendo Switch Produc-tron e assistência geral de negócios: Matt Repetski, cofundador da Capy.					
				Controle de qualidade e mega-herói de testes: Christian 'Sea Dawg' Meyer na Capy.					
				Programação principal para versão Nintendo Switch e computadores domésticos fornecida por nada menos que Hubert Wong na Capy.					
				Conceitos de design, implementação e bruxaria de Nintendo Switch preparados por Sadie Lee na Capy.					
				Trabalho pesado variado incluindo programação PC/Mac/Linux e suporte de Nintendo Switch por Drew Grainge na Capy.					
				Alguns recursos de arte redimensionados e sorrisos fornecidos por Vic 'Meow' Nguyen na Capy.					
				Controle de qualidade adicional: o único e inigualável Aaron Eves.					
				Suporte de QA de Nintendo Switch cortesia de Testronic Labs.					
				Suporte de QA por Roopesh Pawar. A, Prashanth. DR, Veeresh Kuruva, Raghunath. BG e Roshan R Shekar da Sun technology Integrators Pvt. Ltd.					
				Obrigado a Xavier Xaden Xen, Joseppe Theodore Blocco e Hank Hudson.					
				Biscoitos e outras delícias fornecidas por Thea Gaerlan.					
				* * * APOIO DA SUPERBROTHERS * * *					
				Amor cósmico eterno a Jori.					
				Parabéns ao CEO da Superbrothers, Mack.					
				Um enorme agradecimento a Jim Guthrie por embarcar nesta aventura lunática rumo ao desconhecido.					
				Sons adicionais de um milhão de dólares cortesia de Timothy Muirhead.					
				* * * APOIO DA 8-4 * * *					
				Tradução japonesa: o mestre das palavras RYUTA YAZAWA.					
				Edição japonesa, conselhos cruciais e apoio infinito: MASAHIRO YUKI da Grasshopper Manufacture em grasshopper.co.jp.					
				Suporte adicional de localização japonesa fornecido por Yutaka Ohbuchi, John Ricciardi e Masanobu Suto.					
				Design do incrível logo japonês cortesia de POLYGRAPH em polygraph.jp.					
				Magia web japonesa por Jonathan Lumb em jonnyram.com.					
				E finalmente, agradecimento por apoio e amizade do Japão: Suda 51, Tomoaki Takahashi, Hideto Yamada...					
				E os artistas de remix: Baiyon, Akira Yamaoka, Michiru Yamane, macotom3 e Decassegui Hip.					
				* * * O DOMÍNIO DO CANADÁ * * *					
			Logos/omdc	Este projeto foi possível graças ao apoio financeiro da Ontario Creates.					
				* * * AMAMOS VOCÊS DEMAIS * * *					
				Um grito para todos que alinharam as estrelas!					
				Muito amor às incríveis comunidades indie de videogames de Toronto e à gente encantadora da The Hand Eye Society, TOJam e Gamercamp.					
				A todos que apoiaram este projeto: obrigado.					
				* * * PROCESSO * * *					
				Arte em pixel criada inteiramente no Promotion da Cosmigo; outros elementos visuais no Illustrator e Photoshop da Adobe.					
				Sons e músicas criados com MTV Music Generator da Codemasters para PSOne e/ou Garageband e Logic Studio da Apple.					
			Logos/FMOD	Sons e músicas integrados ao projeto usando FMOD da Firelight Technologies.					
				Dolby e o símbolo de duplo D são marcas comerciais da Dolby Laboratories.					
				É necessária solução de áudio para PC contendo Dolby® Digital Live para áudio Dolby Digital.					
				DTS® e DTS Digital Surround® são marcas comerciais registradas da DTS, Inc.					
				Código programado em C++ e Lua script com tolua++. Mapas e elementos do mundo com ferramentas proprietárias da Capy.					
				Cálculo de fases lunares e algoritmos astronômicos: voidware.com/moon_phase.htm					
				APIs utilizadas na criação de S:S&S EP incluem tinyxml, libpng/zlib, SDL, cmake e minizip.					
				Uma versão absurdamente inicial foi enviada ao Independent Games Festival em 1 de novembro de 2009.					
				S:S&S EP foi anunciado em 1 de dezembro de 2009.					
				No início de 2010, foi anunciado que o projeto havia ganhado o prêmio 'Achievement in Art' do IGF Mobile.					
				A primeira demonstração pública ao vivo de S:S&S EP ocorreu em um evento social da Hand Eye Society em Toronto em 14 de fevereiro de 2010.					
				A primeira versão jogável de S:S&S EP foi apresentada a participantes e amigos na GDC 2010 em San Francisco de 9-13 de março de 2010.					
				As primeiras imagens de jogabilidade sem edição da versão GDC 2010 apareceram simultaneamente online.					
				'Less Talk, More Rock: The Native Language of Videogames' foi publicado online no Boing Boing em março de 2010. Você pode procurar no Google.					
				'The Intoxication of Mythology' foi apresentado pela Superbrothers em 22 de setembro de 2010 no Fantastic Arcade de Austin.					
				'Aiming for Audiovisual Alchemy' foi apresentado por Jim Guthrie, Kris Piotrowski e um representante da Superbrothers no Gamercamp de Toronto.					
				Um novo clipe, 'Audience Calibration Procedure', foi publicado em 24 de fevereiro de 2011 para iniciar o lançamento.					
				S:S&S EP foi lançado para iPad, iPhone e iPod Touch perto do equinócio da primavera de 2011.					
				Organizamos o MIDSUMMER ROCKSHOWCASE no TIFF Lightbox de Toronto, com material de S&S ao vivo por Jim Guthrie. Foi uma noite incrível!					
				* * * SETE ANOS DEPOIS * * *					
				Desde então, Jim Guthrie forneceu música para vários videogames e filmes, além de lançar alguns discos.					
				A Capy continua sua busca constante na criação de videogames estranhos e maravilhosos.					
				A equipe da Superbrothers A/V Inc está levando seu tempo para sonhar novos sonhos.					
				S:S&S EP foi um dos 'Top 10 Videogames de 2011' da revista Time.					
				A trilha sonora de Jim Guthrie foi reconhecida como 'A Melhor Música de Videogames de 2011' por Kirk Hamilton no Kotaku.					
				S:S&S EP ganhou um prêmio Game Developer's Choice na GDC 2012.					
				* * * DOZE ANOS DEPOIS * * *					
				S:S&S EP foi desempoeirado e atualizado para garantir que o jogo continuasse funcionando nos últimos sistemas operacionais.					
				A Superbrothers, um pequeno estúdio de arte e videogames em seu 20º ano, opera dos bosques do Quebec e da costa oeste do Canadá.					
				Desde S:S&S EP, Superbrothers e Jim Guthrie contribuíram para Sound Shapes (2012) (Queasy Games) (PS + PC).					
				A Superbrothers entregou JETT: The Far Shore + Given Time (2021/23) (PS + PC), uma saga de ficção científica com música do compositor scntfc.					
				A partir de 2023, um novo projeto de pixels está sendo gestado na Superbrothers.					
				A Capy Games lançou o hiperativo rebobinador de tempo Super Time Force Ultra (2014) (PS + PC + Xbox).					
				Em 2018, a Capy entregou Below, um roguelike de ação-aventura sobre um guerreiro explorando as profundezas de uma ilha remota (PS + PC + Xbox).					
				A Capy lançou o maravilhoso Grindstone em 2019 e continua adicionando conteúdo para os jogadores (Apple Arcade + Switch + PC + PS + Xbox).					
				Enquanto isso, a partir de 2023, a equipe está cozinhando um delicioso novo jogo em seu caldeirão de jogos.					
				* * * O QUE É S:S&S EP? * * *					
				S:S&S EP pretende ser um corajoso experimento em Cinema Interativo, seja lá o que isso signifique.					
				S:S&S EP é uma abordagem fresca ao videogame de aventura old school com ênfase no estilo audiovisual.					
				S:S&S EP se inspira no trabalho de criadores pioneiros de videogames Shigeru Miyamoto, Jordan Mechner, Eric Chahi e Fumito Ueda.					
				S:S&S EP é um sonho febril de Famicom.			38	082.jpg	28B24
				S:S&S EP inspira-se na psicocosmologia mitopoética das histórias de espada e feitiçaria de Robert E. Howard.					
				S:S&S EP é um 'Link' com o passado.			167	083.jpg	18E3V
				S:S&S EP é um primeiro esforço e sim, é um pouco experimental.					
				O conceito estético de S:S&S EP é 'a aventura arquetípica de videogame'.					
				S:S&S EP referencia obliquamente a Carl G. Jung e seu fascinante 'Livro Vermelho' em cada maldito canto.					
				S:S&S EP é uma coisinha engenhosa que realmente não entendo, mas que acho que todos deveriam jogar.					
				S:S&S EP é um haiku bruto de videogame sobre a vida, o amor e a morte.					
				S:S&S EP é um corte seleto de mitos e sonhos.					
				S:S&S EP foi criado tendo em mente um público amplo e culto.					
				S:S&S EP ia se chamar 'Poopsock' originalmente. Isso é realmente verdade.					
				* * * ACABOU * * *					
				Agora somos amigos cósmicos para sempre, tá bom?			87	084.jpg	L8A48