id	user	icon	portrait	English	Japanese	Notes	pic	Filenames	Codes	French	Italian	German	Spanish	7
GIRL_TONGUES	Girl				戦火で荒れ果てたスキタイの平原より;~はるか離れた地で、黒髪の少女に出会った。 #helloworld		72	001.jpg	Z0E1Q					101
					コーカサス地方の山の民は、;~少女を「オトメちゃん」と呼ぶ。;~感じが良さそうな娘だ。 #名前が安直									90
SIGN_TADPOL	The Scythian				「暖炉の前で見る夢は、;~月の記憶か意識の淵か」#夢で逢いましょう									56
SIGN_WALL	The Scythian				「スキタイ、キンメリア、アッシリア、;~ペルシャ…;これらは人が築き上げた地上の~王国だが、;ミンギ・トウは雲の王国である」									113
SIGN_CHASM	The Scythian				「危難の崖」のすぐ手前に石碑があった。;~石碑には七色の虹と、;それらを突き上げる~ような;剣の記号が彫られていた。									125
					我らスキタイ人は虹を忌み嫌う。 #虹大嫌い		21	002.jpg	40C27					48
SIGN_BIRDTREE	The Scythian				古道から伸びる脇道に石碑があった。;~ 記号がいくつも彫ってあるが解読できない。									102
					解読できない記号の羅列だが、;~その中で月を表す象形文字だけは分かった。									69
SIGN_BIRDTREEDECIPHERED	The Scythian				古道から伸びる脇道に、;月の象形文字が~彫られた石碑があった。;以前は解読~できなかったものだ。									125
					象形文字は、この近くにある秘密の場所を;~指し示すもののようだ。;~「月の満ち欠けが様変わりする」とある。									111
					月の洞穴…？  #月の洞穴 #何コレ #謎		205	003.jpg	60D3C					55
SIGN_WOLF	The Scythian				古道のわきに石碑があった。;~剣と盾を示す記号が彫られている。 #ヒント		16	004.jpg	T0C4X					120
SIGN_ANTECHAMBERLEFT	The Scythian				地下道には不気味な像があったが、;~とりあえずシカトを決め込むことにした。 #言い伝え		29	005.jpg	V0B53					98
INFO_CROSSMOUNTAINLEFT	The Scythian				ミンギ・トウの山道はここで終わっている。;~道の終端には寂しげな墓が立っていた。									92
INFO_CROSSMOUNTAINRIGHT	The Scythian				ミンギ・トウの山道はここで終わっている。;~道の終端には寂しげな墓が立っていた。									92
INFO_RIDGESKULLPOLE	The Scythian				ミンギ・トウの頂上へと続く険しい山道に;~何やら棒が立っていた。;棒には大仰な角の~ついた不気味な骸骨が飾りつけてあった。									104
INFO_CROSSRIDGE	The Scythian				ミンギ・トウの頂上へと続く険しい山道に、;~寂しげな墓があった。;~死者の数を誇るかのようにも見えた。									130
INFO_MEGATOMESTUCK	The Scythian		adventureUI/megatomeItem		ついに「絶世の大書」を見つけた。;~だが骨の手が掴んでいて取れない。;~剣が…鞘の中で震えた…？ #絶世		33	006.jpg	30D6C					98
DOOR_SIDEBMEADOW	The Scythian				見たこともない素材でできた、;取っ手の~ない扉だ。;「関係者以外立ち入り禁止」と~書いてある。									99
DOOR_UPSLOPEWOODS1	The Scythian				ミンギ・トウの古道に続く扉には;鍵が~ かかっている。									55
DOOR_UPSLOPEWOODS3	The Scythian				ミンギ・トウ行きの古道から下に伸びた~脇道を;進むと、うっそうとした茂った低木の~奥に;開かない扉があった。 #月の洞穴									101
LOGFELLA_AVATAR			AdventureUI/dudeLogfellaIdle1											0
LOGFELLA_INTRO_ADV	Logfella	AdventureUI/tweetIconBabelBook			一人の木こりがしきりに;薪木をパッキリ~割っている。 #薪割り		71	007.jpg	70E70					65
					コーカサス地方の山の民は、;彼を「丸太さん」~と呼ぶ。;結構いい人そうだ。									81
					丸太さんは私の果たすべき使命を;すべて把握~しており、;古道の案内を引き受けてくれた。									81
					…明らかにノリノリではない感じだったが。									75
LOGFELLA_TADPOL_WAITING	Logfella	AdventureUI/tweetIconBabelBook			丸太さんは古道を案内するために;待っていて~くれた。		12	008.jpg	U0D88					83
LOGFELLA_INTRO_CHASM	The Scythian	AdventureUI/tweetIconBabelBook			崖に橋がかかった…これってやらかした系？		22	009.jpg	L0B9S	○				47
			adventureUI/megatomeItem		私は丸太さんに、邪悪な呪術が宿る;~「絶世の大書」を取りに来たのだと伝えた。									93
			adventureUI/megatomeItem		絶世の大書は危難の崖の向こう側にある;~ミンギ・トウのさらに奥、;忌まわしき~暗闇の中にあるという。									102
			adventureUI/megatomeItem		何としても絶世の大書を手に入れ、;生きて~戻ってくる。;そう決心した。									56
LOGFELLA_BEFOREWALL	The Scythian		AdventureUI/keyItem		丸太さんは、石壁の扉を開ける鍵を;持って~いるのは自分しかいないのだと言った。									90
			AdventureUI/keyItem		すごくカッコイイ鍵だ。									33
					出立の準備は整った。;行き先に触れてそのまま~押し続ければ、;足はおのずと前へ前へ。									88
LOGFELLA_POSTTONGUE	The Scythian		adventureUI/megatomeItem		丸太さんは私が絶世の大書を手に入れて;~戻るまでここで待つという。									94
LOGFELLA_HINT_SITTINGDOWN	The Scythian	AdventureUI/tweetIconBabelBook			丸太さんは私が戻るまで、;~危難の崖近くで待つという。									107
					丸太さんは、石碑に刻まれた忌まわしき;虹と~空を向いた剣のことを知っている様子だ。									103
					だが丸太さんは見て見ぬふりを決め込んで~いる。;これから何をすればいいのだろうか？;~顔には出さなかったがイラッときていた。									124
LOGFELLA_WOLF_HINT	The Scythian	AdventureUI/tweetIconBabelBook			彼は恐ろしい怪物をみてしまったから、;~そいつの相手を私にさせようという;魂胆~なのだろう。		26	010.jpg	Q1B00					96
LOGFELLA_DOWNSLOPE	The Scythian		adventureUI/megatomeItem		絶世の大書を回収してきた。;丸太さんは~ナルハヤで;安全な山小屋まで帰りたいのか、~;はやる気持ちが足の歩みに出ていた。									105
					激しい雷雨が訪れる気配がした。;その瞬間、~心の中でかすかに歌が響き始めた。									74
LOGFELLA_CABINMEGATOME	The Scythian	AdventureUI/tweetIconBabelBook			雷鳴が轟きだすと、丸太さんは;何やら~ひとかたならぬ恐怖を感じていると;~私に告げた。									114
					丸太さんは私をビビらせたかったのだろうか？ #たぶん									59
					何にしても、しばらくは;屋根のある所に~いたほうが良さそうだ。									72
QUESTCOMPLETE_MEGATOME			adventureUI/megatomeItem		絶世の大書を手に入れた。;「何コレ、スゴイ」~とつぶやいてみる。 #絶世の大書入手		40	011.jpg	81C1E					55
GIRL_AVATAR			AdventureUI/dudeDaughterIdle1											0
ARCHETYPE_AVATAR			AdventureUI/dudeArchetypeIdle1											0
ARCHETYPE_TUTORIAL	The Archetype	AdventureUI/tweetIconInfo												1
	The Archetype				紳士淑女の皆様ごきげんよう。;~まずは、ステレオの調子を;確認して~おきましょう。左右に漂う;小さな森の精を~タップしてもらえますか？									125
	The Archetype				ソーシャルネットワークサポートは;~「スキタイのムスメ：音響的冒剣劇」の;結果に~対し、重要な役割を果たすということが;~私どもの研究によって明らかとなっています。									117
					情報発信機能は選択肢の一つとして;~用意されているだけですから、;利用しなくても~構いません。;~それから、使い過ぎにはご注意を…									
					この度は、私ども主催による;~「タマシイの~重大疾患」に関する;~臨床研究にご参加いただきまして、~;誠にありがとうございます。									118
					「スキムス」の初回セッションは;非常に~シンプルなもので、;所要時間も~およそ１５～３０分程度です。									126
					ヘッドフォンを使われる方、;ご用意は~よろしいでしょうか？;準備が整ったら~プレイボタンをタップして;始めましょう。									54
ARCHETYPE_FOUNDATION	The Archetype				では、「スキタイのムスメ：音響的冒剣劇」の;~もたらす精神活性作用を有意義なものと;~するため、「心の状態」と;「環境」について;~お話ししましょう。									125
					ここでいう「心の状態」とは、本作を;体験~していく際の精神状態や人格構造のことを;~指します。状況に対する思考、感情の起伏、;~そして結果への期待などですね。									127
					私どもの研究によると、好奇心旺盛な方が;~リラックスした状態で体験する場合、;~「スキムス」を楽しんでいただける確率が~高い;との結果が出ています。									108
					「環境」は、第一に本作を体験する場所の;こと~ですね。快適で安全、心地よい部屋;~―もちろん野外でも結構ですが―~;が良いでしょう。									121
					また「環境」には、社会的側面も含まれます。;~私どもの研究によると、ソーシャル;~ネットワークサポートは極めて重要であるとの;~結果が出ています。									125
					そしてもちろん、文化的側面も含まれます。;~何を以て現実や正常とするかですね。;~この点については、;今は深入りしないことと~しましょう。									132
					「スキムス」は鮮烈な体験をお届けすること~;ではなく、いつもの日常から;あなたの精神を~解き放つことを目指して;開発されています。									125
					拡張された意識、あらゆる制限から;~解き放たれた精神の潜在能力…;~ここ、Superbrothersでは;それを~「ソーサリー」と呼んでいます。									131
					ソーサリーの歌を歌うと、;自分の考えている~通りに現実が;見えるようになります。;~超能力のようなものですね。									130
					ソーサリーの歌をやめるには、;~スキタイのムスメの周囲を包むソーサリーの;~オーラをトントンと叩いてみてください。									108
					歌が始まったら、指先で触れたまま移動して、;~色々なものにオーラを当ててみてください。									113
					ソーサリーの歌を始めるには、;~まずスキタイのムスメに触れ続けます。;~これで、ソーサリーのオーラが;集まり~始めます。									129
					ご覧の通り、絶世の大書は;あらゆる思考を~収集して言語的に記述します。;下にスクロール~すれば、;私の思考をさかのぼって読めますよ。;									128
ARCHETYPE_MEGATOMETUTORIAL	The Scythian		adventureUI/megatomeItem		「見事にソーサリーの歌を習得しましたね。;~これであなたは、絶世の大書が秘める;~深淵なる力を手に入れたわけです」		47	012.jpg	31E2F					115
			adventureUI/megatomeItem		「絶世の大書はあらゆる思考を言語化して;~記録します。あなたが果たすべき使命を;~やり遂げるために必要な知識は、すべて;~その中に見つけることができるはずです」									131
			adventureUI/megatomeItem		「ふと思いついたんですが…;絶世の大書を~開いて私の項目を引き、;今私が考えている~ことを;調べてみるのはどうでしょうか？」									122
					「右上に白い三角形がありませんか？;~それをタップしてから絶世の大書を手に取り、;~向きを変えてみてください。;すべてが明らかに~なるはずです」									125
LOGFELLA_STORM	The Scythian				ひどい嵐が来たので、;丸太さんは薪割りを~諦めたようだ。 #ブーツずぶ濡れ									101
			adventureUI/megatomeItem		丸太さんは、私がミンギ・トウの奥地から;~絶世の大書を持ち出した直後に;嵐がやって~来たと言った。									125
					丸太さんのあからさまな物言いから察するに、;~おそらく私は嵐を止めるために;何かしたほうが~良いのだろう。 #たぶん									113
GIRL_STORM	The Scythian				オトメちゃんと呼ばれる黒髪の少女も;~悲しそうだ。									=LEN({})
			gourd/gourd		どうも嵐が来て以来、;近くの森に眠る森の精が~「こだまの泡」を;噴きはじめたという。									117
			gourd/gourd		オトメちゃんは、森の精が３匹集まれば;~きっと嵐を鎮められる、;と信じているようだ。									78
			gourd/gourd		小屋の前にある大きな池にもこだまの泡が;~立ち上っているから、;調べてほしいと~頼まれた。									101
			gourd/gourd		オトメちゃんによれば、近くの草原と、;~それから雨に濡れた３羽のツグミが;身を~寄せていた巣箱のところでも;こだまの泡が~立ち上っているのを見たという。									125
			gourd/gourd		どうやら彼女は、;この３か所でこだまの泡を~探し、;ソーサリーの歌で空に還してほしいと;~願っているようだ。									121
ARCHETYPE_SWORCERY	The Archetype				「ついにソーサリーの歌を習得する時が;~来ました。これは意識を拡張させて、;~音楽の力で内に眠る神秘的な力を;引き出す~手法です」									127
			gourd/gourd		「落ち着いて私の指示をよく聞いてください。;~これから池で静かに眠る森の精を;~召喚します」									129
ARCHETYPE_TADPOLES	The Archetype				あの変な格好の男が我々に何かして;欲しがって~いるのは間違いなさそうです。;~何を期待してるのかは謎ですが。									112
			gourd/gourd		「池にあるこだまの泡は見ましたか？;~森の精はあそこでグッスリ眠っています。;~何とかして召喚しないといけませんね」									118
			gourd/gourd		ソーサリーの歌を始めるには、;~スキタイのムスメに触れ続けてください。;~これで、隠された現実の扉が;開かれるはずです。									124
			gourd/gourd		「池で泳いでいるモノを２匹、;森の精が~寝ている場所へ導いてください。;後は起こした~森の精に３度触れば;空に還せます」		49	013.jpg	61D3A					132
GIRL_LOSTKEY	The Scythian				井戸を覆う立派な屋根の下でオトメちゃんが;~雨宿りしている。									81
					小屋の焚き火にあたっていれば;温かい~だろうに…どうも丸太さんが;えらく~取り乱しているようだ。									120
INFO_BIRDEYESCULPTURE	The Scythian				草原を見下ろすように;「怒れる鳥」の像が~あった。 #あのゲーム		6	014.jpg	F1D48					75
INFO_MEADOWSHEEP	The Scythian				草原では、羊が何頭か草を食べていた。;~どうということのない景色だ。									75
INFO_CABINSHEEP	The Scythian				またしても羊のどうということのない景色。;~私は何で羊を眺め続けてるんだろう？									74
INFO_MEADOWSUN	The Scythian				春の日に降り注ぐ日光の清々しさ… ;~今でも鮮明に思い出せる。									87
INFO_MEADOWGATE	The Scythian				草原には洞くつへ続く道があった。;だが分厚い~鉄の扉に遮られて入ることは;できなかった。									73
INFO_MEADOWGATEACTIVE	The Scythian				草原には洞くつの入口を塞ぐ鉄の扉がある。;~やり方さえ分かれば;開けられるような~気がした…;当たり前か。									
INFO_MEADOWGATETRIGONACTIVE	The Scythian				扉の上にはトライゴン的な形をした;黄金色の~何かがあった。;ソーサリーの歌に反応する~かも…？									102
INFO_MEADOWGATETRIGON	The Scythian				鉄扉の上部にはなんか変なモノがついている。									43
INFO_LOCKEDDOORSTONEWALL	The Scythian				ミンギ・トウの古道に続く石壁の扉は;~閉じられたままだ。;どうも丸太さんは;夢の中に~鍵を落としてきたようだ。									106
INFO_LOOMINGBIRDSCULPTURES	The Scythian				草原を見下ろすように;「怒れる鳥」の像が~あった。 #あのゲーム									75
INFO_MEADOWSUNSTICK	The Scythian				草原を監視するかのように変な形の棒が;~立っていた。									54
INFO_CABINWELL	The Scythian				がっしりとした屋根に覆われた見事な作りの;~井戸があった。									61
INFO_CABINCHIMNEY	The Scythian				深く澄んだ池のほとりに、;しっかりとした~作りの山小屋があった。									85
INFO_CABINWOODPILE	The Scythian				薪木が山のように積み重ねてある。;~まあ、普通の光景だ。									50
INFO_SPUME	The Scythian				こだまの泡を見つけた。;ここに森の精が~眠っているのか。;~さて…どうやって召喚すれば？									92
INFO_NESTBOX	The Scythian				変わった形をした巨大な巣箱だ。;~「つぶやけば、さらばつぶやき返されん」;~と碑文が~刻まれている。		13	015.jpg	B1C5F					102
INFO_NESTBOXWEATHERED	The Scythian				古びた巣箱だ。どことなく顔っぽく見える。									85
INFO_FLAGPOLELOGBRIDGE	The Scythian				古道にかかる長い橋の手前に、;いかめしい~骸骨のような物が飾り付けられた;不気味な~旗竿が立っていた。									93
INFO_GOLDTRIGONALTAR	The Scythian				草原から洞くつを抜け、たどり着いたのは;~ひっそりとした森だった。;いくつかあった~石碑から;不思議なオーラを感じた。									116
			Archetype/trifecta		…これが…トライゴンの森なのか？ #トライゴンの森		93	016.jpg	B1D6J					43
			triangle/Triangle		一番近くにある石碑の前に立つと、;~黄金のトライゴンのことが頭に浮かんだ。;~剣が…震えた気がする。									101
INFO_DARKTRIGONALTAR	The Scythian				トライゴンの森には、;風雨にさらされ~古くなった石碑があった。 #暗月のトライゴン									96
					この石碑、;剣を打ち付けたらどうなる~だろう…？									78
INFO_BRIGHTTRIGONALTAR	The Scythian				トライゴンの森には、;明月を表す円が刻まれた~石碑があった。 #明月のトライゴン									127
					この石碑、;剣を打ち付けたらどうなる~だろう…？									78
INFO_STONEHEAD	The Scythian				岩を削り出したのだろうか？;危難の崖には~見覚えのある形をした、;巨大な頭の像が~あった。;口はポカンと開いている。		24	017.jpg	61B76					101
INFO_STONEHEADSHUT	The Scythian				岩を削り出したのだろうか？;危難の崖には、~見覚えのある形をした;巨大な頭の像があった。									84
INFO_STONEHEADFLAGPOLE	The Scythian				岩の頭像の上には、;いかめしい骸骨のような~物が飾り付けられた;不気味な旗竿が~立っていた。									121
INFO_CHASMSTONESHELTER	The Scythian				危難の崖近くには;支石墓のように石が積み~上げられ、;座り心地の良さそうな２つの石を;~雨から守っている。		25	018.jpg	O1C8M					119
INFO_SKULLPOLE	The Scythian				オンボロ橋の端には;角つきの骸骨を~飾りつけた、;不気味な棒が突き立ててある。									83
INFO_TRIFECTASYMBOL	The Scythian				石造りの寺院入り口に、;トライ~ゴン・トライフェクタを表す;象形文字が刻まれていた。									111
INFO_MOUNTAINGATE	The Scythian				山岳寺院の奥深くで、;固く閉ざされた~鉄の扉を見つけた。;ここを進めば~ミンギ・トウからの眺望が;堪能できそうだが。									125
INFO_MOUNTAINGATETRIGON	The Scythian				山岳寺院の奥深くにある通路の上で、;~三角形のような形が３つ並んだ;不思議な印を~見つけた。									97
INFO_MOUNTAINGATETRIGONACTIVE	The Scythian				山岳寺院の奥深くにある通路の上で、;~トライゴン・トライフェクタのしるしを;~見つけた。									97
INFO_CABINRECORD	The Scythian				山小屋の中に入ると、;暖炉の上に小さな~円盤のような、;よく分からないものがあるのに~気付いた。 #theballadofthespacebabies		46	019.jpg	P1D99					102
INFO_CABINHEARTH	The Scythian				山小屋に入ると、;暖炉の火が静かに暖かく~迎えてくれた。									69
INFO_CABINSEAT	The Scythian				山小屋には、;木を削り出しただけの粗末な~椅子が;暖炉を囲むようにふたつ置いてあった。									78
INFO_GOGOLITHICMASS	The Scythian				ミンギ・トウの奥底に来ると、;角を生やした~骸骨が暗闇に浮かんでいた。									70
INFO_MEGATOMBTRIFECTA	The Scythian				ミンギ・トウの奥底に来ると、;暗闇の中にトラ~イゴン・トライフェクタを表す;象形文字が刻ま~れていた。									96
INFO_ROCKSHOWGIRL	The Scythian				ロックフェスのステージの上に;黒髪の少女が~立っている。彼女の口から;「炎よ、我とともに~歩め」;と聞こえた気がした。 #最期の７日間									91
INFO_ROCKSHOWSKOLOTOI	The Scythian				ステージにはあの骨のヒトたちも来ていた。;~彼らもビートに揺られたいのだろうか。									83
INFO_ROCKSHOWJIM	The Scythian				ステージのメインアクトは、;あなたも知って~いる謎のミュージシャン、;ジム・ガスリー~だった。 #サントラリミックスアルバム絶賛発売中♡		160	020.jpg	T2G03					96
INFO_ROCKSHOWBOOR	The Scythian				ステージの上では、;野性むきだしでクマズリー~が踊っている。		121	021.jpg	E2G15					69
INFO_ROCKSHOWCROWD	The Scythian				ステージには、;多くの紳士淑女が~集まっていた。									66
INFO_ROCKSHOWARCHETYPE	The Scythian				ステージには;例の「アーキタイプ」とよばれる~男もいた。;一体彼は何者で、何をしているの~だろうか？									120
INFO_TRIGONGROVESKULLSTICK	The Scythian				角つき骸骨の飾りをつけた不気味な棒が;~突き立ててある。;ミンギ・トウの奥に潜む~不死の亡霊と、;この場所をつないでいるのだ。									119
GRAVE_TRIGONGROVE	The Scythian				草原の奥にある洞くつを抜け、;トライゴンの~森へ来た。;誰かの墓がぽつんと立っている。;~私は少し興味を覚え、近づいてみた。									125
GRAVE_TRIGONGROVEGHOST	The Scythian				草原の奥にある洞くつを抜け、;トライゴンの森~へ来た。;誰かの墓がぽつんと立っている。ぼん~やりと;光る幽霊のおじさんに会った場所だ。									126
					正直、このおじさんを初めて見たときは;マジで~ビビった。		96	022.jpg	T2B2H					88
			adventureUI/megatomeItem		おじさんは私の服装から;スキタイ人だと~分かったようだった。;私が絶世の大書を~持っているのに気づくと;「書いてあることが~分かるか」と尋ねた。									129
					そして私がミンギ・トウの奥で;目覚めさせて~しまった不死の亡霊の名前を;そっと~教えてくれた。;~その名は「ゴゴリチク・マス」。		166	023.jpg	O2B39					125
					言い伝えに残る、おぞましき名だ。;~背筋に冷たいものが走った。									76
					「さっきまでは、ゴゴリチク・マスも;君を~興味本位の旅人だと思っていた;だろうけど」									92
			triangle/Triangle		「君はもうソーサリーの歌を覚えて;黄金の~トライゴンを従えた。;これより先はずっと;~不吉な影に付きまとわれることになるね」									116
					このおじさんは、;私を励ましてくれて~いるのか、;脅かそうとしているのかよく~分からない。									89
					私は幽霊のおじさんに、;ミンギ・トウの頂上で~絶世の大書を塵とし、;ゴゴリチク・マスから~不死の力を奪うつもり;であることを伝えた。									127
			Archetype/trifecta		次にトライゴン・トライフェクタと;残り２つの~トライゴンの場所についても;聞いてみたが、~おじさんの答えは;腹立たしいほど~漠然としていた。									121
					「残りのトライゴンは;どちらも山の民の~夢の中にだけ存在する」		43	024.jpg	82E45					78
					「トライゴンを探すなら、場所じゃなくて;~タイミングと手段に留意しなさい」									96
					このおじさん、光ったりできるくせに、;~役に立たない事ばかりを実に長々としゃべる。									65
GRAVE_LOGBRIDGE	The Scythian				古道の路傍の茂みの中に、;いくつかの墓が~あった。;何があったのだろうか。									109
GRAVE_LOGBRIDGEGHOST	The Scythian				古道の路傍の茂みの中に、;いくつかの墓が~あった。;フレンドリーな幽霊のいる場所だ。		116	025.jpg	62B55					120
					ぼんやりと光る幽霊が話しかけてきたが、;~その姿はいにしえの伝説にある;「人間山脈」~そのものだった。 #アンドレ									117
			Archetype/trifecta		「あれは去年の冬至前くらいだったか、;俺は~再びトライゴン・トライフェクタを;探すべく、~仲間に集合をかけた」									104
					「無限の渦への入り口がミンギ・トウの;頂上に~あると聞いたもんだから、;ちょっと見てみたく~なってな」									131
			triangle/Triangle		「で、俺らは何とか黄金のトライゴンを従え、;~トライゴンの森を調査し、;明月のトライゴンを~探し始めた」									124
					「だが明月のトライゴンはまるで;見つから~なかった。;正直、手がかりはゼロだった」									91
					「だがしばらく探るうちに、;ここらに眠る~森の精は;月の満ち欠けの影響を強く受ける~ことを;発見したんだ」									125
					「ここに留まり始めたのもそのためさ。;月を~見て、いつどこで何をすべきかを;調べて~いたんだよ」		7	026.jpg	Q2D6P					114
					「つまんなくて死にそうだったぜ、;ひたすら~月の満ち欠けばかり気にしてなあ」									76
					「まあ、結局俺らは死んだわけだが。;原因は…;~ちょっとしたいざこざのせいだった」									75
					「今はこの話はしないでおくぜ。いいだろ？」									68
					「…とどのつまり、仲間の一人が;ズル~してるのを、俺たちは見ちまったんだ。;~あのズル野郎め」									102
					「そこでちょっとケンカが始まってな、;~ズル野郎は危難の崖の方へ逃げやがった」									99
					「それで今後について相談しながら;歩いて~たら、;突然ゴゴリチク・マスが現れて…~ギャー！;ってわけだ」		113	027.jpg	62B75					123
GRAVE_CHASM	The Scythian				危難の崖の崖際に、;ぽつんと一基だけ~墓がある。;何があったのだろうか。									102
GRAVE_CHASMGHOST	The Scythian				危難の崖近くにある墓は、;話に出てきた~イカサマ男の墓だった。;ここでもやはり、;~ぼんやり光る年老いた幽霊が出た。									115
			Archetype/trifecta		「あれは去年の冬至前だったか、;巨人の~アンドレは;トライゴン・トライフェクタを~探すため、;俺や仲間を引き連れてやって~きたんだ」									117
					「他の者達は古道沿い、;丸太橋近くの茂みに~埋葬されてるよ」									107
			triangle/Triangle		「俺らも黄金のトライゴンを;見つけて従える~までは順調だったんだが、;その後は完全に~手詰まりだった」									100
					「あの時は、明月のトライゴンを;見つける~ために;月が満ちるのを待っていたんだ」									128
					「でもアンタ、そんなの;アホみたいに~退屈すぎるだろう！;明月まで何日もダラダラと~待てるかっての！」									116
					「だから他のアホどもがボケーっと;してる~間に、;俺は一人で独自に調査を進めて、;~満ち欠けの謎を解いたんだ」									101
					年老いた幽霊は、;ホームボタンを押してから~「設定」を;タップする方法を得意げに説明~した。									118
					幽霊によれば、一般オプションの;日付と時刻を~いじると月は変えられるが、;その代償は大きい~という。									99
					「思わずいじってしまって以来;~ビビっちゃってね、;死ぬほど恥ずかしがって~たら、;本当に死んじまったよ」									126
GRAVE_HOLLOW	The Scythian				巨大樹は空洞化しており、中にはポツンと;~墓があった。;誰が眠っているのだろうか。									94
GRAVE_HOLLOWGHOST	The Scythian				巨大樹の内側にさびしげな墓がある。;~ここに眠るいかつい幽霊が;有用な情報を~教えてくれた。		117	028.jpg	E2A80					110
					「月の満ち欠け、お前気にかけ、;~それがきっかけ、未来への道行け♪」									76
					「俺の見かけ、普段着なだけ、;~怖がらせるわけないわけ、;~それだけは知っとけ♪」									114
GRAVE_HOLLOWGHOSTSPRITES	The Scythian				空洞化した巨大樹の中にある;寂しげな墓に~近寄ると、;ドープな幽霊が現れて;~イルなライムを届けてくれた。		117	028.jpg	E2A80					110
					「ここに来るまでの道、探し出して吉、;~目と耳使えばこだまの泡キャッチ♪」									101
					トータル５匹の森の精、;~皆、空へ還せば奇跡 you say、;~んでトライゴン発見、冒険発展♪									100
GRAVE_HOLLOWGHOSTTRIGON	The Scythian				空洞化した巨大樹の中にある;寂しげな墓に~近寄ると、;ドープな幽霊が現れて;~イルなライムを届~けてくれた。		117	028.jpg	E2A80					111
					「お前トライゴンにご執心、;~森の精を全員見つけりゃ躍進、;~そしたらソーサリーの歌を sing♪」									106
GRAVE_HOLLOWGHOSTTRIGONCOMPLETE	The Scythian				空洞化した巨大樹の中にある;寂しげな墓に~近寄ると、;ドープな幽霊が現れて;~イルなライムを届けてくれた。		117	028.jpg	E2A80					120
					「トライゴンの歌、今回はもう終了、;~次の機会を待ち続けている YO♪」									84
LOGFELLA_LOSTKEY	The Scythian				丸太さんは、やたら取り乱している。;~どうしたのだろうか。									79
			AdventureUI/keyItem		どうやら丸太さんは;ミンギ・トウへ通じる~石壁の扉の鍵を;なくしてしまったようだ。									113
					私としてはおつかいクエストはもう勘弁だ。;~あなたもそうでしょ？									51
					丸太さんが言うには、;彼はずっとここに座って~熟睡していたそうだ。									98
			AdventureUI/keyItem		彼は夢の中で鍵をなくしてしまったと;~考えていた。									77
					コーカサス地方の山の民が奇妙な夢を見る;~という話は聞いたことがあったので、;その話は~素直に理解できた。									120
					丸太さんは、とにかく靴を暖炉で温めながら、;~ここで一緒に夢を見ないかと誘ってきた。		63	029.jpg	U2C92					73
ARCHETYPE_LOSTKEYTHOUGHTS	The Archetype				私たちは覚醒していることと、;~夢の伝承詩的精神宇宙性は;全く異なる状態だと~考えていますが、;両者は興味深い相互作用を~見せるのですよ。									130
					境界域というのは、覚醒状態と夢の中;~―つまり方向性を持った思考ができない状態―;~の中間を指します。		56	030.jpg	13A0A					108
					暖かな暖炉を探して眠りにつき、;~その境界域に足を踏み入れてみてください。									81
ARCHETYPE_LOSTKEYCLUE	The Archetype		AdventureUI/keyItem		山小屋の暖炉にあたって、境界域におもむき、;~丸太さんがなくした鍵を見つけてあげる、;~なんていかがです？		55	031.jpg	23C1X					115
GIRL_LOSTKEYTHOUGHTS	Girl	AdventureUI/tweetIconGourd			うわー。丸太さんが;やたら~取り乱しちゃってる…;何かあったのかな？;~落ち着くまで外にでてようか…。									118
					この間、あのスキタイのムスメが;ソーサリーの~歌で森の精を;空に還しているのを見た。~あのヒト、;もしかしたら嵐を止めてくれるの~かな…？									129
LOGFELLA_MORELOSTKEYTHOUGHTS	Logfella				あのスキタイのムスメ、;「夢歩き」にまで~行ってくれた。;きっと鍵を見つけてくれる~だろう。;落としたのは穏やかな池のほとり~だったか…		62	032.jpg	U3A20					109
LOGFELLA_LOSTKEYTHOUGHTS	Logfella				ハア、雨が降ってなかったらなあ…;~靴さえ濡れてなかったらなあ…;~薪割り作業に戻れたらなあ…									121
					ウァー！？鍵が、鍵がない！！;どうしよう！~やばい！やばい！困った！									89
LOGFELLA_FOUNDKEY	The Scythian		AdventureUI/keyItem		私が夢を歩いて鍵を見つけてきたと知ると、;~丸太さんはホッと安心したようだった。									111
					丸太さんは;「どうしてあなたはそんなに~賢いのだ？;果たすべき使命とは？」;と~質問してきた。									95
					私は丸太さんに、;我らが大草原を支配してきた~歩みや、;スキタイ戦士の勇猛さについて~語った。									110
					そして私がこんな山地にたどり着いたのも、;~全知全能の神の手に導かれてきたからなのだ;~と教えた。									123
			adventureUI/megatomeItem		それから絶世の大書の解読できていない;印の~意味について、;私が推測している内容も~伝えた。									97
			gourd/gourd		私はさらに;「森の精を召喚すれば嵐を~止められるはず」;と根拠もなく直感的に~言った。		104	033.jpg	W3D3G					86
			triangle/Triangle		そして私はひそひそ声で、;この宇宙の姿を~象徴する存在である;黄金のトライゴンを~探し出し、;従えるつもりなのだと明かした。									123
					この頃になると、丸太さんは;まるっきり~私の話を聞いていなかった。									83
			AdventureUI/keyItem		とにかく見つけた鍵を借りて、;古道を進む~ことにした。									98
LOGFELLA_FOUNDKEYWAKEUP	The Scythian		AdventureUI/keyItem		丸太さんに鍵を借りておいていいかと;~尋ねると、彼は「かまわねえ」と答えた。									98
GIRL_FOUNDKEY	The Scythian				道端にオトメちゃんがいた。雨でずぶ濡れだ。									63
			gourd/gourd		どうやら石壁の向こう、;ミンギ・トウに続く~古道のほうで;こだまの泡が聞こえたらしい。;~森の精がいるのだろうか。									119
			gourd/gourd		オトメちゃんは、;川の両端にそびえ立つ巨木の~幹について;何か言っていた。									67
			gourd/gourd		オトメちゃんは、;危難の崖にかかる~ぼんやりとした虹について;何か言っていた。									66
			adventureUI/megatomeItem		…そして急に怯えた様子で;「迷ったり分からな~くなったら;とにかく絶世の大書を頼りにして」;~と言った。									93
LOGFELLA_FOUNDKEYTHOUGHTS	Logfella				あのスキタイのムスメが;嵐を止めてくれるって~いうなら、;鍵は預けておいても全然問題ねえ。									101
					あのヒトがさっき話してたすげえ冒険話、;~途中でうなづくのが礼儀だったんだろうな。;~うたた寝しちまってた。;あの手の話はホント~苦手でよ…。									114
					あのヒトの果たすべき使命について;色々~聞いてみたんだ。あのヒト、;スキタイが治めた~大草原のこととか、;神の指がどうとか~話してた。									118
GIRL_FOUNDKEYTHOUGHTS	Girl				森の精をあと１匹か２匹空に還せば、;~このひどい嵐も止められる…;~その後は奇跡の時間が訪れるわ！ #奇跡		129	034.jpg	33A44					128
GIRL_SUPERMOTHERTREE	Girl				夢歩きのとき、月が一番明るい夜には;背筋が~寒くなるような静寂があるわ。;~反対に月が一番暗い夜は、森が荒ぶるの。									129
					夢で行く場所はいつも同じ。;でも月の満ち欠け~具合によって;何かが少し変わる。									112
					あの嵐が去って以来、;いつも同じ…夜明け前の~森を歩いている夢を;見るようになったの。									117
ARCHETYPE_TREEHINT	The Archetype				森のキノコを摂取すると未確認生物や;~様々な現象の幻視が生じる場合があります。									105
					森の精が出すこだまの泡を探し、;その周囲を~よく調べてみてください。									
					歌が始まったら、;ソーサリーのオーラに~やさしく触れて;指先を動かすと~周りを見渡すことができます。									120
ARCHETYPE_MUSHROOMHINT	The Archetype				キノコを用いた占術は;人類の精神発展に大きく~寄与していると;主張する者がいるくらいなの~です。									
					考古学的検証の結果、キノコは;宗教的交信儀式~や占術、治癒術などにおいて;相当に古い時代~から用いられていたことが;分かっています。									
					生理学的には、幸福感、感覚の鋭敏化、;~ストレスの消散、食欲の低減などが;~体感できるようです。									
					森のキノコを摂取することで、;森の精の居場所~や召喚方法などが;見えるようになるかもしれま~せんね。		60	035.jpg	53A5Y					108
ARCHETYPE_TRIGONGROVE	The Archetype				どうです？感じますか？;~絶世の大書の記号や文章の意味が;~理解できるようになってきていませんか？									121
					この光の柱は、;生者と死者をつなぐ~架け橋です。;今後は幽霊と話す機会も;~あるかもしれませんね。									125
					先ほど、あなたがトライゴンの森で;最初の~光の柱を起動したと;知らせが入りましたよ。									
GIRL_CABINSHEEP	The Scythian				オトメちゃんに小屋の周りにいる;邪魔っけな~羊たちの事を聞いてみた。;少し前に怯えて~集まって来たのだそうだ。									123
			gourd/gourd		オトメちゃんに;森の精を５匹空に還したこと~を伝えると、;彼女は「奇跡の時が来た~かもしれない」と言った。									115
					どうも羊たちが元いた場所を調べてみたほうが;~良さそうだ。									85
LOGFELLA_CABINSHEEP	The Scythian				丸太さんは奇跡の時が来たと思っていた。;~何かスゴイことが起こるのだろう、と。		79	036.jpg	V3G62					117
GIRL_CABINSHEEPTHOUGHTS	Girl				え…雨が…やんだ！;嵐の終わりなのかしら、~そうだといいな。									83
					ここんところずっと嵐で;気分も落ち込んでた~から。									78
LOGFELLA_CABINSHEEPTHOUGHTS	Logfella				うーん…ちょっとビビってきたぞ…。;~何か起きてるな。嵐が…去るのか？									118
					俺は勇気を振り絞りたい時は;暖炉のそばに~座ってブーツをあっためるって;決めてるんだ。									114
DOGFELLA_CABINSHEEPTHOUGHTS	Dogfella				ワン ワン ワン ワン ワン ワン！#吠え続けてる #奇跡		84	037.jpg	V3C7I					64
ARCHETYPE_MEADOWHINT	The Archetype				太陽が正しい位置に定まるとき、;あなたは~奇跡の能力を手にするのですよ。									110
					この感覚…あなたも感じてますか？;そうです、~奇跡の時間です！;さあソーサリーの歌を歌い~「怒れる鳥」を;注意して見てみてください。		76	038.jpg	A3G84					123
ARCHETYPE_MEADOWHINTTWO	The Archetype				草原は今、奇跡の時を迎えています。;~顔を上げ、不可能を可能にするのです。;~そうすれば黄金のトライゴンが;現れる~でしょう。									123
ARCHETYPE_SIDE_B	The Archetype	AdventureUI/tweetIconInfo			フム、さっきのクマ人に対する対処…;~興味深い。なるほど。		120	039.jpg	O3G9D					91
					いやいや、いいんですよ。ただあんな風に;対処~した人はいなかったのでね、;興味深かったん~です。気にしないでください。									120
					とにかく、続きをどうぞ。;まだまだ冒険は~続きますからね。;特に B面では。									110
ARCHETYPE_GOLDTRIGONHINTONE	The Archetype				黄金のトライゴンを従えるには、;３種の歌を~攻略せねばなりません。;攻撃と防御を巧みに~切り替えるのです。									126
					盾ボタンは極力常時押しておくように;~してください。力を回復するためにね。									123
					黄金のトライゴンを召喚して従えようと;奮戦~しているようですね？;いくつか有用な情報を~お知らせしましょうか。									126
ARCHETYPE_GOLDTRIGONHINTTWO	The Archetype				黄金のトライゴンが何か飛ばしてきたら;剣で~迎撃です。それから、レーザーはとにかく;~タイミングを見極めて避けてください。		83	040.jpg	34E01 					126
					黄金のトライゴンの思考は予測不能。;~それゆえにこれまで幾多の者たちが;~命を落としていきました。;~粘り強さと勇気が足りなかったんでしょう。									129
ARCHETYPE_GOLDTRIGONHINTTHREE	The Archetype				黄金のトライゴンは、;召喚したら従えるしか~ありません。									56
					３番目の歌は、飛んでくる三角の欠片を;~剣で打ち落とし、時折撃たれるレーザーを;~避けなければなりません。									117
					２番目の歌は、あちらの動きをよく観察して;~レーザーを避けてください。;~タイミングが命です。									122
					最初の歌では、とにかくエネルギーボールを;~剣で打ち返してください。									76
ARCHETYPE_BRIGHTTRIGONHINTONE	The Archetype				そう、明月のトライゴンの攻撃は;空から~降ってきます。これを避けるには、;ギリギリの~タイミングで;盾ボタンをタッチしてください。		144	041.jpg	84E11					127
ARCHETYPE_BRIGHTTRIGONHINTTWO	The Archetype				明月のトライゴンの最後の歌では、;~飛んでくる三角の欠片を剣で打ち落とし、;~時折撃たれるレーザーを;避けなければ~なりません。									119
ARCHETYPE_DARKTRIGONHINTONE	The Archetype				暗月のトライゴンが放ってくる強烈な虹は…;~食らいましたか？アレが来たら、;~全力かつ全速で斬り裂いてください。									126
ARCHETYPE_DARKTRIGONHINTTWO	The Archetype				暗月のトライゴンは３番目の歌で;見えにくい~三角の欠片を飛ばしてきます。;~見落とさないよう全部撃ち落としてください。									115
ARCHETYPE_MEGATOMEOUTRO	The Archetype	AdventureUI/tweetIconBabelBook			ミンギ・トウの底に眠っていた不死の亡霊を;~起こしてしまったようですね…ご愁傷様です…									95
					そのせいで止むことのない嵐が周囲を覆い、;~あの小屋に住んでいる人たちも;悲しんで~います。何の罪もないのに。;~実に不幸なことです。									115
			adventureUI/megatomeItem		ともあれ、あなたは絶世の大書を;手に~しました。次のセッションでは、;この書の~不思議な使い道について;取り上げましょうか。									125
					私どもの研究によると、「スキムス」の;~伝承詩的精神宇宙性に長時間接していると;~好ましからざる副作用が生じることが;~分かっています。									120
					これで初セッションは終わったことですし、;~少し休憩しましょうか。セッションII の;~用意ができたら声をかけてください。;~私はいつだってここにいますから。									
ARCHETYPE_GOLDMASTERINTRO	The Archetype	AdventureUI/tweetIconBabelBook												1
					やあ、またお会いできましたね。;~セッションII を始める準備は;~よろしいでしょうか？									76
			adventureUI/megatomeItem		結構。;ええと…前回はどこまで…ああそうだ、;~絶世の大書を手に入れたところでしたね。;									96
					あなたが起こしてしまった不死の亡霊は;~相変わらずミンギ・トウの奥底に;潜んで~いるようです。恐ろしいですねー。		204	042.jpg	24B2J					104
					今は苦難の時。止むことのない嵐が;空を覆い~つくし、あの小屋に住む善良な人々も;深く~悲しんでいます。									122
					この嵐を止めるには、;超能力的なことや~未確認的な生物、;または奇跡的な事態が~必要です。									92
			adventureUI/megatomeItem		1. 絶世の大書はソーサラーが触れない限り;~開きません。この書の中には、命あるものが;~思い浮かべた思考がそのまま記録されている;~だけでなく、ある秘伝の教えも記されてます。									127
			gourd/gourd		2. 不思議な森の精 - ソーサリーの源は;~池や森、草原などで眠りについています。;~こだまの泡が目印になるでしょう。									120
			triangle/Triangle		3. 宇宙の姿を象徴する存在である;黄金の~トライゴンを召喚し、従えた;ソーサラーは;奇跡を起こす力を;手に入れると~言われています。									128
					ちょっと急ぎ足すぎましたか？;大丈夫、~何事も冷静に、;そして前進あるのみです。		210	043.jpg	A4C31					42
ARCHETYPE_GOLDMASTEROUTRO	The Archetype		triangle/Triangle		ブラボー！宇宙の姿を象徴する存在、;~黄金のトライゴンをついに従えましたね。		86	044.jpg	24E4H					75
					嵐も去り、再び眩しい太陽の光が;差して~います。奇跡的な事態ですね。;~いい意味でヤバイです。									115
					偉業と呼ぶにふさわしいことです。;それも~これもあなたの洞察力と直感力、;そして~忍耐力の賜物。;これ以上ない成果です。									123
					注意：以降の「スキムス」実験においても、;~先述にある１～３の資質が試され、;評価される~機会があることをあらかじめ;ご了承ください。									123
					ともあれ、また休憩としましょうか。;~もちろん、私はいつでもここにいますよ。									129
ARCHETYPE_TRIFECTAINTRO	The Archetype													0
					さあ、セッションIII のはじまりです。;~注意：このセッションは通常、終了までに;~太陰暦換算で１ヶ月かかります。									89
			triangle/Triangle		ええと、黄金のトライゴンを従えて、;~奇跡の力で嵐を追い払ったところでしたね？;~お見事でした。									85
			adventureUI/megatomeItem		分からなくなったら、とにかく絶世の大書を;~あたってみてください。									77
					不死の亡霊は未だミンギ・トウの奥底で;~うごめいています。									66
			Archetype/trifecta		宇宙の姿を象徴する存在、;~トライゴン・トライフェクタを;思い浮かべて~ください。									52
			MoonCrescent/moonCrescent		そして、月の満ち欠けに気をつけてください。		118	045.jpg	Y4E5Q					30
					私どもの研究によると、;~ソーシャルネットワークサポートは;~「スキムス」の結果に対して極めて;重要な~役割を果たすとの調べが出ています。									123
					またこれ以降は、あなたからの入力に;こちら~から積極的には干渉しなくなりますので;ご承知~のほどを。									81
ARCHETYPE_TRIFECTAOUTRO	The Archetype		Archetype/trifecta		残りのトライゴンも従えて、;トライフェクタ~を完成させたようですね？		165	046.jpg	P4B6A					74
			Archetype/trifecta		やはりあなたは特別だ。;~私がこんなに愛しているのも当然ですね。									57
					スキタイのムスメをミンギ・トウの頂上で;~犠牲にするとは。勇気と大局観を持つ者にしか;~下せない決断です。									76
					あなたには;大きな借りができて~しまいましたね。									25
					後は、あの満身創痍のスキタイのムスメを;~頂上まで連れて行き、;無限の渦を見守るだけ~です。									108
					さあしっかり、あとひと息です。									29
ARCHETYPE_GHOULINTRO	The Archetype													0
					さて、来ましたね。これから始まる治療;~セッションはごくごく短いものになります。;~今回をもって「スキムス」治療セッションは;~終了となります。									70
					スキタイのムスメが抱える使命も、;まもなく~果たされようとしています。									53
					残念ながら、ソーサリーを使ったことで;~スキタイのムスメの心身は;ひどく衰えて~きています。;~最期の時も、そう遠くないでしょう。		162	047.jpg	J4F7B					113
			Archetype/trifecta		残る仕事は、トライゴンの森の秘密を;解き~明かし、ミンギ・トウの頂上で;絶世の大書を~無限の渦に還すだけです。									123
					かの者が命を捧げる苦痛の瞬間を;見届ける覚悟~ができたら、;プレイボタンを押してください。									77
END	The Scythian				ミンギ・トウの頂上で;絶世の大書を~無限の渦に還した。;~これにより悠久の平和が訪れた。									99
END_CHEAT	The Scythian				ミンギ・トウの頂上で;絶世の大書を~無限の渦に還した。;~これにより悠久の平和が訪れた。 #ズルしたけど									106
END_CHEAT_NOBOOR	The Scythian				ミンギ・トウの頂上で;絶世の大書を~無限の渦に還した。;~これにより悠久の平和が訪れた。 #ズルしたけど　#クマズリー不在だけど									
END_CHEAT_PSYCHO	The Scythian				ミンギ・トウの頂上で;絶世の大書を~無限の渦に還した。;~これにより悠久の平和が訪れた。 #ズルしたけど #凶気									114
END_CHEAT_LOVE	The Scythian				ミンギ・トウの頂上で;絶世の大書を~無限の渦に還した。;~これにより悠久の平和が訪れた。 #ズルしたけど #博愛		202	048.jpg	D4A81					112
END_MOONGROTTO_PSYCHO	The Scythian				ミンギ・トウの頂上で;絶世の大書を~無限の渦に還した。;~これにより悠久の平和が訪れた。 #月の洞穴 #凶気		180	049.jpg	74D9P					119
END_MOONGROTTO_LOVE	The Scythian				ミンギ・トウの頂上で;絶世の大書を~無限の渦に還した。;~これにより悠久の平和が訪れた。 #月の洞穴 #博愛		176	050.jpg	Y5F0P					117
END_HONEST_PSYCHO	The Scythian				ミンギ・トウの頂上で;絶世の大書を~無限の渦に還した。;~これにより悠久の平和が訪れた。 #マジメ　#凶気		179	051.jpg	M5C1H					115
END_HONEST_LOVE	The Scythian				ミンギ・トウの頂上で;絶世の大書を~無限の渦に還した。;~これにより悠久の平和が訪れた。 #マジメ #博愛		177	052.jpg	55E2B					113
END_HONEST_NOBOOR	The Scythian				ミンギ・トウの頂上で;絶世の大書を~無限の渦に還した。;~これで悠久の平和が訪れた。 #クマズリー不在だけど #マジメ		178	053.jpg	75G3V					
GIRL_GHOULTHOUGHTS	Girl				あのスキタイのムスメ、ソーサリーの力で;~ゴゴリチク・マスの動きを止められること;~知ってるのかしら。;知らないんでしょうね、~きっと。									120
					あのスキタイのムスメ、;行き先をタッチした~ままにすると;ガシガシ早く歩けるって~知ってるかしら？;知らないとマズイわ。									127
					ここは…？一体何が…？;夢の中の森で~彷徨っていたら;不気味なピンク色の光が~見えて、;それから…？									117
LOGFELLA_GHOULTHOUGHTS	Logfella				スキタイのムスメは;まだ果たすべき使命が~どうの、ミンギ・トウの;頂上で無限の渦へ~の扉を開いてどうのと;話をしている。									112
					しばらく前にあのスキタイのムスメが;~現れてからというもの、;どうも色々おかしく~なっちまった。									87
LOGFELLA_GHOUL	The Scythian				恐ろしく深い眠りから覚めると、;~そこはトライゴンの森だった。;横にはなぜか~丸太さんがいる。		88	054.jpg	J5D44					130
					丸太さんは、昨夜の晩、オトメちゃんが;~いなくなってしまった時のことを話した。									65
					どうも丸太さんも、私の旅が終わりに;近づき~つつあり、そのためにはミンギ・トウに;赴く~必要があることを知っているようだった。									106
LOGFELLA_TRIGONGROVETIPS	The Scythian				丸太さんは、トライゴンの森を;見たことが~なかったらしく、;不思議そうに辺りを~見回していた。									113
LOGFELLA_TRIFECTATIPS	The Scythian				丸太さんは、オトメちゃんがいなくなって;~しまったことでひどく苦しんでいた。									83
					私は丸太さんに、オトメちゃんの居場所は;~何となく分かるから任せて、;少し待って~ほしい、と伝えた。									80
					丸太さんは近くの台座に目をやり、;~まだ終わってもいないのに;「この恩は」とか~「君のことは忘れない」;などと言った。									90
URSULA_AVATAR			Ursula/idleSEhandsonhip											0
DOG_AVATAR			AdventureUI/dudeDogfellaIdle1											0
AMPHITHEATRE_LEFT	The Scythian	AdventureUI/tweetIconInfo			ここにいる２人が、;このワケワカラン世界を~創りだしたらしい。		159	055.jpg	A5G55					71
AMPHITHEATRE_RIGHT	The Scythian	AdventureUI/tweetIconInfo			２人は、自分たちがこのワケワカラン世界の;~創造者だと言った。		159	055.jpg	A5G55					70
GOURD_MOUNTAINMEADOW	The Scythian	AdventureUI/tweetIconGourd	gourd/gourd		緑豊かな草原で、眠り続けていた;森の精を~目覚めさせた。;あと、草原では８頭のヒツジが;~草を食んでいた…まあ、どうでもいいが。		52	056.jpg	15B63					113
GOURD_CABIN	The Scythian	AdventureUI/tweetIconGourd	gourd/gourd		清らかな水がゆらめく池のほとりで、;~ソーサリーの歌を歌って;森の精を~目覚めさせた。		50	057.jpg	G5F78					119
GOURD_UPSLOPEWOODSONE	The Scythian	AdventureUI/tweetIconGourd	gourd/gourd		雨に濡れた３羽のツグミに見守られながら、;~奇妙な形の巣箱で森の精を目覚めさせた。									105
GOURD_UPSLOPEWOODSTWO	The Scythian	AdventureUI/tweetIconGourd	gourd/gourd		丸太橋のかかる川と;８本の巨木がそびえる~場所で、;森の精を目覚めさせた。									113
GOURD_UPSLOPEWOODSFOUR	The Scythian	AdventureUI/tweetIconGourd	gourd/gourd		危難の崖の近く、;忌まわしき虹が２本かかる~場所で;森の精を目覚めさせた。									109
GOURD_WATERFALLS	The Scythian	AdventureUI/tweetIconGourd	gourd/gourd		月の光が最も暗い夜、;５つの滝に囲まれた~場所で;森の精を目覚めさせた。									93
GOURD_MOUNTAINTOP	The Scythian	AdventureUI/tweetIconGourd	gourd/gourd		月の光が最も暗い夜、低木が茂る岩場で;~森の精を目覚めさせた。									89
GOURD_SECRET2_STONESHELTER	The Scythian	AdventureUI/tweetIconGourd	gourd/gourd		明月のそびえ立つ夜に、たまたま居合わせた;~ジム・ガスリーの前で森の精を目覚めさせた。		132	058.jpg	G5F8U					116
GOURD_MOUNTAINLAKESHORE	The Scythian	AdventureUI/tweetIconGourd	gourd/gourd		明月のそびえ立つ夜に、大パニックの;~お母さんアヒルがうろつく池のほとりで;~森の精を目覚めさせた。									122
GOURD_LAKESHOREBUNNYSTRAIGHTAWAY	The Scythian	AdventureUI/tweetIconGourd	gourd/gourd		明月のそびえ立つ夜に、水面に映る景色が;少しだけおかしくなる池で;森の精を~目覚めさせた。		127	059.jpg	65D98					114
GOURD_LAKESHORELAKE	The Scythian	AdventureUI/tweetIconGourd	gourd/gourd		明月のそびえ立つ夜に、;３羽のフクロウが並ぶ~森の池で;森の精を目覚めさせた。									106
GOURD_PINKCOLLECTED	The Scythian	AdventureUI/tweetIconGourd	Archetype/trifecta		もしかしたら今が奇跡の時間かもしれない、;~と思った。 #奇跡									87
GOURD_MOUNTAINSIDE	The Scythian	AdventureUI/tweetIconGourd	gourd/gourd		月の光が最も暗い夜、;３本の小さな滝が流れる~場所で;森の精を目覚めさせた。									88
GOURD_SECRET1_FOOTOFMOUNTAIN	The Scythian	AdventureUI/tweetIconGourd	gourd/gourd		月の光が最も暗い夜、;丸い若木が４本~生えている場所で;森の精を目覚めさせた。									111
GOURD_BRISKLYWALKING	The Scythian	AdventureUI/tweetIconGourd	gourd/gourd		月の光が最も暗い夜、;池の「あちら側」で~森の精を目覚めさせた。									97
GOURD_HUGETREE	The Scythian	AdventureUI/tweetIconGourd	gourd/gourd		明月のそびえ立つ夜に、;巨大樹の根本で~森の精を目覚めさせた。									91
GOURD_BLUECOLLECTED	The Scythian	AdventureUI/tweetIconGourd	Archetype/trifecta		もしかしたら今が奇跡の時間かもしれない、;~と思った。だとしたら、どこで…？ #奇跡		77	060.jpg	86D06					98
GCLUE_MOUNTAINMEADOW	Dogfella	AdventureUI/tweetIconGourd			ワン ワン ワン ワン ワン！ #吠えてる		135	061.jpg	M6F1I					39
					ワン ワン ワン！ #ちょっと吠えてみた									28
					時には私だって;吠え続けるのに辟易とする~こともある。;だが私は犬だ。犬である以上、;~すべきことはきちんとする…そういうことさ。									115
					ワン！クンクン…ワン！#チョット変化つけてみた									28
					ワン ワン ワン ワン ワン ワン！									30
GCLUE_UPSLOPEWOODSONE	Girl	AdventureUI/tweetIconGourd			あのスキタイのムスメ、;やっぱりしぐさが~少し変。;まるで見えない力に操られている~ような…。									121
					あのスキタイのムスメの生い立ちとか経緯とか;~知ってたらなあ、って思う。;そうしたら~色んな事が納得いきそうだもの。									124
GCLUE_UPSLOPEWOODSTWO	Logfella	AdventureUI/tweetIconGourd			あのスキタイのムスメ、;ちゃんと森の精の~アレを;やってくれてるといいけど…。									75
					この嵐、相当堪えるなあ。;ゲームでもあれば…~とか思っちゃうよ。									122
GCLUE_UPSLOPEWOODSFOUR	Girl	AdventureUI/tweetIconGourd			あのスキタイのムスメが来てから、;何もかも~おかしくなっちゃった。		3	062.jpg	36E2Z					69
GCLUE_YELLOWCOLLECTED	Girl	AdventureUI/tweetIconGourd			この嵐、本当にキツいなあ。;気持ちがずいぶん~落ち込んできちゃった。									80
					雨が弱まって、空も明るくなってきた…？;~もしかして奇跡の時？;そうだといいな…~私、奇跡大好き。									124
					え…何これ？;草原のヒツジが怖がって~来ちゃったの？;あっちで何が…~まさか黄金のトライゴン？									128
GCLUE_MOUNTAINTOP	Dogfella	AdventureUI/tweetIconGourd			ワン ワン ワン！									16
					暗すぎて何も見えない時がたまにあるのだが、;~そんな時は「何か」を食べてみるんだ。;~そうすると、そこに存在しないものが;見えて~きたりするんだ。すごいだろ？									107
					ワン ワン ワン ワン ワン！									25
GCLUE_SECRET2_STONESHELTER	Logfella	AdventureUI/tweetIconGourd			頭の中に歌が流れる…幸せなのに悲しい歌だ。;~心は畏れで埋まるのに、;なぜか美しいと~思ってしまう。									104
GCLUE_MOUNTAINLAKESHORE	Dogfella	AdventureUI/tweetIconGourd			君は殉死はしまいと奮闘しているようだが、;~誰も時間からは逃げられない。絶対にだ。;~これだけは覚えておいてくれ。									112
					ワン ワン ワン！クンクン…									22
GCLUE_LAKESHOREBUNNYSTRAIGHTAWAY	Dogfella	AdventureUI/tweetIconGourd			名前の分からないものだってもちろんあるさ。;~だが学ぶことはできる。そうだろう？									63
					世界には２種類の「未知」がある。;~すなわち、既知の未知と未知の未知だ。		32	063.jpg	L6E31					76
					ワン ワン ワン！									16
GCLUE_LAKESHORELAKE	Logfella	AdventureUI/tweetIconGourd			俺の丸太にはいろんな秘密が;詰まって~いるんだ…森の精のこと、;アリエン島のこと。;~残念ながら俺は丸太語がしゃべれないが。									121
					俺の経験上、;フクロウは見かけとは~違う…時がある。;~大概はただのフクロウなんだけどな。		126	064.jpg	86A47					111
GCLUE_PINKCOLLECTED	The Archetype	AdventureUI/tweetIconGourd			明月の輝くときに現れるアリエン島の話、;~聞いたことありますか？;聞いたとしたら~一体どこで？;やはりインターネットですか？		134	065.jpg	H6A5I					127
					今まであなたの行動をじっと見守って;~きたのですがね、ひとつお伝えしておくと、;~ためらえばためらうほど喜びは減少しますよ。									128
					明月のトライゴン探索もあっという間に;~進んだようですね。;お見事です。									130
GCLUE_MOUNTAINSIDE	Girl	AdventureUI/tweetIconGourd			森の精って、大地の子どもなのかしら？;~それとも無限の渦からやって来たの？									100
					正直言って私、森の精ってコワいのよね。;~てか何なのあれ！？どこから来たわけ？									106
GCLUE_SECRET1_FOOTOFMOUNTAIN	Dogfella	AdventureUI/tweetIconGourd			すべての森の精を空に還したのであれば、;次は~奇跡の時を呼ばねば。;巨大樹を探しなさい。									106
					君が私が知っていることを;私が知っている~ことは私も知っているよ。;~そして、それは１００%正しい。		109	066.jpg	F6D6H					77
					ワン ワン ワン！クンクン…ワン ワン ワン！									36
GCLUE_BRISKLYWALKING	Dogfella	AdventureUI/tweetIconGourd			我々に安息の時が訪れるのは、;この果たすべき~使命を終えた時だけだよ。									74
					トライゴンの森の秘密を知りたいのであれば、;~トライゴン・トライフェクタを完成させる;~ことだ。それ以外に知るすべはないからね。									86
					ミンギ・トウの頂上を目指すんだ。;無限の渦が~君を待っている。									60
					ワン ワン ワン！									15
GCLUE_WATERFALLS	Girl				言葉って騒音に聞こえるときもあるけど、;~騒音がすごくキュートな音に聞こえることも;~あるのよね。知ってた？		132	058.jpg	G5F8U					111
GCLUE_HUGETREE	Logfella	AdventureUI/tweetIconGourd			コーカサスの山の民たちの間では、;ヘンな~ことわざが;たくさん伝承されてきている。									83
					「炎には森が必要なように、;森も炎を~必要としている」。;~これもコーカサスに伝わることわざだ。~									97
YELLOWTRIGON_COLLECTED	The Scythian				黄金のトライゴンを手に入れた。;~私、めっさスゴイ。		85	067.jpg	36G7U					42
PINKTRIGON_COLLECTED	The Scythian				最初は無理かとも思った。~だが、;明月のトライゴンを手に入れることが~できた。		155	068.jpg	56F8U					47
BLUETRIGON_COLLECTED	The Scythian				幾多の困難を乗り越え、;ついに暗月の~トライゴンを手に入れた。		112	069.jpg	T6G94					47
GCLUE_BLUECOLLECTED	Girl	AdventureUI/tweetIconGourd			暗月の精たちが空に還されたみたいね。;~また奇跡の時かしら。私奇跡って大好き。									115
JIM_HINT1_OFF	The Scythian				静かな森を奥まで進むと、;パチパチと燃える~焚き火の横に;謎のミュージシャンが座って~いた。									91
JIM_PINKDAWN	The Scythian				静かな森を奥まで進むと、;パチパチと燃える~焚き火の横に謎の男が;座っていた。 #jimguthrie									95
JIM_BRIGHTMOON	The Scythian				明月のそびえ立つ夜、;パチパチと燃える~焚き火の横で;謎のミュージシャンと出会った。;~ジム・ガスリーというらしい。 #サントラリミックスアルバム絶賛発売中♡		128	070.jpg	07G00					125
JIM_POSTSWORCERY	The Scythian				謎のミュージシャンのジムは;私がソーサリーを~使うのを見ていた。;結構気に入ったみたいだ。									103
JIM_POSTGOURD	The Scythian				謎のミュージシャンのジムは、;~よければ歌を披露しよう、と申し出てきた。									124
					ジムに、焚き火の横に座るよう促された。									42
JIM_POSTSONG	The Scythian				ジムは邪悪な思想もドラゴンのひと咬みも、;~否定しては駄目だと言った。									101
			Archetype/trifecta		彼によると、今から２週間後、;湖のあちら側~でロックフェスが;開催されるのだという。									103
JIM_LOGFELLATHOUGHTS	Logfella				不思議と懐かしい感じがする…;どこで聞いた~曲だろうか？ #1000songs									71
					何だ？不思議な感じの曲が突然頭の中で;響き~始めたぞ。 #andwegotolder									77
LOGFELLA_JIMTHOUGHTS	Logfella				この曲、もうずっと頭の中で流れてる…;~短いメロディーが繰り返され続けてる。;~これは一体なんなんだ？									125
ARCHETYPE_OTHERSIDEOFLAKE	The Archetype				境界域を安全に超えて戻ってくる方法は;~簡単です。見覚えのある場所で、;~暖炉のぬくもりを求めるのです。									120
					意識さえはっきりと保てれば、;共に創造する~こともできるでしょう。;~争い、抗い、呪う必要はないのです。									130
					夢のなかで意識を保つことに成功すると、;~自分自身の思い描く自己像を見ることが;~できます。ですが夢に入るということは;~夢に飲まれるということでもあります。									129
					何度訪れた夢であっても、いつもどこかに~;新しい発見や「意味ありげなつながり」が;~見つかるものです…;~あなたに信じる力があれば、ですがね。									124
GIRL_MOONGROTTOCOMMENT	Girl				もしかして、;宇宙が一拍はずして何もかもが;~ちょっとずつズレタんじゃ…ないかな。									105
LOGFELLA_MOONGROTTOCOMMENT	Logfella				０から１までの道のりは果てしなく遠い~;～宇宙人からのハローは暗号化された;~ステレオサウンド～……って何だこれ？#EvilThoughts									105
GIRL_HUGETREETHOUGHTS	Girl				もちろん、女神大樹の夢だなんて;他の人には~言わないわよ。そんなことしたら;ヒッピーとか~呼ばれちゃうもの。									122
					私だけの特別な場所には、内側が空洞になった;~巨大樹があるの。その樹は、人類なんかより;~はるかに昔から存在する女神なのよ。									127
					私が夢歩きするところには、;来たら絶対に行く~特別な場所があるの。;世界の中心にある、;~樹々の議会が開かれる場所なのよ。									111
LOGFELLA_HUGETREETHOUGHTS	Logfella				同じ樹でも、様々な天気の下で見るのって…;~いいんだぜ。俺はただそこに立ち尽くして;耳を~澄ませるんだ。;無心になったり、考え事したり~しながら。									130
					俺はあんまり長く夢歩きしないが、;行ったら~必ず同じ場所をめぐって;何か変わってないか~確認するね。									123
MIRACLE1_MOUNTAINMEADOW	The Scythian				奇跡の力で嵐を消し去った。景色は一変し、;~草原は陽の光に照らされている。									110
MIRACLE1_YELLOWTRIGONCOLLECTED	The Scythian				頭が混乱していた。凄まじい頭痛がした。;~草原のあちこちが陽の光に照らされていた。									100
LOGFELLA_YELLOWTRIGONCOLLECTED	The Scythian				恐ろしく深い眠りから覚め、;意識がもうろうと~していた。;何が起きたかもよく思い出せず~にいた。									89
			triangle/Triangle		そうだ、草原で奇跡を起こし、;~黄金のトライゴンと遭遇したのだった…。									86
			triangle/Triangle		…あれで一体どんな力が手に入ったのだろう？									40
			triangle/Triangle		丸太さんにどんな戦闘だったかを話した。;~彼は猛烈に興奮していた		81	071.jpg	R7C14					124
			triangle/Triangle		彼は、黄金のトライゴンがあれば;草原の~鉄扉が開き、その先にあるという;「不気味な~言い伝え」の正体を確かめられる;のでは~ないか、と考えたようだった。									126
					でも丸太さんは「不気味な言い伝え」が;~怖いので、家に帰って薪を割った。 #薪割り									84
LOGFELLA_BEFOREYELLOWBEAM	The Scythian				木こりの丸太さんは嵐を消したことに;~スーパー感謝していた。さっそく薪割りを;~再開したくてウズウズしている。									121
					丸太さんから「草原の鉄扉は洞くつに通じる道;~を塞いでいるのだが、何故だか知らないか？」;~と聞かれた。何故なんだろう？									113
LOGFELLA_YELLOWTRIGONTHOUGHTS	Logfella				変だな…草原の奥あたりの森から、;金色の~光の柱がのぼっている。;まさか誰か~トライゴンの森の秘密を…？		89	072.jpg	67F24					125
LOGFELLA_URSULAMEADOW	Logfella				あのスキタイのムスメ、大丈夫だろうか。;~色々と大変そうだけど。									62
SCYTHIAN_YELLOWTRIGONCOLLECTED_OFF	The Scythian				目を覚ますと、木こりとその娘が;私の顔を~覗き込んでいた。 #サラリと新事実									68
					草原はいつもと変わらない姿をしていた。;~あんな事があったのに、;後には何も残されて~いないのだ。									90
GIRL_YELLOWTRIGONCOLLECTED	The Scythian				私が話す奇想天外な話も、;オトメちゃんは~黙って聞いてくれた。;黄金のトライゴンと~遭遇した話だ。									88
			triangle/Triangle		オトメちゃんは、草原近くの洞くつを;抜けた~先にある、トライゴンの森の;秘密について~思いを巡らせているようだ。;何か関係があるの~だろうか？									117
GIRL_YELLOWTRIGONTHOUGHTS	Girl				あのスキタイのムスメ、本当に大丈夫かなあ。;~嵐が去って数日経つけど、姿が見えないし。;~無事だといいけど。									126
GIRL_URSULAMEADOW_OFF	Girl				ええっ！;ずっと草原で気を失ってたって~こと！？;マジで…？									63
DOGFELLA_GETDARKTRIGON	The Scythian				トライゴンの森で;さらに光の柱が立った~後から、;イヌさんの様子が少しおかしい。									120
			Archetype/trifecta		突然、イヌさんのことが理解できた気がした。;~彼は私に暗月のトライゴンを見つけさせて、;~トライゴン・トライフェクタを;完成させたい~のだ。									116
DOGFELLA_GETBRIGHTTRIGON	The Scythian				トライゴンの森で;さらに光の柱が立った後~から、;イヌさんの様子が少しおかしい。									120
			Archetype/trifecta		突然、イヌさんのことが理解できた気がした。;~彼は私に明月のトライゴンを見つけさせて、;~トライゴン・トライフェクタを;完成させたい~のだ。									118
DOGFELLA_THREETRIGONS	The Scythian				トライゴンの森で;さらに光の柱が立った後~から、;イヌさんの様子が少しおかしい。									120
			Archetype/trifecta		突然、イヌさんのことが理解できた気がした。;~彼は私に３本目の光の柱を立てさせ、;~無限の渦への扉を開けさせたいのだ。									124
DOGFELLA_TRUTHBOMB	Dogfella				ワン ワン ワン！									15
					ワン ワン！ クンクン…ワン！									21
					ミンギ・トウの頂上にある無限の渦は、;~絶世の大書を持つ者を待っている。									96
					ワン ワン ワン ワン ワン！									25
					ワン ワン ワン！									15
GIRL_AFTERYELLOWBEAM	The Scythian				オトメちゃんは、木こりが薪割りをする横で;~石に腰かけている。									75
			Archetype/trifecta		私はトライゴンの森に伝わる秘密と、;~コーカサス地方の山の民が言う「奇妙な夢」;に~ついて聞いてみた。									110
					彼女は、コーカサス人の夢にはたくさんの謎が;~あること、そして夢の内容が月の満ち欠けで;~奇妙に変化することを教えてくれた。									126
					山小屋の暖炉前に座れば、;「夢歩き」に~出かけたり、;ただ体を休めたり自在に~できるのだそうだ。									120
			Archetype/trifecta		私はなんとなく、;残り２つのトライゴンは~夢の中にあるかもな、;と思った。									103
LOGFELLA_AFTERYELLOWBEAM	The Scythian				丸太さんはまた薪を割り出した。;~怖いくらい集中している。									101
			triangle/Triangle		丸太さんも草原の奥から空に昇る光の柱を;~見たという。私は、トライゴンの森の;秘密に~ついて聞いてみた。									120
					彼は祖先から受け継いできた;古い物語を話して~くれた。;小さな子を怖がらせるための、~よくある話だ。									89
			Archetype/trifecta		かつてトライゴン・トライフェクタを;探す~ため、この見捨てられた山脈まで;やってきた~スキタイの者たちがいたという。									124
			gourd/gourd		彼らはここで、なんとか森の精を見つけて;~すべて空に還し、次に奇跡を起こす場所を;~探し求めたそうだ。									127
			Archetype/trifecta		そうしてトライゴンの森に３本の光の柱を~;立てようと捜索を続けたが、;トライゴンが~いつどこに現れるのかは;分からなかったと~いう。									128
					その後も長い間、ミンギ・トウの古道を;あても~なく探し回ったものの、;最後にはウンザリして~やめてしまった。									122
					だがある日、スキタイの一団は;古道のわき道で~皆殺しにされてしまう。;不死の亡霊が~現れたのだ。彼らの墓は;今でもいくつか残って~いるという。									131
					私は丸太さんに、よくできた話だけど;全然怖く~なかったと伝えた。									92
GIRL_GRAVESCOMPLETETHOUGHTS	Girl													0
ARCHETYPE_MOONGROTTO	The Archetype				おや、月の洞穴で月の満ち欠けを操る術を;~身につけたのですね。;さて、この時間的~パラドックス、;いつまで持つのでしょうか…。									121
MIRACLE2_ISLAND	The Scythian				明月輝くこの夜に、;静謐なる湖の真ん中に~現れたアリエン島で、;月の奇跡を起こした。		136	073.jpg	W7A3K					125
MIRACLE2_PINKTRIGONCOLLECTED	The Scythian				ついに ねんがんの 明月のトライゴンを ;~手にいれたぞ！ #トライゴンゲットだぜ		155	068.jpg	56F8U					65
MIRACLE2_BRIGHTMOONTRIGONCOLLECTED	The Scythian				いっそここで「果たすべき使命」を;やめて~しまおうかとも思ったが、;殉死という言葉は;~なぜかとても魅力的に響いた。									129
					まあいいや、結局は同じこと。;無限の渦に~飛び込む前に;身体検査があるわけでもないし。									127
					夢を歩き、トライゴンを従えたことで、;~私の体からは確実に何かが「失われて」いる、;~と確信した。									102
					光と音がやむと、私は湖ぎわに倒れていた。;~また酷い頭痛がした。;鼻に触ると、~血が出ていた。									118
GIRL_BRIGHTMOONTRIGONCOLLECTED	The Scythian		Archetype/trifecta		オトメちゃんがいた。明月のトライゴンに;~夢の中で遭ったことを話し、;~これからトライゴン・トライフェクタを;~集めるつもりだと伝えた。									126
					オトメちゃんは「夢で逢うなんてカッコイイ。;~私も見たかった」と言った。 #社交辞令									97
					彼女に、トライゴンの森には;もう行ったのか~と聞かれた。;新たに光の柱を立てられる~だろうか？									101
LOGFELLA_BRIGHTMOONTRIGONCOLLECTED	The Scythian				丸太さんは、「夢歩き」と「奇跡の発現」が;~私の身体に凄まじい負担をかけていることに;~気付いたようだった。									110
					丸太さんは、私が使命を果たすときに;~幸せな結末を迎えないのではないか、;~といぶかしがっている。									95
					丸太さんは、とにかくまめに;小屋の暖炉に~あたって体を休めろ;と助言してくれた。									116
ARCHETYPE_BRIGHTMOONTRIGONCOLLECTED	The Archetype				私どもの研究によると、;被験者の「スキムス」~進捗と;被験者のステキさには強い関連性がある;~との結果が出ています。		45	074.jpg	87A43					123
					明月のトライゴンを;探して手に入れた~みたいですね。;実に素晴らしい。									100
MIRACLE3_HUGETREE	The Scythian				月が最も暗くなる夜に、;樹々が集い語らう~場所で、;いかずちの奇跡を起こした。									106
MIRACLE3_DARKMOONTRIGONCOLLECTED	The Scythian				それから…この絶世の大書を;ずっと~持ち歩くのも、かなり辛い。;確かに大書だ、~といったところか。									128
					体は重く疲れきっている…;~きっとあのレーザーとかのせいだろう。									109
					光と音がやむと、私はあの森に倒れていた。;~全身は雨でずぶ濡れだ。ひどく寒い。									101
GIRL_DARKMOONTRIGONCOLLECTED	The Scythian		Archetype/trifecta		オトメちゃんがいた。暗月のトライゴンに;~夢の中で遭ったことを話し、;これから~トライゴン・トライフェクタを;集める~つもりだと伝えた。									124
					トライゴンが放ってきた虹を叩き壊した;時の~ことを話すと、;オトメちゃんは「ヤバイね」~と言っていた。									111
					実話と信じられないからか、;彼女は私の話を~聞き流していた。									55
LOGFELLA_DARKMOONTRIGONCOLLECTED	The Scythian				丸太さんは、「夢歩き」と「奇跡の発現」が;~私の身体に凄まじい負担をかけていることに;~気付いたようだった。									110
			Archetype/trifecta		丸太さんは「イヌさんを連れて;トライゴンの~森に行ってみたかい？」;と尋ねた。~もしかしたら、;また光の柱を起動できる~だろうか。									120
ARCHETYPE_DARKMOONTRIGONCOLLECTED	The Archetype				さて。次は何をすればいいのでしょうか？;~ソーシャルネットワークサポートは;本実験の~結果に多大な影響を及ぼす、;というのは~覚えてらっしゃいますね？									123
					こちらから手がかりを;ほとんど提供して~いないのに、;あなたは独力で~暗月のトライゴンを;手に入れたのですね。									108
					暗月のトライゴンを;手に入れたと~聞きましたよ。;素晴らしいじゃないですか。									102
LOGFELLA_FOUNDBOORKEY	The Scythian		AdventureUI/keyItem		丸太さんは鍵に;まったく見覚えがないよう~だった。									91
			AdventureUI/keyItem		…？									4
GIRL_FOUNDBOORKEY	The Scythian		AdventureUI/keyItem		オトメちゃんは鍵を見て;「鍵が掛かっている~扉を;見逃さないようにしたほうがいい」;と~助言をくれた。									99
					彼女はそれ以上何も言わなかった。;~そういえば、ミンギ・トウへ続く古道で;~何か見たような…？									107
ARCHETYPE_GROTTOPARADOX	The Archetype													0
					月の洞穴で月の形を変えたら									68
ARCHETYPE_KILLBOOR	The Archetype				さてさて、これは何の鍵なのでしょうかね。;~正直に申し上げて、さっぱり分かりません。		119	075.jpg	87C5S					88
					別にこの件であなたの事を;~「社会不適合者だ！」;なんて言うつもりはない~ですよ…;きっと何か理由があったのでしょう？ #さらばクマズリー									130
					ひとつ申し上げておくと、クマズリーは、;~被験者が暴力的、反社会的行動を取るよう;~誘導するために登場しています。									126
					今、クマズリーが殺害されたと;報せが~あったのですが、何かご存知ですか？ #クマズリーの悲報									108
ARCHETYPE_SPAREBOOR	The Archetype				さてさて、これは何の鍵なのでしょうかね。;~正直に申し上げて、さっぱり分かりません。		119	075.jpg	87C5S					88
					まあ、そういうわけで、良かった、良かった。;~善き行いでしたよ。									50
					実はクマズリーは、被験者が自らの持つ;~思いやりや理性を認識させるために;~登場しています。									118
					今、クマズリーが無事に逃がされたと;報せが~入りました。;いや、実に良いニュースです。									108
LOGFELLA_FOUNDATION	Logfella				...									3
					...									3
					...									3
SCYTHIAN_FOUNDATION	The Scythian				山小屋の横にあるユリの咲く池で、;森の精を~目覚めさせた。それが;何を意味するのか~よくわからないけれど。									123
					吹きすさぶ嵐の中でソーサリーの歌を習得し、;~眠り続ける森の精を召喚した。									111
					ん？なんかワタシ口調おかしい？;~ここだけ普通の独り言っぽくなっちゃってる？ #校正漏れ									118
					思考が時系列に沿って、;考えた順に並んで~いる？ということは、;これはワタシが何秒か~前に;考えていた事？									125
					なるほど、これが絶世の大書なのね。;あらゆる~思考を収集して言語的に記述する、;なるほど。~じゃ、考えた先から文章に;なってるってこと？;~フム…？									130
GIRL_FOUNDATION	Girl				...									3
					...									3
					...									3
DOGFELLA_FOUNDATION	Dogfella				...									3
					...									3
					...									3
LOGFELLA_DARKMOON	The Scythian				丸太さんが;自分の夢歩きの事について話して~くれた。;それは夜明け前の時間、暗い空の下、;~嵐が吹きすさんでいた時のこと。									109
					草原の奥にある森のほうで脈打つような;~ピンク色の光が見え、;恐怖を具現化させた~ような;気味の悪い歌が聞こえてきたという。									117
					…どうやら丸太さんは;暗月のロックフェスを~見かけたようだ。									71
GIRL_DARKMOON	The Scythian				オトメちゃんが;自分の夢歩きの事について~話してくれた。;それは夜明け前の時間、~暗い空の下、;嵐が吹きすさぶ時だったそうだ。									105
					オトメちゃんはひどい雷雨から逃れようと、;~幹が空洞化した巨大樹の中に;隠れたのだと~いう。									106
					その巨大樹のことはよく知っている。									64
ARCHETYPE_DARKMOON	The Archetype				気をつけて。世界は今、暗月を迎えています。		94	076.jpg	I7F69					32
LOGFELLA_CRESCENTWAX	The Scythian				丸太さんが自分の夢歩きの事について;話して~くれた。それは三日月の輝く晩の、;~夜明け前の時間だったという。									100
					その時に遭遇したのは、;人とも動物とも~つかない不思議な生物で、;裸だったという。;~熊？人？それとも…クマズリーだろうか？		57	077.jpg	I7G7U					123
GIRL_CRESCENTWAX	The Scythian				オトメちゃんは興奮していた。;太陰暦における~新たな月の始まりなのだ。;彼女は石の上に~ずっと座っていた。;嬉しそうだ。									120
ARCHETYPE_CRESCENTWAX	The Archetype				暗月がかすかに輝いていますね。;~太陰暦における新たな月の始まりです。		118	045.jpg	Y4E5Q					100
LOGFELLA_HALFWAX	The Scythian				ただ丸太さんは、薪木だけはもう十分;蓄えて~あることを認めた。									95
					コーカサス山岳地帯の冬は、;草原ばかりの~スキタイとは;比較にならないほど厳しく、;~雪も相当に積もるのだという。									126
					丸太さんは長く厳しい冬を越すために、;~十分な食料と薪木を蓄えておきたい;と考えて~いるようだ。									92
GIRL_HALFWAX	The Scythian				昨夜の夢で、私は森を歩いていた。;途中で~マフィンが食べたくてしかたなくなった;の~だが、結局マフィンはどこにもなかった。		108	078.jpg	07D87					112
ARCHETYPE_HALFWAX	The Archetype				世の中には「月の満ち欠けと凶気には;何の因果~関係もない」なんて言う;民俗学者もいますが、~ありえませんよね。									103
LOGFELLA_ALMOSTWAX	The Scythian				丸太さんは「これまでゴゴリチク・マスと;~ミンギ・トウの険しい山道について;きちんと~考えたことなどなかった」と言った。									125
					ただ話が終わる頃になると、;不死の亡霊、~ゴゴリチク・マスに;とりつかれ始めたよう~だった。									118
					彼によると、明月と暗月の夜は;ひどく気味悪い~空気が漂うという。									117
GIRL_ALMOSTWAX	The Scythian				オトメちゃんは月について何か言っている。;~次の明月がいつかを気にかけているようだ。									123
ARCHETYPE_ALMOSTWAX	The Archetype				日ごとに月は満ちていく…;あと数日で明月だが…;~だからどうしたというのだ？		165	046.jpg	P4B6A					101
LOGFELLA_BRIGHTMOON	The Scythian				丸太さんによると、彼の犬は明月の日は;~少し行動がおかしくなるという。		135	061.jpg	M6F1I					110
GIRL_BRIGHTMOON	The Scythian				オトメちゃんが自分の夢歩きの事について;~話してくれた。それは明月がそびえ立つ晩の、;~夜明け前~の時間だったそうだ。									120
					張り詰めた朝の空気を切りながら;湖を~歩いていると、湖の真ん中に;アリエン島が~現れたのだという。									88
ARCHETYPE_BRIGHTMOON	The Archetype				ほら、外に出て空を見上げて！;夜空に~そびえ立つ明月を;眺めてきてください。		95	079.jpg	07D95					74
LOGFELLA_ALMOSTWANE	The Scythian				丸太さんによると、;彼は伝説のたぐいが大の~苦手で、;聞いていると寝てしまうらしい。;~その割にはとても博識だけれど。									126
					丸太さんはミンギ・トウのことを;知り尽くして~いた。もちろん、;雲の王国と呼ばれる由縁も。									85
					ミンギ・トウは発見されている山の中で;~世界で一番高い。;その高さはオリンポス山を~凌ぐという。									125
					またミンギ・トウの頂上は;いつも雲に~覆われており、;その中には無限の渦への~入り口が;あるのだという。									124
					彼自身はミンギ・トウを恐れているから、;~登ったこともなければ;登るつもりもない~という。									96
GIRL_ALMOSTWANE	The Scythian				オトメちゃんは、明月の前後には;取ったはずの~キノコが生えそろっている;ことを不思議に~思っていた。;なぜなのだろう？									110
ARCHETYPE_ALMOSTWANE	The Archetype				月の光が昨日よりも少しだけ暗い。;明月を~迎えた月が、欠け始めたのだ。									99
LOGFELLA_HALFWANE	The Scythian				丸太さんによると、;彼は伝説のたぐいが大の~苦手で、;聞いていると寝てしまうらしい。;~その割にはとても博識だけれど。									126
					丸太さんによると、;ミンギ・トウはスキタイ~やペルシャで;「永遠の山」として知られている~そうだ。									95
					何でも、はるか昔に忘れ去られた種族が、;~ミンギ・トウの奥地にある生命を持つ岩を;~削り出して寺院を作ったのだそうだ。									118
					また、ミンギ・トウ付近の;地下通路や~洞穴なども、;その生命を持つ岩を彫って~作られた~という。									114
					丸太さんが言うには、;あの洞穴のような~空間ははるか昔、;絶世の大書を安全に保管する~ために;作られたらしい。									108
GIRL_HALFWANE	The Scythian				オトメちゃんが先日、;石壁の先まで散歩に~行った際;、確かにゴゴリチク・マスの恐ろしい~気配を;感じたと言った。		30	080.jpg	V8B04					117
ARCHETYPE_HALFWANE	The Archetype				月は欠けるサイクルに入りました。~;暗月まであと１週間もないでしょう。									73
LOGFELLA_CRESCENTWANE	The Scythian				丸太さんによると、;彼は伝説のたぐいが大の~苦手で、;聞いていると寝てしまうらしい。;~その割にはとても博識だけれど。									126
					丸太さんは;ゴゴリチク・マスについても~知っていた。;あの、ミンギ・トウの奥を~徘徊する;不死の亡霊だ。									112
					無限の渦は我々の理解を越えるもので、~;絶世の大書もはるか昔の石の時代に;渦の中から~現れたのだそうだ									127
					また彼は「思考の収集と言語的記述の;仕組は~宇宙を旅してきた不死の種族;が人類に残した~もので、彼らにとっては原始的な;ものなのだ」と言った。									122
					これらの不死の民が人類に文明を与え、~;結果として避けられない「絶滅」を;運命づけて~いったのだと。									125
					古代スキタイ人はこれを得体が知れないもの;~と考え、絶世の大書と不死の番人を;まとめて~隔絶した環境に封じ込めたという。									129
					そして不死の番人は、;それ以来あの暗闇の中に~蠢き続け、;退化してゴゴリチク・マスと~なった。									127
					…そろそろ上手く切り上げないと、;丸太さんは~このまま延々と;訳のわからない与太話を続け~そうだ。									107
GIRL_CRESCENTWANE	The Scythian				オトメちゃんが;欠けていく月について何か~言っている。;間もなくすべてが消え、~暗月が来るようだ。									102
ARCHETYPE_CRESCENTWANE	The Archetype				まもなく暗月。;月の暦もこれできれいに一周~しますね。									66
DARKMOONLOOMS_ARCHETYPE	The Archetype				暗月の時が来ましたね。;まもなく月の暦が~一周します。									64
DARKMOONBEGINS_ARCHETYPE	The Archetype				暗月を見るが良い！		94	076.jpg	I7F69					28
DARKMOON_GIRLTHOUGHTS	Girl				夢歩き中に「樹々が集い語らう場所」に;~行ったら、すごいカミナリが落ちていたの。;~それから、その場所の雰囲気が…;何ていうか~すごく…神秘的だった。									124
DARKMOON_LOGFELLATHOUGHTS	Logfella				昨晩、小屋の裏手の森深くからズン、ズン;~という音が聞こえてきたんだ…。;ありゃあ~何だったのだろうか？									116
DARKMOON_DOGFELLATHOUGHTS	Dogfella				ワン ワン ワン - 睡眠状態の間は、~;私にもぼんやりと森の精が見えるようだ。									94
AMPHITHEATRE_OUTRO	The Scythian				ついにトライゴン・トライフェクタを;~完成させた。歴史に名前が残っちゃうかもね。		164	081.jpg	48G1Q					57
RABBITS_3MURDERS	The Scythian				無力なウサギを３匹殺した。									52
RABBITS_7MURDERS	The Scythian				無力なウサギを７匹殺した。~;私おかしいのかな？									90
RABBITS_13MURDERS	The Scythian				無力なウサギを１３匹殺した。									53
RABBITS_17MURDERS	The Scythian				無力なウサギを１７匹殺した。~;もう誰にも止められない！									72
RABBITS_23MURDERS	The Scythian				無力なウサギを２３匹殺した。									53
RABBITS_37MURDERS	The Scythian				無力なウサギを３７匹殺した。~;このまま続けたらどうなっちゃうんだろう。									119
RABBITS_53MURDERS	The Scythian				無力なウサギを５３匹殺した。~;この衝動はほとんど強迫観念…？									117
RABBITS_91MURDERS	The Scythian				無力なウサギを９１匹殺した。									53
RABBITS_107MURDERS	The Scythian				無力なウサギを１０７匹殺した。;~数えるのを止めたらこの衝動も収まるのかな？									125
ARCHETYPE_CREDITS	The Archetype													0
					スキムスはトロントを拠点とする;ビデオゲーム型共同プロジェクトです。;ご意見ご感想、そして最新ニュースを;チェックする時は sukimusu.jp まで。									125
			Logos/superbrothers		オリジナルコンセプト担当：;Superbrothers Inc. ;（アート & デザイン集団 、superbrothers.ca）									97
					楽曲と一部サウンド担当、;Jim Guthrie;（愛すべき音楽家にしてロックスター、;jimguthrie.org）									93
			Logos/capy		エンジニアリング & 奇跡担当：;Capy;（インディペデントビデオゲーム開発スタジオ、;capybaragames.com）									93
			Logos/eightfour		ローカライズ、マーケティング、;PR、まごころ担当：;有限会社ハチノヨン;(8-4.jp、@84Play)									
					* * * スキムスチーム * * *									29
					コンセプト、アート、デザイン、;ライティングとかそのへん担当：;Craig D. Adams（Superbrothers ;クリエイティブディレクター、@the1console）									119
					デザイン、プロジェクトリーダー、;不撓不屈のサポートとか担当：Kris Piotrowski;（Capy所属、クリエイティブディレクター、;@krispiotrowski）									119
					システム、技術的アーキテキチャ、;UI、エンジンとか担当：Jon Maur;（Capy 所属、スキムスリードテクニカル;プログラマー、@buckets187)									125
					脚本、戦闘、& 奇跡の実現担当：;Frankie Leung（Capy 所属、;スキムスリードゲームプレイプログラマー、;@mpfTempVar）									114
					インスピレーション、楽曲、;サウンド、ソウル、礼儀正しさ担当：;Jim Guthrie（作曲家、フォークの;申し子にしてロックスター、@jampants）									123
					* * * そして * * *									16
					丸太さんの音声、;スクリプトスーパーバイザー：須田剛一;（株式会社グラスホッパー・マニファクチュア;ghm.jp、@suda_51）									129
					スキタイのムスメの声：Robyn Cumming;（写真家、robyncumming.com）									75
					アーキタイプの音声、マブダチ、;ときどき経理担当：;高橋智彰									97
					月の洞穴の宇宙サウンド：;Scientific American ;（scntfc.com、@scntfc）									85
					* * * CAPYサポート * * *									24
					エグゼクティブプロデューサー、;みんなのヒーロー、;リーダーシップ & ストラテジー：Nathan Vella;（Capyプレジデント、@Capy_Nathan）									115
					"オーディオ技術支援、fMOD 統合、;素敵なサウンドたくさん：;Sean ""Uber"" Lohrisch;（Capy共同設立者）"									113
					"管理 & 業務補助：;Matt ""Juggalord"" Repetski;（Capy共同設立者）"									86
					"品質管理 & 超絶プレイテストヒーロー：;Christian ""Sea Dawg"" Meyer;（Capy所属、@fiddler6）"									93
					スペシャルサンクス！：;Xavier Xaden Xen、Joseph Theodore Blocco、;Hank Hudson									67
					* * * SUPERBROTHERSサポート * * *									33
					連絡、コミュニケーション、;品質管理、インスピレーション、;恐るべき忍耐力と盛り上げ担当：;Jori Baldwin（@aurorajorealis）									130
					業務／経理補助 & 盛り上げ担当：;Mack C. Adams（@mackaraja）									97
					さらにスペシャルサンクス：Sheila Precious、;David Adams、Sarah Adams、Cimarron Corpe;（あの嵐で船が沈まなかったのは;アナタたちのおかげです）									125
					超絶サンクス：Jim Guthrie;（未知への挑戦だったのに;参加してくれてありがとう）									84
					それから、ステキなサウンドの数々を;快く提供してくれた Timothy Muirhead;に、ありがとう。									67
					* * * 8-4サポート * * *									
					超絶的翻訳担当：;矢澤竜太;（@lye_）									
					魔法的エディット、究極アドバイザー：;結城昌弘;（株式会社グラスホッパー・マニファクチュア;ghm.jp、@You_to_the_ki）									
					激ヤバロゴデザイン担当：;POLYGRAPH;（polygraph.jp、@polygraph_suwa）									
					超技術的ウェブサイトプログラミング担当：;Jonathan Lumb;（jonnyram.com、@jonnyram）									
					リミックスアルバムのアーティストの皆様;~（@baiyon、@akirayamaoka、山根ミチル、;@macotom3、Decasségui Hip）の莫大なる;~サポート、山田秀人の深い友情に感謝です！									
					* * * カナダ自治領 * * *									34
			Logos/omdc		このプロジェクトは; Ontario Media Development Corporation（OMDC）;からの経済的支援を受けて実現されました。									110
					* * * みんなありがとう！ * * *									33
					いてくれてありがとう：;Brandon Boyer（@brandonnn）;Matthew Kumar（@mathewkuma）;Jason DeGroot（@jason6955）									128
					トロント地域の情熱溢れる;ビデオゲームコミュニティ、;The Hand Eye Society と TOJam のみんな、;そして Gamercamp へ。みんな愛してる。									120
					愛する家族と友達へ：愛してるよ！;また会える日を楽しみにしてる。;最後に会ってから、;何か変わったことあった？									115
					このプロジェクトを支え、;励ましてくれた人たちへ：;このタイトルに興味を持ち、根気強く信じて;待ってくれて、本当にありがとう！									124
					* * * 開発プロセス * * *									19
					ピクセルアートワークはすべてCosmigo 社の;Pro Motion で制作、その他のビジュアル要素は;Adobe Illustrator & Photoshop で;制作しました。									128
					サウンド & 楽曲は Codemasters社の;MTV Music Generator（PS1）と ;Apple社の Garageband & Logic Studio で;制作しました。									121
			Logos/FMOD		サウンド & 楽曲のプロジェクト実装には; Firelight Technologies社の FMOD を;利用しました。									85
					プログラミング言語は; C++ と Lua スクリプト（tolua++）。;マップ & ステージ内の各エレメントは; Capy社の独自ツールで制作しました。									120
					月齢計算アルゴリズムはご厚意により;voidware.com/moon_phase.htm  ;を利用させてもらいました。									91
					スキムスでは; twitter-xauth、tinyxml、libpng/zlib ;の API を使用しました。									80
					２００９年９月１日の; Independent Games Festival  ;に超超初期段階ビルドを提出する。									93
					２００９年１２月１日、スキムス公式発表。									44
					２０１０年初め、プロジェクトが IGF Mobile  の; 「アートにおける達成」賞を受賞。;ガチで光栄の至り。									120
					２０１０年２月１４日、トロントで開催された; Hand Eye Society のソーシャルイベントにて、;初となるビルドの公開ライブデモを実施。									126
					２０１０年３月９～１３日まで;サンフランシスコで開催された; GDC 2010 で初のプレイアブル出展。									127
					GDC に出展したビルドの;無編集ゲームプレイ動画を;オンラインで同時公開。;チョットだけ話題になる。									109
					２０１０年３月、「Less Talk, More Rock:;The Native Language of Videogames;（言葉少なくロック多めで：ゲームの母国語）」;が Boing Boing にて公開される。ググってみて！									128
					その後プロジェクトは;数ヶ月ほど「潜り」ます。;この期間に、僕らはゲームを;カチカチ作っていったわけです。									118
					２０１０年９月２２日、オースティンの; Fantastic Arcade にて Craig D. Adams が講演;「The Intoxication of Mythology （神話中毒）」;を語った。									121
					トロントの Gamercamp にて;Jim Guthrie、Kris Piotrowski、;Craig D. Adamsがオーディオと;ビジュアルの融合に関する基調講演を担当。									121
					でも完成まではまだまだ。									54
					２０１１年２月２４日、発売前に;新動画「Audience Calibration Procedure;（視聴者調整プロセス）」を公開。									124
					２０１１年の春分の日直前、;iPad  版スキムスがついに発売。									116
					トロントの TIFF Lightbox にて;発売イベント。滅茶苦茶楽しかった。;君にもぜひ来て欲しかったよ。									121
					ついに iPhone & iPod Touch 版スキムスも;発売に。再びお祭り騒ぎ起こる。									83
					これ以降の動きは色々はっきりしていない;ので、最新情報は swordandsworcery.com を;チェックしてね！（英語のみ）									82
					* * * ツイート、しちゃう？ * * *									24
					スキムスは、;インプット・アウトプット・シネマ;という斬新な実験的試みです、;それが何かよく分からないけど。									99
					スキムスは;かつての名作アドベンチャーゲームに;特徴的なオーディオビジュアル要素を加えた;新しいアプローチを取っています。									105
					スキムスの制作にあたり、ビデオゲーム界の;先駆者である宮本茂氏、Jordan Mechner氏、;Eric Chahi氏、上田文人氏からは;特に多大なインスピレーションを受けました。									125
					スキムスは、;私たちの思いのたけをぶつけた;ファミコン・ドリームです。		38	082.jpg	28B24					36
					スキムスは、Robert E. Howard氏著;「Sword & Sorcery(剣と魔法の物語)」の;物語に秘められた伝承詩的精神宇宙性も;意識して製作されています。									117
					スキムスとは、過去へのリンクです。		167	083.jpg	18E3V					31
					スキムスは;初作品で、確かに実験的な色合いが強いです。									60
					スキムスでは;美術コンセプトを「アーキタイプ-元型-的;ビデオゲームアドベンチャー」;としています。									71
					スキムスの世界を見渡すと、;Carl G. Jungと彼の残した;名著「赤の書」を参照した内容が;そこら中で見つかります。									96
					スキムスは、よく理解できないけど、;とにかく小粋でこぢんまりとした作品。;指でいじくり倒して操作する例の板っぽい;機械を持っている人は全員プレイすべき。									129
					スキムスはどう考えても間違いなく;文句なしに５つ星！これツイートしたら; App Store で詳細レビュー書いてくる！		87	084.jpg	L8A48					121
					スキムスとは、荒削りながらも;ビデオゲームの形をした俳句。;語られるのは人生、命、そして死。									61
					スキムス ＝ 神話と夢のイイトコどり。									42
					スキムスは、基本的にどんな人でも;楽しめるようになっていると思う。									66
					スキムスは当初「Poopsock;（日本でいうペットボトラー）」;という名前になる予定だった。ホントに。									77
					* * * おしまい * * *									21
					さてこの後には何が待ち受けるのか…？;通信がなんちゃらって何だったんだろう…？;未来はどうなってしまうのか！？									111
					さて、僕らは色々と積極的に活動してます。;気になった方は;インターネットで検索よろしく！									105
					あ、それとスキムスの;オーディオビジュアルスタイルを;気に入ってくれたアナタ、;お友達に紹介よろしく！									106
					さて、これで僕らは;永遠にコズミックフレンドだ、いいね？									38