id	user	icon	portrait	English	Japanese	Final Notes	pic	Filenames	Codes
GIRL_TONGUES	Girl			En un prado bañado por el sol, lejos de las estepas devastadas por la guerra de Escitia, conocimos a una chica de cabello oscuro. #helloworld			72	001.jpg	Z0E1Q
				Los montañeses del Cáucaso la conocían como Samae y parecía amable. #obviously					
SIGN_TADPOL	The Scythian			"""El hogar es donde está el corazón."" #letsmeetindreams"					
SIGN_WALL	The Scythian			"""Escitia, Cimeria, Asiria y Persia, son todos reinos de los hombres. Mingi Tau es el Reino de las Nubes."""					
SIGN_CHASM	The Scythian			En el borde del Precipicio Peligroso, había una piedra tallada con el glifo de una espada apuntando al cielo bajo los colores del arcoíris.					
				Los escitas detestamos los arcoíris. #loathsomerainbows			21	002.jpg	40C27
SIGN_BIRDTREE	The Scythian			En un sendero lateral que se alejaba del antiguo camino, encontramos una piedra tallada con una serie de glifos indescifrables.					
				En medio de los glifos indescifrables reconocimos una serie de glifos lunares.					
SIGN_BIRDTREEDECIPHERED	The Scythian			En un paso lateral que se alejaba del antiguo camino, encontramos una piedra tallada con una serie de glifos lunares antes indescifrables.					
				Los glifos hablaban de un lugar secreto en las inmediaciones «donde se puede alterar el temperamento de la luna».					
				¿La Gruta Lunar...? #moongrotto #whatisit #itsamystery			205	003.jpg	60D3C
SIGN_WOLF	The Scythian			Al margen del antiguo camino había una piedra tallada con un par de glifos en forma de espada y escudo. #hinthint			16	004.jpg	T0C4X
SIGN_ANTECHAMBERLEFT	The Scythian			En un pasadizo subterráneo descubrimos una estatua ominosa, pero no le prestamos mucha atención. #lore			29	005.jpg	V0B53
INFO_CROSSMOUNTAINLEFT	The Scythian			En la escarpada ladera de Mingi Tau, una tumba solitaria marcaba el final de un sendero de grava.					
INFO_CROSSMOUNTAINRIGHT	The Scythian			En la escarpada ladera de Mingi Tau, una tumba solitaria marcaba el final de un sendero de grava.					
INFO_RIDGESKULLPOLE	The Scythian			En la dentada cresta que conduce a la cima de Mingi Tau, había un poste siniestro adornado con una calavera con astas.					
INFO_CROSSRIDGE	The Scythian			En la dentada cresta que llevaba a la cima de Mingi Tau, descansaba una tumba solitaria, un siniestro recuerdo de las muchas personas que habían muerto allí.					
INFO_MEGATOMESTUCK	The Scythian		adventureUI/megatomeItem	Encontramos El Megatomo aferrado entre dos manos esqueléticas y sentimos cómo nuestra espada vibraba en su vaina. #megatome			33	006.jpg	30D6C
DOOR_SIDEBMEADOW	The Scythian			Había una puerta pequeña sin pomo hecha de un material desconocido. El letrero dice «Solo personal autorizado».					
DOOR_UPSLOPEWOODS1	The Scythian			Una puerta cerrada bloqueaba el antiguo camino hacia Mingi Tau en el muro de piedra.					
DOOR_UPSLOPEWOODS3	The Scythian			Una puerta cerrada se escondía entre la maleza del bosque, debajo del antiguo camino que lleva hacia Mingi Tau. #moongrotto					
LOGFELLA_AVATAR			AdventureUI/dudeLogfellaIdle1						
LOGFELLA_INTRO_ADV	Logfella	AdventureUI/tweetIconBabelBook		El leñador cortaba leña. #obviously #woodchopping			71	007.jpg	7E+71
				Los montañeses del Cáucaso lo conocían como Amileño y parecía agradable.					
				Amileño sabía todo acerca de nuestro funesto cometido y accedió a guiarnos por el antiguo camino.					
				Aún así, tuvimos la sensación de que no estaba muy entusiasmado con la encomienda.					
LOGFELLA_TADPOL_WAITING	Logfella	AdventureUI/tweetIconBabelBook		El leñador nos esperó para seguir por el sendero hacia donde comenzaba el antiguo camino.			12	008.jpg	U0D88
LOGFELLA_INTRO_CHASM	The Scythian	AdventureUI/tweetIconBabelBook		Habíamos cruzado el abismo y nos sentíamos muy inteligentes.			22	009.jpg	L0B9S
			adventureUI/megatomeItem	Le informamos a Amileño que estábamos en busca de un inquietante libro de magia oscura llamado El Megatomo.					
			adventureUI/megatomeItem	El Megatomo acechaba más allá del Peligroso Precipicio, en algún lugar de la oscuridad encantada debajo de Mingi Tau.					
			adventureUI/megatomeItem	Decidimos ir en busca de El Megatomo y después escapar con vida.					
LOGFELLA_BEFOREWALL	The Scythian		AdventureUI/keyItem	El leñador nos confirmó que él era el único con la llave de la puerta cerrada en el muro de piedra.					
			AdventureUI/keyItem	Era una llave realmente bonita.					
				Estábamos completamente preparados para mantener pulsado el sendero hacia adelante para avanzar.					
LOGFELLA_POSTTONGUE	The Scythian		adventureUI/megatomeItem	El leñador conocido como Amileño nos esperaría aquí hasta que regresáramos con El Megatomo.					
LOGFELLA_HINT_SITTINGDOWN	The Scythian	AdventureUI/tweetIconBabelBook		El leñador conocido como Amileño había elegido relajarse en un refugio de piedra cerca del Precipicio Peligroso.					
				Amileño parecía saberlo todo acerca del arcoíris repugnante y el glifo que representaba a una espada que apuntaba al cielo.					
				Y sin embargo, Amileño no ofreció ninguna ayuda sobre qué hacer a continuación, lo cual nos molestó un poco, si somos totalmente honestos.					
LOGFELLA_WOLF_HINT	The Scythian	AdventureUI/tweetIconBabelBook		El leñador había visto una especie de criatura espeluznante y supuso que era mejor dejarnos encargarnos de ello.			26	010.jpg	Q1B00
LOGFELLA_DOWNSLOPE	The Scythian		adventureUI/megatomeItem	Habíamos recuperado El Megatomo y Amileño estaba completamente listo para llevarlo a la seguridad de su morada.					
				Sentimos una tormenta que se aproximaba y, sin embargo, una pequeña canción comenzó en nuestro corazón.					
LOGFELLA_CABINMEGATOME	The Scythian	AdventureUI/tweetIconBabelBook		A la luz de la inminente tormenta, Amileño admitió que en ese momento tenía la piel de gallina.					
				¿Troncucho nos estaba asustando a propósito? #yes #no #maybe					
				En cualquier caso, lo más inteligente era permanecer en el refugio durante algún tiempo.					
QUESTCOMPLETE_MEGATOME			adventureUI/megatomeItem	Hemos conseguido El Megatomo y somos los más inteligentes. #gotmegatome			40	011.jpg	81C1E
GIRL_AVATAR			AdventureUI/dudeDaughterIdle1						
ARCHETYPE_AVATAR			AdventureUI/dudeArchetypeIdle1						
ARCHETYPE_TUTORIAL	The Archetype	AdventureUI/tweetIconInfo							
	The Archetype			Damas y caballeros, ¿Qué tal si presionan sobre estos dos pequeños Espíritus Silvanos para apreciar su sistema de sonido estéreo?					
	The Archetype			Desde nuestro experimento anterior en 2011, hemos comprobado que las redes sociales tienen un impacto perjudicial en la sociedad.					
				En esta ocasión, promovemos el aislamiento y la reflexión llena de arrepentimiento.					
				Agradecemos sinceramente que hayas decidido participar en este tratamiento experimental para la aflicción profunda del alma.					
				Encontrarás que esta primera sesión de S:S&S EP es bastante sencilla y suele durar entre 15 y 30 minutos.					
				¿Tienes auriculares? ¿Estás listo para comenzar? Presiona 'jugar' y ¡empecemos!					
ARCHETYPE_TUTORIAL_NOTWITTER	The Archetype	AdventureUI/tweetIconInfo							
	The Archetype			Damas y caballeros, ¿Qué tal si presionan sobre estos dos pequeños Espíritus Silvanos para apreciar su sistema de sonido estéreo?					
	The Archetype			Desde nuestro experimento anterior en 2011, hemos comprobado que las redes sociales tienen un impacto perjudicial en la sociedad.					
				En esta ocasión, promovemos el aislamiento y la reflexión llena de arrepentimiento.					
				Agradecemos sinceramente que hayas decidido participar en este tratamiento experimental para la aflicción profunda del alma.					
				Encontrarás que esta primera sesión de S:S&S EP es bastante sencilla y suele durar entre 15 y 30 minutos.					
				¿Tienes auriculares? ¿Estás listo para comenzar? Presiona 'jugar' y ¡empecemos!					
ARCHETYPE_FOUNDATION	The Archetype			S:S&S EP no busca ofrecer una experiencia trascendental, sino liberar el sistema nervioso de los patrones habituales.					
				Otro aspecto de la 'configuración' es el contexto cultural y las ideas predominantes sobre la realidad y la normalidad. Por ahora, evitaremos discutir esto.					
				La 'configuración' incluye la comodidad, seguridad y calidez del espacio en el que tendrás la experiencia.					
				Hemos descubierto que las personas relajadas y curiosas tienden a disfrutar más de S:S&S EP.					
				'Entorno' se refiere al estado mental y la estructura de personalidad que llevas a la experiencia, como tus pensamientos, estados de ánimo y expectativas.					
				Hablemos del entorno y la configuración para tener una experiencia positiva con el altamente psicoactivo Superbrothers: Sword & Sworcery EP.					
				La conciencia expandida, el potencial ilimitado e inexplorado de la mente, es lo que en Superbrothers llamamos 'Espadamancia'. #sworcery					
				La Espadamancia se puede entender como una técnica psiónica que permite percibir una realidad dentro de la que ya conoces.					
				Para detener la Canción de Espadamancia, simplemente toca dos veces el aura que rodea a La Escita.					
				Una vez que hayas comenzado a entonar la Canción de Espadamancia, desliza el aura para mirar alrededor.					
				Para entonar la Canción de Espadamancia, mantén pulsado sobre La Escita durante un momento y observa cómo se forma el aura.					
				Como puedes ver, El Megatomo recopila y almacena transmisiones de pensamiento lingüístico. Desplázate hacia abajo para ver en qué estaba pensando antes.					
ARCHETYPE_MEGATOMETUTORIAL	The Scythian		adventureUI/megatomeItem	"""Muy bien hecho, has aprendido la Canción de Espadamancia y ahora el insondable poder de El Megatomo es tuyo."""			47	012.jpg	31E2F
			adventureUI/megatomeItem	"""El Megatomo intercepta transmisiones de pensamiento lingüístico y contiene todo lo que necesitarás para completar tu funesto cometido."""					
			adventureUI/megatomeItem	"""Se me acaba de ocurrir algo... ¿Qué tal si abres El Megatomo y descubres lo que se oculta en mi mente?"""					
				"""Busca un triángulo blanco en la esquina superior derecha... tócalo y luego equipa El Megatomo para revelar lo que está oculto."""					
LOGFELLA_STORM	The Scythian			El leñador conocido como Amileño había renunciado a cortar leña debido a la siniestra tormenta. #wetboots					
			adventureUI/megatomeItem	Amileño nos recordó cómo la tormenta había comenzado poco después de que recuperamos El Megatomo debajo de Mingi Tau.					
				¿Estaba Amileño insinuando sutilmente que deberíamos intentar hacer algo para disipar la tormenta? #yes #no #maybe					
GIRL_STORM	The Scythian			La chica de cabello oscuro conocida como Samae estaba muy afligida. #woe					
			gourd/gourd	Desde que comenzó la tormenta, Samae había estado observando las melodiosas brumas de los Espíritus Silvanos que dormían en los bosques cercanos.					
			gourd/gourd	Se preguntó si los tres Espíritus Silvanos podrían ayudar a disipar la tormenta. #yes					
			gourd/gourd	Nos pidió que investigáramos las melodiosas brumas que burbujeaban en el estanque profundo frente a la choza.					
			gourd/gourd	Samae habló de un espíritu en un prado cercano y de otro en un nido, hogar de tres pájaros cantores empapados por la lluvia.					
			gourd/gourd	Samae nos dijo que buscáramos las melodiosas brumas de estos tres Espíritus Silvanos y los enviáramos al cielo usando la Canción de Espadamancia.					
ARCHETYPE_SWORCERY	The Archetype			"""Ha llegado el momento de aprender la Canción de Espadamancia, una técnica de expansión de la conciencia que revela una dimensión musical mística."""					
			gourd/gourd	"""Mantén la calma y sigue mis instrucciones para despertar al espíritu silvano que duerme en las frescas aguas del estanque profundo."""					
ARCHETYPE_TADPOLES	The Archetype			Era evidente que el hombre extrañamente ataviado esperaba que hiciéramos algo, pero no teníamos ni idea de qué.					
			gourd/gourd	"""¿Ves las melodiosas brumas en el estanque profundo? Un espíritu silvano duerme allí y debes despertarlo."""					
			gourd/gourd	"""Entona una Canción de Espadamancia en cualquier momento manteniendo pulsado sobre La Escita para acceder a una realidad dentro de la que ya conoces."""					
			gourd/gourd	"""Guía a las dos pequeñas criaturas que nadan hacia donde duerme el espíritu y envíalas al cielo con tres toques de Espadamancia."""			49	013.jpg	61D3A
GIRL_LOSTKEY	The Scythian			Samae se resguardaba de la lluvia bajo el amplio tejado de madera del pozo.					
				Abandonó la comodidad del fuego en la choza porque, al parecer, Amileño estaba divagando sobre algo.					
INFO_BIRDEYESCULPTURE	The Scythian			Avistamos la escultura de un pájaro enojado sobresaliendo en el prado. #subtlereference			6	014.jpg	F1D48
INFO_MEADOWSHEEP	The Scythian			Observamos a unas cuantas ovejas insignificantes holgazaneando en el prado. #worthlesssheep					
INFO_CABINSHEEP	The Scythian			Otra oveja insignificante, ¿Por qué seguimos mirándolas? #worthlesssheep					
INFO_MEADOWSUN	The Scythian			Podemos recordar vívidamente lo impresionante que parecía el sol en ese primer día de primavera.					
INFO_MEADOWGATE	The Scythian			En el prado había un portón de hierro inamovible que bloqueaba una cueva cavernosa.					
INFO_MEADOWGATEACTIVE	The Scythian			En el prado había un portón de hierro y teníamos la sensación de que tal vez podríamos abrirlo de alguna manera.					
INFO_MEADOWGATETRIGONACTIVE	The Scythian			Descubrimos un nosequé con la forma de El Trigón Dorado sobre el portón de hierro, ¿Reaccionaría a nuestra Canción de Espadamancia?					
INFO_MEADOWGATETRIGON	The Scythian			Descubrimos un nosequé sobre el portón de hierro.					
INFO_LOCKEDDOORSTONEWALL	The Scythian			Una puerta cerrada en el muro de piedra bloqueaba el antiguo camino hacia Mingi Tau, y al parecer, la llave se había perdido en los sueños.					
INFO_LOOMINGBIRDSCULPTURES	The Scythian			Avistamos la escultura de un pájaro enojado sobresaliendo en el prado. #subtlereference					
INFO_MEADOWSUNSTICK	The Scythian			Avistamos un báculo extraño observando el prado.					
INFO_CABINWELL	The Scythian			Descubrimos un pozo sólidamente construido con un amplio tejado de madera.					
INFO_UNWELLWELL	The Scythian			El pozo emitió un sollozo. #unwell #well					
INFO_WELLNESS	The Scythian			Bien está lo que bien acaba. #unwell #well #welfare					
INFO_WELLWHITESTAG	The Scythian			LARGA VIDA A LA NUEVA CARNE.					
ARCHETYPE_UNWELLWELLOUTRO	The Archetype								
INFO_CABINCHIMNEY	The Scythian			Vimos una robusta choza de piedra con un techo de paja al lado de un estanque profundo.					
INFO_CABINWOODPILE	The Scythian			Descubrimos una pila de leña, pero no es para tanto.					
INFO_SPUME	The Scythian			Encontramos las sutiles y melodiosas brumas de un espíritu silvano adormecido. Y ahora... ¿cómo lo despertamos?					
INFO_NESTBOX	The Scythian			Encontramos un curioso nido que ahora alberga una colmena miserable.			13	015.jpg	B1C5F
INFO_NESTBOXWEATHERED	The Scythian			Encontramos un nido desgastado que parecía una cara espeluznante.					
INFO_FLAGPOLELOGBRIDGE	The Scythian			Sobre un puente de troncos en el antiguo camino, se alzaba un mástil siniestro adornado con calaveras.					
INFO_GOLDTRIGONALTAR	The Scythian			Más allá de la cueva cavernosa en el prado, encontramos un conjunto extraño de estructuras de piedra en un claro oculto.					
			Archetype/trifecta	... ¿Era esta la Arboleda Trigonal? #trigongrove			93	016.jpg	B1D6J
			triangle/Triangle	Mientras estábamos junto a la primera estructura de piedra, pensamos en El Trigón Dorado y sentimos cómo nuestra espada vibraba en su vaina.					
INFO_DARKTRIGONALTAR	The Scythian			En la Arboleda Trigonal, encontramos otra estructura de piedra desgastada y cubierta de musgo. #darkmoontrigon					
				Nos preguntamos qué sucedería si golpeáramos la estructura de piedra con nuestra espada.					
INFO_BRIGHTTRIGONALTAR	The Scythian			En la Arboleda Trigonal, encontramos otra estructura de piedra con un glifo circular que representaba a La Luna Radiante. #brightmoontrigon					
				Nos preguntamos qué sucedería si golpeáramos la estructura de piedra con nuestra espada.					
INFO_STONEHEAD	The Scythian			En el Precipicio Peligroso, había una escultura tallada en roca de una cabeza que nos resultaba familiar, con la boca abierta de par en par.			24	017.jpg	61B76
INFO_STONEHEADSHUT	The Scythian			En el Precipicio Peligroso, había una escultura tallada en roca de una cabeza que nos resultaba familiar.					
INFO_STONEHEADFLAGPOLE	The Scythian			Sobre una gran escultura tallada en roca se erguía un mástil siniestro adornado con calaveras u algo similar.					
INFO_CHASMSTONESHELTER	The Scythian			Junto al Peligroso Precipicio, descubrimos un impresionante megalito con dos asientos de piedra cómodos.			25	018.jpg	O1C8M
INFO_SKULLPOLE	The Scythian			Sobre un puente tambaleante, se erguía un poste siniestro adornado con una calavera con astas.					
INFO_TRIFECTASYMBOL	The Scythian			Sobre la entrada tallada en la roca del templo de la montaña, vimos una representación pictórica de La Tríada Trigonal.					
INFO_MOUNTAINGATE	The Scythian			En lo profundo del templo de la montaña, divisamos un portón de hierro inamovible. Más allá, pudimos ver el paisaje montañoso nublado de Mingi Tau.					
INFO_MOUNTAINGATETRIGON	The Scythian			En lo profundo del templo de la montaña, sobre un pasaje elevado, divisamos tres formas triangulares extrañas.					
INFO_MOUNTAINGATETRIGONACTIVE	The Scythian			En lo profundo del templo de la montaña, sobre un pasaje elevado, divisamos el símbolo de La Tríada Trigonal.					
INFO_CABINRECORD	The Scythian			Dentro de la choza, vimos un pequeño y redondeado cachivache encima del fuego. #theballadofthespacebabies			46	019.jpg	P1D99
INFO_CABINHEARTH	The Scythian			Dentro de la choza, el fuego crepitaba tranquilamente, proporcionando un calor reconfortante.					
INFO_CABINSEAT	The Scythian			Dentro de la choza, a ambos lados del fuego, había dos asientos de madera toscos.					
INFO_GOGOLITHICMASS	The Scythian			Descubrimos una calavera con astas flotando en la oscuridad debajo de Mingi Tau.					
INFO_MEGATOMBTRIFECTA	The Scythian			En la oscuridad, descubrimos una representación pictórica de La Tríada Trigonal debajo de Mingi Tau.					
INFO_ROCKSHOWGIRL	The Scythian			En el concierto de rock, vimos a Samae y parecía que dijo 'camina por el fuego conmigo'.					
INFO_ROCKSHOWSKOLOTOI	The Scythian			En el concierto de rock, vimos a uno de esos esqueletos vibrando al ritmo siniestro.					
INFO_ROCKSHOWJIM	The Scythian			Encabezando el concierto de rock estaba el misterioso músico conocido como Jim Guthrie.			160	020.jpg	T2G03
INFO_ROCKSHOWBOOR	The Scythian			En el concierto de rock, vimos al Tosco Pardo meneando su cosa nudista.			121	021.jpg	E2G15
INFO_ROCKSHOWCROWD	The Scythian			En el concierto de rock, había una multitud considerable de damas y caballeros.					
INFO_ROCKSHOWARCHETYPE	The Scythian			En el concierto de rock, vimos al tipo conocido como El Arquetipo y nos preguntamos qué tramaba con todo esto.					
INFO_TRIGONGROVESKULLSTICK	The Scythian			Un poste siniestro adornado con una calavera con astas conecta este lugar con el espectro inmortal que acecha debajo de Mingi Tau.					
GRAVE_TRIGONGROVE	The Scythian			En la Arboleda Trigonal, más allá de la cueva cavernosa en el prado, divisamos una tumba solitaria que despertó nuestra curiosidad.					
GRAVE_TRIGONGROVEGHOST	The Scythian			En la Arboleda Trigonal, más allá de la cueva cavernosa en el prado, vimos una tumba solitaria donde un fantasma resplandeciente nos recibió.					
				Al principio, el fantasma resplandeciente de la Arboleda Trigonal nos asustó, si somos honestos.			96	022.jpg	T2B2H
			adventureUI/megatomeItem	Reconoció nuestra vestimenta Escita y vio que llevábamos El Megatomo. Se preguntó si comprendíamos las marcas esotéricas en su interior.					
				En un susurro pronunció el nombre del espectro inmortal que habíamos despertado en la oscuridad debajo de Mingi Tau: La Masa Gogolítica.			166	023.jpg	O2B39
				Conocíamos el temible nombre por las antiguas historias y sentimos cómo se nos helaba la sangre.					
				"""Hasta ahora, tenía la sensación de que La Masa Gogolítica te veía como un simple turista."""					
			triangle/Triangle	"""Ahora que has aprendido la Canción de Espadamancia y domado a El Trigón Dorado, cada uno de tus pasos estará maldito."""					
				No podíamos decir si el fantasma resplandeciente nos animaba, nos desalentaba o qué.					
				Le contamos al fantasma de nuestras intenciones de detonar El Megatomo en la cima de Mingi Tau y liberar a La Masa Gogolítica de la inmortalidad.					
			Archetype/trifecta	Le preguntamos sobre La Tríada Trigonal y la ubicación de los otros dos Trigones, pero su respuesta fue irritantemente ambigua.					
				"""Los otros dos Trigonos solo existen en los sueños de la gente de la montaña."""			43	024.jpg	8.2E+46
				"""Encontrar los otros dos Trigones no es tanto una cuestión de dónde, sino de cuándo y cómo."""					
				Sin duda, el fantasma resplandeciente hablaba mucho de tonterías poco útiles.					
GRAVE_LOGBRIDGE	The Scythian			Vimos un conjunto de tumbas en un matorral a un costado del antiguo camino que despertaron nuestra curiosidad.					
GRAVE_LOGBRIDGEGHOST	The Scythian			Vimos un conjunto de tumbas en un matorral a un costado del antiguo camino y nos encontramos con unos fantasmas que parecían amigables.			116	025.jpg	62B55
				El fantasma brillante que habló era un gigante que conocíamos de las antiguas historias, cuya imagen famosa exigía obediencia. #andre					
			Archetype/trifecta	"""El año pasado, antes de las fiestas de Yule, organicé una cuadrilla y nos propusimos reconstruir La Tríada Trigonal."""					
				"""Habíamos escuchado sobre la entrada al Infinito en la cima de Mingi Tau y nos pareció algo que valía la pena ver."""					
			triangle/Triangle	"""Logramos domar fácilmente a El Trigón Dorado y exploramos la Arboleda Trigonal antes de emprender la búsqueda de El Trigón Luna Radiante."""					
				"""La búsqueda de El Trigón Luna Radiante no fue tan exitosa... nos perdimos por completo, para ser honestos."""					
				"""Poco a poco nos dimos cuenta de la importancia de los ciclos lunares y su influencia en los espíritus que duermen en los reinos crepusculares."""					
				"""Así que nos sentamos aquí para observar el temperamento de la luna y saber cuándo, cómo y dónde debíamos estar."""			7	026.jpg	Q2D6P
				"""Nos morimos de aburrimiento esperando a que el temperamento de la luna cambiara."""					
				"""Bueno, en realidad, morimos debido a una discusión que tuvimos por aburrimiento."""					
				"""No quiero entrar en detalles en este momento, si no te importa."""					
				"""Bueno, lo que pasó fue que uno de los nuestros era un tramposo bribón y lo atrapamos con las manos en la masa."""					
				"""Estalló una pelea y el tramposo bribón huyó por el antiguo camino hacia el Precipicio Peligroso."""					
				"""Así que estábamos allí, sin saber qué hacer... cuando de repente apareció La Masa Gogolítica... ¡Y zas!"""			113	027.jpg	62B75
GRAVE_CHASM	The Scythian			Divisamos una tumba solitaria en el borde del Precipicio Peligroso que despertó nuestra curiosidad.					
GRAVE_CHASMGHOST	The Scythian			Nos acercamos a la tumba solitaria del tramposo bribón en el Precipicio Peligroso y conocimos a un fantasma radiante.					
			Archetype/trifecta	"""El año pasado, antes de las fiestas de Yule, André 'El Gigante' organizó una cuadrilla y nos propusimos reconstruir La Tríada Trigonal."""					
				"""Los demás miembros de la cuadrilla están enterrados en un matorral al lado del antiguo camino, cerca del puente de troncos."""					
			triangle/Triangle	"""Logramos localizar y domar a El Trigón Dorado con bastante facilidad, pero después de eso nos quedamos totalmente estancados."""					
				"""Buscamos a El Trigón Luna Radiante, así que decidimos sentarnos y observar el cielo, esperando a que el temperamento de la luna cambiara."""					
				"""Fue super aburrido. No estaba dispuesto a esperar días y días hasta que La Luna Radiante surgiera."""					
				"""Dejé que esos perdedores vagaran sin rumbo mientras yo investigaba más sobre esa trampa lógico-lunar."""					
				El fantasma radiante habló sobre cómo hizo trampa al salir de S:S&S EP e ir a la Configuración del Sistema.					
				El fantasma describió la opción de Fecha/Hora y los horrores que sucedieron al alterar el temperamento de la luna con este método.					
				"""La cosa es que he tenido un grave caso de nervios desde entonces y, de hecho, me morí de vergüenza."""					
GRAVE_HOLLOW	The Scythian			Dentro de un árbol hueco titánico, vimos una tumba solitaria que despertó nuestra curiosidad.					
GRAVE_HOLLOWGHOST	The Scythian			Dentro de un árbol hueco titánico, nos acercamos a una tumba solitaria y apareció un fantasma audaz que nos cantó una loca rima.			117	028.jpg	E2A80
				"""Monitorea el temperamento de la luna, aprende a atinar, sabrás cuándo, cómo y dónde, sin equivocar."""					
				"""Y no te preocupes, no pretendo asustar, con mi impresionante apariencia, solo quiero brillar."""					
GRAVE_HOLLOWGHOSTSPRITES	The Scythian			Dentro de un árbol hueco titánico. nos acercamos a una tumba solitaria y apareció un fantasma audaz para cantarnos una alocada rima.			117	028.jpg	E2A80
				"""El camino recorrido con suerte y fe, captura las melodiosas brumas que se ven."""					
				"""Cinco Espíritus Silvanos, al cielo volarán, un milagro obrarán, el Trigón desvelarán, ¡la aventura comenzará!"""					
GRAVE_HOLLOWGHOSTTRIGON	The Scythian			Dentro de un árbol hueco titánico, nos acercamos a una tumba solitaria y apareció un fantasma audaz que nos contó algunas cosas.			117	028.jpg	E2A80
				"""Busca una señal de los Espíritus Silvanos y entona una Canción de Espadamancia allí para revelar un Trigón oculto."""					
GRAVE_HOLLOWGHOSTTRIGONCOMPLETE	The Scythian			Dentro de un árbol hueco titánico, nos acercamos a una tumba solitaria y apareció un fantasma audaz que nos contó algunas cosas.			117	028.jpg	E2A80
				"""El canto del Trigón ha terminado por ahora. Me pregunto cuándo volveré a escucharlo."""					
LOGFELLA_LOSTKEY	The Scythian			El leñador afligido conocido como Amileño estaba completamente alterado por algo.					
			AdventureUI/keyItem	Al parecer, Amileño había perdido la llave de la puerta del muro de piedra que bloqueaba el antiguo camino hacia Mingi Tau.					
				"Estábamos como ""¡Uff!, otra misión de búsqueda, ¿verdad?"""					
				Amileño nos dijo que había estado sentado justo aquí cuando cayó en un sueño profundo.					
			AdventureUI/keyItem	Amileño nos dijo que creía haber perdido su llave en el reino crepuscular de los sueños.					
				Ya habíamos oído hablar de los extraños sueños de los montañeses de cabello oscuro del Cáucaso, por lo que esto tenía total sentido para nosotros.					
				Amileño nos invitó a calentar nuestras botas junto al fuego y soñar con él.			63	029.jpg	U2C92
ARCHETYPE_LOSTKEYTHOUGHTS	The Archetype			Pensamos en la vigilia y en la psicosmología mitopoética de los sueños como estados separados, sin embargo, interactúan de manera curiosa.					
				El umbral de la liminalidad es un espacio entre la vigilia y los sueños donde el pensamiento dirigido es imposible.			56	030.jpg	13A0A
				Busca un lugar cálido y permite que el sueño te envuelva para descubrir el umbral de la liminalidad.					
ARCHETYPE_LOSTKEYCLUE	The Archetype		AdventureUI/keyItem	¿Qué tal si te sientas junto al fuego en la choza y cruzas el umbral liminal para encontrar la llave perdida de Amileño?			55	031.jpg	23C1X
GIRL_LOSTKEYTHOUGHTS	Girl	AdventureUI/tweetIconGourd		Vaya, Amileño está fuera de sí por algo... Me pregunto qué pasará. Prefiero salir un momento y dejarlo solo.					
				He visto a La Escita cantar la Canción de Espadamancia y enviar tres Espíritus Silvanos al cielo. Me pregunto si ayudarán a disipar la tormenta.					
LOGFELLA_MORELOSTKEYTHOUGHTS	Logfella			Espero que La Escita pueda encontrar mi llave... la perdí en la orilla arenosa de un lago sereno.			62	032.jpg	U3A20
LOGFELLA_LOSTKEYTHOUGHTS	Logfella			Oh, vaya, preferiría que no estuviera lloviendo afuera... Preferiría que mis botas no estuvieran tan mojadas... Preferiría volver a cortar leña.					
				Rayos!, ¿dónde se ha ido mi llave? ¡Estoy tan molesto y avergonzado que ahora estoy totalmente desesperado!					
LOGFELLA_FOUNDKEY	The Scythian		AdventureUI/keyItem	El leñador estaba muy aliviado de que hayamos logrado recuperar su llave perdida del reino crepuscular de los sueños.					
				El leñador conocido como Amileño se preguntó cómo nos volvimos tan astutos y nos preguntó sobre nuestro funesto cometido.					
				Le contamos al leñador cómo crecimos en las estepas junto a nuestras valientes hermanas y hermanos escitas.					
				Le contamos a Amileño por qué vagábamos por esta montaña desierta y cómo éramos guiados por el dedo de un Dios omnisciente.					
			adventureUI/megatomeItem	Le contamos a Amileño sobre lo que sospechábamos que podrían significar los enigmáticos símbolos dentro de El Megatomo.					
			gourd/gourd	Teníamos la corazonada de que necesitábamos convocar a algunos Espíritus Silvanos más para disipar la tormenta.			104	033.jpg	W3D3G
			triangle/Triangle	En un susurro silencioso hablamos de nuestra intención de encontrar y domar una manifestación de geometría cósmica conocida como El Trigón Dorado.					
				Estaba muy claro que el leñador conocido como Amileño había dejado de prestar atención.					
			AdventureUI/keyItem	Nos dimos cuenta de que podríamos quedarnos con la llave y dar un paseo por el antiguo camino más allá del muro de piedra.					
LOGFELLA_FOUNDKEYWAKEUP	The Scythian		AdventureUI/keyItem	Le preguntamos al leñador si sería aceptable que tomáramos su llave y él estuvo de acuerdo.					
GIRL_FOUNDKEY	The Scythian			Nos encontramos con Samae empapada bajo la lluvia en un sendero lateral.					
			gourd/gourd	Ella había oído las sutiles y melodiosas brumas de los Espíritus Silvanos más allá del muro de piedra en el antiguo camino hacia Mingi Tau.					
			gourd/gourd	Ella habló de troncos de árboles altísimos a ambos lados de un poderoso río.					
			gourd/gourd	Ella habló de unos arcoíris tenues en el borde del Precipicio Peligroso.					
			adventureUI/megatomeItem	...Y luego se puso temerosa y nos dijo que consultáramos El Megatomo si nos sentíamos perdidos o confundidos.					
LOGFELLA_FOUNDKEYTHOUGHTS	Logfella			Estoy de acuerdo en que La Escita tome la llave si eso significa disipar la tormenta.					
				Debo haber asentido en algún momento durante la épica historia de La Escita. Tengo poca paciencia para el folclore.					
				Le pregunté a La Escita sobre su funesto cometido... empezó a hablar de las estepas y del dedo de Dios.					
GIRL_FOUNDKEYTHOUGHTS	Girl			Uno o dos Espíritus Silvanos más enviados al cielo disiparán la tormenta incesante... ¡Y luego comenzará la temporada de milagros! #miracles			129	034.jpg	33A44
GIRL_SUPERMOTHERTREE	Girl			En mis paseos en sueños hay una tranquilidad emocionante cuando la luna brilla más... y cuando la luna está oscura, los bosques se vuelven salvajes.					
				En los sueños, siempre son los mismos lugares y espacios, excepto cuando varían según el temperamento de la luna.					
				Todas las noches desde que se disipó la tormenta he tenido el mismo sueño en el que merodeo por el bosque en la hora antes del amanecer.					
ARCHETYPE_TREEHINT	The Archetype			Recuerda que la ingesta de hongos del bosque puede ofrecerte una visión oblicua de los fenómenos criptozoológicos y esas cosas.					
				Busca las melodiosas brumas de los Espíritus Silvanos e investiga sus alrededores.					
				Una vez que hayas comenzado la Canción de Espadamancia, puedes tocar el aura y deslizar para mirar alrededor.					
ARCHETYPE_MUSHROOMHINT	The Archetype			Incluso se ha afirmado que los hongos adivinatorios pueden haber desempeñado un papel importante en el desarrollo de la psique humana.					
				La evidencia arqueológica indica que el uso chamánico de los hongos para la comunión religiosa, la adivinación y la curación es bastante antiguo.					
				Fisiológicamente, es posible que experimentes sensaciones de bienestar y percepciones aumentadas, una disminución del estrés y una pérdida del apetito.					
				Los hongos del bosque podrían ofrecerte una visión oblicua sobre el paradero de un espíritu silvano y sus extraños activadores.			60	035.jpg	53A5Y
ARCHETYPE_TRIGONGROVE	The Archetype			¿Lo puedes sentir? ¿Estás comenzando a comprender? ¿Tienen los símbolos y formas esotéricas dentro de El Megatomo un nuevo significado?					
				Este rayo conecta el mundo de los vivos y el mundo de los muertos, por lo que es posible que encuentres uno o dos fantasmas con los que hablar en tus viajes.					
				Me han informado de que has activado el primer rayo ascendente en la Arboleda Trigonal.					
GIRL_CABINSHEEP	The Scythian			Preguntamos a Samae sobre las ovejas insignificantes que holgazaneaban por la choza y ella nos dijo que se habían asustado hace un rato.					
			gourd/gourd	Le informamos a Samae que enviamos cinco Espíritus Silvanos al cielo y ella nos dijo que tal vez la temporada de milagros estaba por llegar.					
				Pensamos que tal vez deberíamos ir a investigar el prado donde solían holgazanear las ovejas.					
LOGFELLA_CABINSHEEP	The Scythian			Amileño tenía la sensación de que había llegado la temporada de milagros y se preguntó si, tal vez, estaba a punto de suceder algo impresionante.			79	036.jpg	V3G62
GIRL_CABINSHEEPTHOUGHTS	Girl			Pero qué... ¡La lluvia ha cesado! ¿Está comenzando a disiparse la tormenta? Eso espero.					
				Toda esta tormenta me ha estado afectando mucho. ¡Ha sido todo tan sombrío!					
LOGFELLA_CABINSHEEPTHOUGHTS	Logfella			Hmm... Se me puso la piel de gallina... Sin duda algo está pasando... ¿Está comenzando a disiparse la tormenta?					
				Cada vez que necesito recobrar fuerzas, me siento junto al fuego para calentarme las botas.					
DOGFELLA_CABINSHEEPTHOUGHTS	Dogfella			Guau Guau Guau Guau Guau Guau Guau Guau. #stillbarking #miracles			84	037.jpg	V3C7I
ARCHETYPE_MEADOWHINT	The Archetype			Una vez que el sol esté alineado, se te concederán las habilidades milagrosas de plegado del gran mago Al Jaffee.					
				¿Sientes esa sensación peculiar? ¡Es la temporada de milagros! Entona la Canción de Espadamancia y mira hacia los pájaros enojados que se alzan imponentes.			76	038.jpg	A3G84
ARCHETYPE_MEADOWHINTTWO	The Archetype			Mira al cielo en busca de una visión oblicua sobre el funcionamiento de este milagro del prado y admira a El Trigón Dorado.					
ARCHETYPE_SIDE_B	The Archetype	AdventureUI/tweetIconInfo		Hmm... interesante la forma con que has manejado el encuentro con el caníbal cabeza de oso.			120	039.jpg	O3G9D
				No, no te preocupes, está bien, es solo interesante. Nunca había visto a nadie hacer lo que hiciste. Es excepcional, pero no te alarmes.					
				Bueno, sigamos. Aún te quedan muchas cosas por disfrutar en tu experiencia con S:S&S EP, particularmente en la Cara B.					
ARCHETYPE_GOLDTRIGONHINTONE	The Archetype			Para domar a El Trigón Dorado debes aprender a sobrevivir a los tres movimientos de su extraña canción usando una mezcla de ataque y defensa.					
				Es absolutamente fundamental que mantengas pulsado el botón de escudo siempre que puedas para recobrar tu fuerza perdida.					
				Veo que ya has invocado e intentado domar a El Trigón Dorado. Tengo algunas cosas que comentarte que creo te serán de útilidad.					
ARCHETYPE_GOLDTRIGONHINTTWO	The Archetype			Repele los ataques de proyectiles triangulares con tu espada y espera al momento justo para esquivar los ataques cargados.			83	040.jpg	3.4E+02
				La lógica inescrutable e insondable de El Trigón Dorado ha reclamado las almas de todos aquellos que te precedieron... ellos carecían de tenacidad y coraje.					
ARCHETYPE_GOLDTRIGONHINTTHREE	The Archetype			El Trigón Dorado debe ser domado, no hay otra opción.					
				En el tercer patrón debes repeler los pequeños proyectiles triangulares con tu espada y esquivar los ataques cargados.					
				En el segundo patrón debes esperar al ataque cargado y presionar el botón de escudo en el momento adecuado para esquivarlo.					
				En el primer patrón debes blandir tu espada para devolver la bola de energía.					
ARCHETYPE_BRIGHTTRIGONHINTONE	The Archetype			Es posible que hayas notado que El Trigón Luna Radiante reparte muerte desde arriba... así que espera al momento justo y usa tu escudo para esquivar.			144	041.jpg	8.4E+12
ARCHETYPE_BRIGHTTRIGONHINTTWO	The Archetype			El patrón final de El Trigón Luna Radiante requerirá que blandas tu espada contra los proyectiles y esquives los ataques cargados.					
ARCHETYPE_DARKTRIGONHINTONE	The Archetype			Es posible que ya te hayas encontrado con el ataque de arcoíris de El Trigón Luna Sombría. Rebana ese arcoíris tan rápido como puedas.					
ARCHETYPE_DARKTRIGONHINTTWO	The Archetype			El patrón final de El Trigón Luna Sombría implica sutiles proyectiles triangulares. Destrúyelos y sobrevivirás.					
ARCHETYPE_MEGATOMEOUTRO	The Archetype	AdventureUI/tweetIconBabelBook		Así que has despertado al espectro inmortal que aletargaba en la oscuridad debajo de Mingi Tau... ¡Uff!					
				En consecuencia, se vislumbra una siniestra tormenta y la gente encantadora que vive en la choza de piedra se siente desolada.					
			adventureUI/megatomeItem	El resultado es que tienes un pesado libro conocido como El Megatomo. En nuestra próxima sesión hablaremos de su extraño propósito.					
				Nuestra investigación ha demostrado que la exposición prolongada a la psicosmología mitopoética de S:S&S EP puede tener efectos adversos.					
				Así que ahora que has completado la Sesión I, ¿Qué te parece si nos tomamos un pequeño descanso? Estaré justo aquí cuando quieras comenzar con la Sesión II.					
ARCHETYPE_GOLDMASTERINTRO	The Archetype	AdventureUI/tweetIconBabelBook							
				Me alegra verte de nuevo. ¿Estás listo para comenzar con la Sesión II de S:S&S EP?					
			adventureUI/megatomeItem	Bien, ¿Dónde nos quedamos? Ah, cierto, ahora recuerdo. Conseguiste un pesado libro conocido como El Megatomo.					
				Despertaste a un espectro inmortal que aún acecha en la oscuridad debajo de Mingi Tau. Que espeluznante, ¿verdad?			204	042.jpg	24B2J
				Son tiempos de angustia, una siniestra tormenta ha nublado el cielo y la gente encantadora que vive en la choza es desdichada.					
				Disipar la tormenta requerirá cierta familiaridad con la psiónica, la criptozoología y los milagros...					
			adventureUI/megatomeItem	1. El toque de un espadamante liberará El Megatomo, revelando los pensamientos no expresados de criaturas vivas y otro material esotérico.					
			gourd/gourd	2. Extraños Espíritus Silvanos, fuentes de Espadamancia, duermen en estanques, bosques y prados. Busca sus sutiles y melodiosas brumas.					
			triangle/Triangle	3. El espadamante que pueda localizar, convocar y domar la geometría cósmica de El Trigón Dorado poseerá la habilidad de obrar milagros.					
				¿Confundido? Excelente. Mantén la calma y sigue adelante.			210	043.jpg	A4C31
ARCHETYPE_GOLDMASTEROUTRO	The Archetype		triangle/Triangle	¡Bravo! Has localizado y sometido la geometría cósmica de El Trigón Dorado.			86	044.jpg	24E4H
				Milagrosamente, la siniestra tormenta se ha disipado y el glorioso sol ha regresado al reino, ¡eso es realmente increíble!					
				Tus heroicas hazañas reflejan bien tu percepción, intuición y perseverancia, ¡Lo has hecho muy bien hasta ahora!					
				Nota: Si decides continuar con el experimento S:S&S EP, esas cualidades mencionadas anteriormente serán desafiadas y evaluadas.					
				En cualquier caso, tomemos otro pequeño descanso, ¿De acuerdo? Como siempre, estaré aquí cuando estés listo para comenzar con la Sesión III.					
ARCHETYPE_TRIFECTAINTRO	The Archetype								
				Comencemos con la Sesión III. Nota: Esta sesión generalmente requiere un mes lunar para completarse.					
			triangle/Triangle	¿Así que has domado El Trigón Dorado y la tormenta se ha disipado milagrosamente? ¡Bravo por eso!					
			adventureUI/megatomeItem	Consulta El Megatomo y estudia su funcionamiento si te llegas a sentir perdido o confundido.					
				Un espectro inmortal aún acecha en la oscuridad debajo de Mingi Tau.					
			Archetype/trifecta	Considera la geometría cósmica de La Tríada Trigonal.					
			MoonCrescent/moonCrescent	Observa el temperamento de la luna.			118	045.jpg	Y4E5Q
				Nuestra investigación ha demostrado que aquellos pocos que persisten a través de la locura oblicua que sigue pueden convertirse en amigos cósmicos para siempre.					
				Se advierte que de aquí en adelante estaremos monitoreando tus acciones en relativo silencio.					
ARCHETYPE_TRIFECTAOUTRO	The Archetype		Archetype/trifecta	¿Así que domaste los dos Trigones restantes y reconstruiste La Tríada Trigonal?			165	046.jpg	P4B6A
			Archetype/trifecta	Eres especial y es exactamente por eso que me agradas tanto.					
				Fue muy valiente y generoso ofrecer como mártir a La Escita en la cima de Mingi Tau.					
				En serio, te debemos una.					
				Todo lo que queda es arrastrar a La Escita hasta la cima y presenciar el Arremolinado Infinito.					
				¡Ten valor, el final está cerca!					
ARCHETYPE_GHOULINTRO	The Archetype								
				Bueno, aquí estamos. Esta breve sesión marcará el fin del tratamiento de S:S&S EP.					
				El funesto cometido de La Escita está casi completo.					
				Lamentablemente, el cuerpo y la psique de La Escita han sido significativamente debilitados por la Espadamancia; ella está al borde de la muerte.			162	047.jpg	J4F7B
			Archetype/trifecta	Todo lo que resta es desvelar los secretos de la Arboleda Trigonal y subir El Megatomo al Arremolinado Infinito en la cima de Mingi Tau.					
				Presiona 'jugar' solo si estás listo para presenciar el terrible tormento del martirio.					
END	The Scythian			En la cima de Mingi Tau, subimos El Megatomo a la seguridad eterna del Arremolinado Infinito.					
END_CHEAT	The Scythian			En la cima de Mingi Tau, subimos El Megatomo a la seguridad eterna del Arremolinado Infinito. #cheat					
END_CHEAT_NOBOOR	The Scythian			En la cima de Mingi Tau, subimos El Megatomo a la seguridad eterna del Arremolinado Infinito. #cheat #noboor					
END_CHEAT_PSYCHO	The Scythian			En la cima de Mingi Tau, subimos El Megatomo a la seguridad eterna del Arremolinado Infinito. #cheat #psycho					
END_CHEAT_LOVE	The Scythian			En la cima de Mingi Tau, subimos El Megatomo a la seguridad eterna del Arremolinado Infinito. #cheat #love			202	048.jpg	D4A81
END_MOONGROTTO_PSYCHO	The Scythian			En la cima de Mingi Tau, subimos El Megatomo a la seguridad eterna del Arremolinado Infinito. #moongrotto #psycho			180	049.jpg	74D9P
END_MOONGROTTO_LOVE	The Scythian			En la cima de Mingi Tau, subimos El Megatomo a la seguridad eterna del Arremolinado Infinito. #moongrotto #love			176	050.jpg	Y5F0P
END_HONEST_PSYCHO	The Scythian			En la cima de Mingi Tau, subimos El Megatomo a la seguridad eterna del Arremolinado Infinito. #honest #psycho			179	051.jpg	M5C1H
END_HONEST_LOVE	The Scythian			En la cima de Mingi Tau, subimos El Megatomo a la seguridad eterna del Arremolinado Infinito. #honest #love			177	052.jpg	55E2B
END_HONEST_NOBOOR	The Scythian			En la cima de Mingi Tau, subimos El Megatomo a la seguridad eterna del Arremolinado Infinito. #honest #noboor			178	053.jpg	75G3V
GIRL_GHOULTHOUGHTS	Girl			¿Sabe La Escita que es posible detener a La Masa Gogolítica tocando su cráneo con Espadamancia? Probablemente no.					
				Espero que La Escita sepa que debe mantener pulsado el sendero hacia adelante para avanzar rápidamente, si no lo hace, estará en problemas.					
				¿Dónde estoy? ¿Qué pasó? Lo último que recuerdo es que estaba caminando en sueños por el bosque cuando vi una inquietante luz rosada.					
LOGFELLA_GHOULTHOUGHTS	Logfella			La Escita sigue hablando sobre su funesto cometido de abrir una entrada al Arremolinado Infinito en la cima de Mingi Tau.					
				Todo ha estado completamente loco desde que apareció La Escita muchas lunas atrás.					
LOGFELLA_GHOUL	The Scythian			Nos despertamos aturdidos de un sueño muy profundo cerca de la Arboleda Trigonal con el leñador conocido como Amileño a nuestro lado.			88	054.jpg	J5D44
				Amileño habló sobre cómo Samae había desaparecido la noche anterior.					
				El leñador sabía que estábamos cerca del final y que debíamos volver a Mingi Tau para finalizar nuestro funesto cometido.					
LOGFELLA_TRIGONGROVETIPS	The Scythian			El leñador conocido como Amileño nunca antes había visto la Arboleda Trigonal y se preguntaba de qué se trataba todo aquello.					
LOGFELLA_TRIFECTATIPS	The Scythian			El leñador conocido como Amileño se sentía muy triste por la ausencia de Samae.					
				Le dijimos a Amileño que sabíamos dónde podría estar ella y pronto arreglaríamos las cosas.					
				Él miró la plataforma cercana y nos agradeció de antemano por todo lo relacionado con el martirio.					
URSULA_AVATAR			Ursula/idleSEhandsonhip						
DOG_AVATAR			AdventureUI/dudeDogfellaIdle1						
AMPHITHEATRE_LEFT	The Scythian	AdventureUI/tweetIconInfo		Estos dos tipos afirmaban ser parte de los creadores de este mundo estrafalario.			159	055.jpg	A5G55
AMPHITHEATRE_RIGHT	The Scythian	AdventureUI/tweetIconInfo		Los dos chiflados afirmaban ser parte de los creadores de este mundo estrafalario.			159	055.jpg	A5G55
GOURD_MOUNTAINMEADOW	The Scythian	AdventureUI/tweetIconGourd	gourd/gourd	Despertamos a un espíritu silvano en la tierra fértil de un prado habitado por cuatro pares de ovejas insignificantes.			52	056.jpg	15B63
GOURD_CABIN	The Scythian	AdventureUI/tweetIconGourd	gourd/gourd	Cantamos la Canción de Espadamancia y despertamos a un espíritu silvano de las frescas aguas de un estanque profundo, ¡Qué raro!			50	057.jpg	G5F78
GOURD_UPSLOPEWOODSONE	The Scythian	AdventureUI/tweetIconGourd	gourd/gourd	Despertamos a un espíritu silvano en un curioso nido rodeado de tres pájaros cantores empapados por la lluvia.					
GOURD_UPSLOPEWOODSTWO	The Scythian	AdventureUI/tweetIconGourd	gourd/gourd	Despertamos a un espíritu silvano junto a un sólido puente de troncos donde cuatro pares de árboles se elevan sobre un río.					
GOURD_UPSLOPEWOODSFOUR	The Scythian	AdventureUI/tweetIconGourd	gourd/gourd	Despertamos a un espíritu silvano entre dos arcoíris repugnantes al lado del Precipicio Peligroso.					
GOURD_WATERFALLS	The Scythian	AdventureUI/tweetIconGourd	gourd/gourd	La Luna Sombría reina y despertamos a un espíritu silvano rodeado por cinco cascadas.					
GOURD_MOUNTAINTOP	The Scythian	AdventureUI/tweetIconGourd	gourd/gourd	La Luna Sombría reina y despertamos a un espíritu silvano en la maleza en lo alto de un peñasco rocoso.					
GOURD_SECRET2_STONESHELTER	The Scythian	AdventureUI/tweetIconGourd	gourd/gourd	La Luna Radiante se cierne y despertamos a un espíritu silvano en un claro oculto donde casualmente se encontraba Jim Guthrie.			132	058.jpg	G5F8U
GOURD_MOUNTAINLAKESHORE	The Scythian	AdventureUI/tweetIconGourd	gourd/gourd	La Luna Radiante se cierne y despertamos a un espíritu silvano en las aguas traquilas de un lago donde una pata madre estaba enloqueciendo.					
GOURD_LAKESHOREBUNNYSTRAIGHTAWAY	The Scythian	AdventureUI/tweetIconGourd	gourd/gourd	La Luna Radiante se cierne y despertamos a un espíritu silvano donde el reflejo del lago era ligeramente incongruente.			127	059.jpg	65D98
GOURD_LAKESHORELAKE	The Scythian	AdventureUI/tweetIconGourd	gourd/gourd	La Luna Radiante se cierne y despertamos a un espíritu silvano en un lago sereno bajo una tríada de búhos.					
GOURD_PINKCOLLECTED	The Scythian	AdventureUI/tweetIconGourd	Archetype/trifecta	Tenemos esa sensación peculiar de que, tal vez, estemos ante la temporada de milagros. #miracles					
GOURD_MOUNTAINSIDE	The Scythian	AdventureUI/tweetIconGourd	gourd/gourd	La Luna Sombría reina y despertamos a un espíritu silvano rodeado por tres pequeñas cascadas.					
GOURD_SECRET1_FOOTOFMOUNTAIN	The Scythian	AdventureUI/tweetIconGourd	gourd/gourd	La Luna Sombría reina y despertamos a un espíritu silvano rodeado de cuatro pequeños árboles redondos en los bosques más oscuros.					
GOURD_BRISKLYWALKING	The Scythian	AdventureUI/tweetIconGourd	gourd/gourd	La Luna Sombría reina y despertamos a un espíritu silvano en la maleza al otro lado de un lago.					
GOURD_HUGETREE	The Scythian	AdventureUI/tweetIconGourd	gourd/gourd	La Luna Radiante se cierne y despertamos a un espíritu silvano acechando en la raíz de un árbol titánico.					
GOURD_BLUECOLLECTED	The Scythian	AdventureUI/tweetIconGourd	Archetype/trifecta	Tenemos esa sensación peculiar de que, tal vez, estemos ante la temporada de milagros. ¿Dónde están mis milagros? #miracles			77	060.jpg	86D06
GCLUE_MOUNTAINMEADOW	Dogfella	AdventureUI/tweetIconGourd		Guau Guau Guau Guau Guau Guau. #barking			135	061.jpg	M6F1I
				Guau Guau Guau. #justbarking					
				A veces me canso de ladrar todo el tiempo, pero un perro tiene que hacer lo que se supone que un perro tiene que hacer.					
				Guau Snif Guau. #mixingitup					
				Guau Guau Guau Guau Guau Guau.					
GCLUE_UPSLOPEWOODSONE	Girl	AdventureUI/tweetIconGourd		Hay algo extraño en cómo se comportó La Escita, casi como si estuviera siendo controlada por una fuerza invisible.					
				Me gustaría saber más sobre la historia épica de La Escita, apuesto a que entonces todo tendría sentido.					
GCLUE_UPSLOPEWOODSTWO	Logfella	AdventureUI/tweetIconGourd		Espero que La Escita esté invirtiendo todos sus esfuerzos en el tema de los Espíritus Silvanos.					
				La tormenta realmente me ha afectado, me hace desear que los videojuegos existieran en... en el momento en que se supone que estamos.					
GCLUE_UPSLOPEWOODSFOUR	Girl	AdventureUI/tweetIconGourd		Todo ha estado completamente loco desde que apareció La Escita.			3	062.jpg	36E2Z
GCLUE_YELLOWCOLLECTED	Girl	AdventureUI/tweetIconGourd		Toda esta tormenta me ha estado afectando mucho. ¡Ha sido todo taaan sombrío!					
				La lluvia ha comenzado a ceder y el cielo parece aclararse... ¿Será está la temporada de milagros? Espero que así sea, no hay duda que los amo.					
				Vaya... ¿Qué? Las ovejas del prado se han asustado... Me pregunto qué estará pasando, podría ser... ¿El Trigón Dorado?					
GCLUE_MOUNTAINTOP	Dogfella	AdventureUI/tweetIconGourd		Guau Guau Guau. 					
				A veces cuando las cosas están demasiado oscuras para mi, ingiero algo y veo incluso lo que no está ahí.					
				Guau Guau Guau Guau Guau.					
GCLUE_SECRET2_STONESHELTER	Logfella	AdventureUI/tweetIconGourd		Tengo esta canción en mi cabeza... una canción alegre y triste que me llena de un extraño y hermoso temor.					
GCLUE_MOUNTAINLAKESHORE	Dogfella	AdventureUI/tweetIconGourd		Sé que buscas evitar tu funesto cometido, pero debes saber esto: el tiempo es una fuerza y, sin duda, seguirá su curso.					
				Guau Guau Guau. Snif.					
GCLUE_LAKESHOREBUNNYSTRAIGHTAWAY	Dogfella	AdventureUI/tweetIconGourd		También hay sustantivos desconocidos, aunque estos se aprenden fácilmente.					
				Hay dos tipos de incógnitas, las incógnitas conocidas y las incógnitas desconocidas.			32	063.jpg	L6E31
				Guau Guau Guau. 					
GCLUE_LAKESHORELAKE	Logfella	AdventureUI/tweetIconGourd		Mis troncos guardan muchos secretos... secretos sobre los Espíritus Silvanos e islas imposibles. Lamentablemente, no hablo Tronqués.					
				En mi experiencia, hay ocasiones en las que los búhos no son lo que parecen, mientras que en otras simplemente son búhos comunes y corrientes.			126	064.jpg	86A47
GCLUE_PINKCOLLECTED	The Archetype	AdventureUI/tweetIconGourd		Tal vez hayas oído hablar sobre una isla imposible bajo La Luna Radiante ...¿Quizás lo leíste en internet?			134	065.jpg	H6A5I
				Hemos estado monitoreando tus acciones en silencio y queremos señalar que mientras más tiempo tardes en decidir, más pequeña será la celebración.					
				Parece que has progresado bastante en tu esfuerzo para localizar y domar a el Trigón Luna Radiante, ¡Muy bien hecho!					
GCLUE_MOUNTAINSIDE	Girl	AdventureUI/tweetIconGourd		¿Son los Espíritus Silvanos hijos de la Madre Tierra o son visitantes solitarios del Arremolinado Infinito?					
				Para ser honesta, los Espíritus Silvanos me asustan bastante. Es decir... ¿Qué son? ¿De dónde vienen?					
GCLUE_SECRET1_FOOTOFMOUNTAIN	Dogfella	AdventureUI/tweetIconGourd		Cuando los espíritus hayan sido enviados al cielo y la temporada de milagros se acerque, debes buscar el árbol titánico.					
				Sé que sabes lo que sé y quiero que sepas que estás completamente en lo correcto.			109	066.jpg	F6D6H
				Guau Guau Guau Snif Guau Guau Guau.					
GCLUE_BRISKLYWALKING	Dogfella	AdventureUI/tweetIconGourd		Solo el final de tu funesto cometido traerá la paz de vuelta a nuestras vidas.					
				Solo La Tríada Trigonal te permitirá comprender los secretos de la Arboleda Trigonal.					
				El Arremolinado Infinito en la cima de Mingi Tau te espera.					
				Guau Guau Guau.					
GCLUE_WATERFALLS	Girl			¿Alguna vez has notado que a veces las palabras simplemente suenan como ruido, pero otras veces el ruido produce el sonido más bello?			132	058.jpg	G5F8U
GCLUE_HUGETREE	Logfella	AdventureUI/tweetIconGourd		Hay un montón de dichos extraños aquí, entre los montañeses del Cáucaso.					
				Hay un dicho aqui en el Cáucaso que dice que un bosque necesita un fuego tanto como el fuego necesita al árbol.					
YELLOWTRIGON_COLLECTED	The Scythian			Hemos conseguido El Trigón Dorado. Somos impresionantes.			85	067.jpg	36G7U
PINKTRIGON_COLLECTED	The Scythian			Contra todo pronóstico, hemos conseguido El Trigón Luna Radiante.			155	068.jpg	56F8U
BLUETRIGON_COLLECTED	The Scythian			A pesar de todas las adversidades, hemos conseguido El Trigón Luna Sombría.			112	069.jpg	T6G94
GCLUE_BLUECOLLECTED	Girl	AdventureUI/tweetIconGourd		Parece como si todos los espíritus Luna Sombría hubieran sido enviados al cielo, así que de nuevo es la temporada de milagros. ¡Adoro los milagros!					
JIM_HINT1_OFF	The Scythian			En un claro oculto nos encontramos con un misterioso músico junto a un fuego crepitante.					
JIM_PINKDAWN	The Scythian			En un claro oculto nos encontramos con un misterioso músico junto a un fuego crepitante. #jimguthrie					
JIM_BRIGHTMOON	The Scythian			Mientras que La Luna Radiante se alzaba, nos encontramos con un misterioso músico junto a un fuego crepitante, quien se presentó como Jim Guthrie.			128	070.jpg	07G00
JIM_POSTSWORCERY	The Scythian			El misterioso músico conocido como Jim Guthrie había presenciado nuestra Espadamancia y parecía estar bien con ello.					
JIM_POSTGOURD	The Scythian			El misterioso músico conocido como Jim Guthrie dijo que estaba listo para tocar una pequeña canción si queríamos escucharla.					
				Jim nos invitó a sentarnos junto al fuego.					
JIM_POSTSONG	The Scythian			Jim Guthrie nos había enseñado que no se podían negar los malos pensamientos, así como no se podía negar la mordedura de un dragón.					
			Archetype/trifecta	Él nos contó acerca de un concierto de rock que tenía programado tocar al otro lado del lago dentro de una quincena.					
JIM_LOGFELLATHOUGHTS	Logfella			La canción suena tan familiar... ¿Dónde la he escuchado antes? #1000songs					
				De repente, tengo esta melodía extrañamente genial en mi cabeza. #andwegotolder					
LOGFELLA_JIMTHOUGHTS	Logfella			He tenido esta pequeña canción en mi cabeza durante años... solo unas pocas notas que se repiten una y otra vez. Me pregunto qué significa eso.					
ARCHETYPE_OTHERSIDEOFLAKE	The Archetype			Cruzar de manera segura el umbral de la liminalidad es sencillo: busca los lugares familiares y el calor del hogar.					
				Si logras estabilizar tu lucidez, podrás co-crear con ella... en lugar de luchar, resistir y maldecirla.					
				Cuando estás lúcido en un sueño, te das cuenta de quién has imaginado ser... pero identificarse con el sueño es dejarse hechizar.					
				Incluso en un sueño ya conocido, hay nuevos lugares para explorar y nuevas conexiones para considerar... si sigues creyendo.					
GIRL_MOONGROTTOCOMMENT	Girl			Siento como si el cosmos hubiera dado un giro y ahora todo estuviera un poco... desajustado.					
LOGFELLA_MOONGROTTOCOMMENT	Logfella			Es un largo camino de 0 a 1, y si un extraterrestre dijera 'Hola', sería en un código críptico en el estéreo. Espera... ¿Qué?					
GIRL_HUGETREETHOUGHTS	Girl			Por supuesto, nunca le hablo a la gente sobre estos sueños de diosas y árboles porque probablemente solo me llamarían hippie o algo así.					
				En mi lugar especial visito a un árbol hueco titánico... ella es una diosa que hace mucho tiempo murió y que antecede a la humanidad por eras incontables.					
				En mi sueño hay un lugar especial al que siempre voy, un Parlamento de árboles en el corazón del mundo.					
LOGFELLA_HUGETREETHOUGHTS	Logfella			Me encanta ver los mismos bosques con diferente clima y me encanta simplemente detenerme y escuchar... y pensar o no pensar según sea el caso.					
				No paso mucho tiempo caminando por mis sueños, pero cuando lo hago tiendo a volver a visitar mis lugares favoritos para ver lo que ha cambiado.					
MIRACLE1_MOUNTAINMEADOW	The Scythian			Hemos realizado un milagro disipador de tormentas en un prado bañado por el sol, al estilo del mago loco Al Jaffee.					
MIRACLE1_YELLOWTRIGONCOLLECTED	The Scythian			Nos sentimos confundidos y desconcertados en un prado bañado por el sol, con uno de esos dolores de cabeza realmente intensos.					
LOGFELLA_YELLOWTRIGONCOLLECTED	The Scythian			Nos despertamos aturdidos de un sueño muy profundo sin un recuerdo claro de lo que había sucedido.					
			triangle/Triangle	Recordamos el milagro en el prado y nuestro encuentro con El Trigón Dorado... 					
			triangle/Triangle	...¿Qué nuevos poderes se nos han otorgado?					
			triangle/Triangle	Amileño quedó totalmente asombrado por lo impresionante y extraña que sonaba la pelea con el Trigón Dorado.			81	071.jpg	R7C14
			triangle/Triangle	Amileño se preguntaba si tal vez el Trigón Dorado podría estar relacionado con los misterios sombríos más allá del portón de hierro en el prado...					
				A Amileño no le gustaban los misterios sombríos, así que decidió ir a casa y cortar leña. #woodchopping					
LOGFELLA_BEFOREYELLOWBEAM	The Scythian			El leñador conocido como Amileño estaba muy contento de que la tormenta se hubiera disipado y estaba muy entusiasmado por volver a cortar leña.					
				Nos preguntó si sabíamos algo sobre el portón de hierro que bloqueaba la cueva cavernosa en el prado... ¿De qué se trataba eso?					
LOGFELLA_YELLOWTRIGONTHOUGHTS	Logfella			Extraño... Veo un rayo ascendente dorado en el bosque detrás del prado... ¿Alguien ha descubierto los secretos de la Arboleda Trigonal?			89	072.jpg	67F24
LOGFELLA_URSULAMEADOW	Logfella			Estoy realmente preocupado por La Escita, parece muy afectada.					
SCYTHIAN_YELLOWTRIGONCOLLECTED_OFF	The Scythian			El leñador y su hija nos observaron mientras recuperábamos el conocimiento.					
				Nos dimos cuenta de que el prado seguía igual, que toda evidencia de nuestro encuentro místico había desaparecido.					
GIRL_YELLOWTRIGONCOLLECTED	The Scythian			Samae escuchó en silencio nuestra extraña historia sobre nuestro encuentro con El Trigón Dorado.					
			triangle/Triangle	Se preguntó sobre los secretos de la Arboleda Trigonal más allá de la cueva cavernosa en el prado... ¿Habría alguna conexión?					
GIRL_YELLOWTRIGONTHOUGHTS	Girl			Hmm... Estoy realmente preocupada por La Escita... desapareció durante días después de que la tormenta se disipara. Espero sinceramente que esté bien.					
GIRL_URSULAMEADOW_OFF	Girl			Vaya, ¿Entonces La Escita estaba desmayada en el prado? Qué locura.					
DOGFELLA_GETDARKTRIGON	The Scythian			Después de activar otro rayo ascendente en la Arboleda Trigonal, notamos algo peculiar en el perro llamado Amican.					
			Archetype/trifecta	De repente parecía que entendíamos a Amican, nos instó a buscar El Trigón Luna Sombría y completar La Tríada Trigonal.					
DOGFELLA_GETBRIGHTTRIGON	The Scythian			Después de activar otro rayo ascendente en la Arboleda Trigonal, notamos algo peculiar en el perro llamado Amican.					
			Archetype/trifecta	De repente parecía que entendíamos a Amican, nos instó a buscar El Trigón Luna Radiante y completar La Tríada Trigonal.					
DOGFELLA_THREETRIGONS	The Scythian			Después de activar otro rayo ascendente en la Arboleda Trigonal, notamos algo peculiar en el perro llamado Amican.					
			Archetype/trifecta	De repente parecía que entendíamos a Amican, nos instó a activar el tercer rayo ascendente y abrir la entrada al Arremolinado Infinito.					
DOGFELLA_TRUTHBOMB	Dogfella			Guau Guau Guau.					
				Guau Guau Snif Guau.					
				El cosmos en el Arremolinado Infinito en la cima de Mingi Tau espera a aquel que lleva El Megatomo.					
				Guau Guau Guau Guau Guau.					
				Guau Guau Guau.					
GIRL_AFTERYELLOWBEAM	The Scythian			Samae se sentó en una roca cerca del lugar donde el leñador cortaba leña.					
			Archetype/trifecta	Le preguntamos sobre los secretos de la Arboleda Trigonal y los peculiares sueños de los montañeses del Cáucaso.					
				Ella nos contó cómo los sueños de su gente contenían muchos misterios y reflejaban el temperamento de la luna de manera extraña.					
				Samae nos invitó a sentarnos junto al fuego en la choza de piedra cuando quisiéramos, ya fuera para explorar los sueños o recobrar fuerzas.					
			Archetype/trifecta	Tenemos la sensación de que los dos Trigones restantes podrían estar perdidos en los sueños, o algo por el estilo.					
LOGFELLA_AFTERYELLOWBEAM	The Scythian			El leñador conocido como Amileño había regresado a cortar leña y parecía estar realmente concentrado.					
			triangle/Triangle	Amileño había visto el rayo ascendente en el bosque detrás del prado, así que le preguntamos sobre los secretos de la Arboleda Trigonal.					
				Nos contó una antigua historia que su gente solía contarles a sus hijos para asustarlos.					
			Archetype/trifecta	Amileño habló de una cuadrilla de Escitas que llegó hace muchas lunas a estas montañas olvidadas en busca de La Tríada Trigonal.					
			gourd/gourd	"""La cuadrilla había aprendido a buscar a los Espíritus Silvanos y enviarlos al cielo... y luego buscaron un lugar para realizar un milagro."""					
			Archetype/trifecta	"""La cuadrilla esperaba activar los tres rayos ascendentes en la Arboleda Trigonal, pero no sabían cuándo ni dónde estaban los Trigones."""					
				"""La cuadrilla vagó sin rumbo durante mucho tiempo por el antiguo camino hacia Mingi Tau... eventualmente se cansaron y decidieron detenerse."""					
				"""Entonces, la cuadrilla fue diezmada por un espectro inmortal a un costado del antiguo camino, donde todavía quedan algunas tumbas en la actualidad."""					
				Le dijimos a Amileño que era una historia interesante, aunque en realidad no nos asustó tanto.					
GIRL_GRAVESCOMPLETETHOUGHTS	Girl								
ARCHETYPE_MOONGROTTO	The Archetype			Veo que has logrado alterar el temperamento de la luna en la Gruta Lunar. Me pregunto cuánto durará esta paradoja temporal.					
MIRACLE2_ISLAND	The Scythian			Mientras la Luna Radiante se alza en el cielo, hemos llevado a cabo un extraño milagro lunar en una isla imposible en medio de un lago sereno.			136	073.jpg	W7A3K
MIRACLE2_PINKTRIGONCOLLECTED	The Scythian			Hemos obtenido El Trigón Luna Radiante, para nuestra gloria y desesperación. #trigontamed			155	068.jpg	56F8U
MIRACLE2_BRIGHTMOONTRIGONCOLLECTED	The Scythian			Quizás nos tentaba abandonar por completo este funesto cometido, pero había algo tan atractivo en el martirio.					
				Bueno, probablemente no importe mucho al final. Después de todo, el ingreso al Arremolinado Infinito no implica un examen físico.					
				Sentíamos claramente que todos estos paseos oníricos y domar Trigones comenzaban a cobrar su precio.					
				Cuando la luz y el sonido disminuyeron, nos encontramos en las orillas de un lago con un fuerte dolor de cabeza y la nariz ensangrentada.					
GIRL_BRIGHTMOONTRIGONCOLLECTED	The Scythian		Archetype/trifecta	Hablamos con Samae sobre nuestro encuentro onírico con El Trigón Luna Radiante y de nuestras intenciones de reconstruir La Tríada Trigonal.					
				Ella comentó que nuestro encuentro en sueños sonaba realmente genial y deseaba haber estado allí. #lies					
				Ella nos preguntó si habíamos pasado por la Arboleda Trigonal... ¿Quizás podríamos activar otro rayo ascendente?					
LOGFELLA_BRIGHTMOONTRIGONCOLLECTED	The Scythian			El leñador podía ver que nuestros paseos oníricos y la realización de milagros habían cobrado un gran costo en nuestra salud física.					
				Amileño parecía sospechar que nuestro funesto cometido probablemente no tendría un final feliz.					
				Amileño nos recordó que podíamos sentarnos junto al fuego de la choza y descansar de vez en cuando para recobrar fuerzas.					
ARCHETYPE_BRIGHTMOONTRIGONCOLLECTED	The Archetype			Nuestros datos de investigación muestran una alta correlación entre el progreso de un participante en S:S&S EP y su aptitud para ser genial.			45	074.jpg	87A43
				Veo que has logrado localizar y recuperar El Trigón Luna Radiante. Esto es realmente una noticia extraordinaria.					
MIRACLE3_HUGETREE	The Scythian			Mientras La Luna Sombría reina, hemos realizado un milagro en medio de un Parlamento de árboles.					
MIRACLE3_DARKMOONTRIGONCOLLECTED	The Scythian			Además... llevar El Megatomo a todas partes es algo molesto, es un libro realmente pesado en más de un sentido.					
				Nos sentíamos un poco mal... probablemente tenía algo que ver con todos esos rayos láser cósmicos.					
				Cuando la luz y el sonido disminuyeron, nos encontramos empapados por la fría lluvia en medio de un Parlamento de árboles.					
GIRL_DARKMOONTRIGONCOLLECTED	The Scythian		Archetype/trifecta	Hablamos con Samae sobre nuestro encuentro onírico con El Trigón Luna Sombría y de nuestras intenciones de reconstruir La Tríada Trigonal.					
				Le contamos cómo habíamos neutralizado el odioso ataque arcoíris de El Trigón Luna Sombría y ella simplemente dijo «genial».					
				No parecía importarle escuchar nuestras historias extravagantes.					
LOGFELLA_DARKMOONTRIGONCOLLECTED	The Scythian			El leñador podía ver que nuestros paseos oníricos y la realización de milagros habían cobrado un gran costo en nuestra salud física.					
			Archetype/trifecta	Amileño nos preguntó si habíamos visitado a Amican en la Arboleda Trigonal... ¿Quizás podríamos activar otro rayo ascendente?					
ARCHETYPE_DARKMOONTRIGONCOLLECTED	The Archetype			Ahora la pregunta es... ¿Qué sigue?					
				A pesar de la escasez de información útil que hemos proporcionado, has logrado dominar a El Trigón Luna Sombría.					
				Me han informado que has recuperado El Trigón Luna Sombría. Esto es realmente una noticia extraordinaria.					
LOGFELLA_FOUNDBOORKEY	The Scythian		AdventureUI/keyItem	El leñador no reconoció la llave que encontramos y no tenía ni idea de para qué servía.					
			AdventureUI/keyItem	¿...?					
GIRL_FOUNDBOORKEY	The Scythian		AdventureUI/keyItem	Samae vio la llave que encontramos y nos animó a estar atentos a una puerta cerrada.					
				Ella no tenía ninguna otra idea, pero recordamos algo que habíamos visto en el antiguo camino hacia Mingi Tau.					
ARCHETYPE_GROTTOPARADOX	The Archetype								
				El temperamento de la luna ha sido alterado en la Gruta Lunar					
ARCHETYPE_KILLBOOR	The Archetype			Ahora, me imagino que te preguntarás para qué sirve esa llave. Para ser honesto, no tengo ni idea.			119	075.jpg	87C5S
				No es que esté sugiriendo que en realidad seas un sociópata violento... jeje... Estoy seguro de que tenías tus razones, ¿Verdad? #thegrizzledboor					
				Debo mencionar que el Tosco Pardo fue incluido en S:S&S EP para tentar a los participantes a identificarse como sociópatas violentos.					
				Me han informado que el Tosco Pardo ha sido asesinado... ¿Sabes algo al respecto? #slaughter					
ARCHETYPE_SPAREBOOR	The Archetype			Ahora, me imagino que te preguntarás para qué sirve esa llave. Para ser honesto, no tengo ni idea.			119	075.jpg	87C5S
				¡Así es, eso es genial y te queremos mucho por ello!					
				El Tosco Pardo fue incluido en S:S&S EP para permitir que los participantes se identificaran a sí mismos como personas compasivas y razonables.					
				Me han informado que el Tosco Pardo ha podido escapar ileso. Esta es una noticia alentadora.					
LOGFELLA_FOUNDATION	Logfella			...					
				...					
				...					
SCYTHIAN_FOUNDATION	The Scythian			Despertamos a un espíritu silvano en un estanque profundo con lirios junto a una choza de piedra. No sabemos qué significa.					
				Con una tormenta incesante hemos aprendido a cantar la Canción de Espadamancia y convocar a un espíritu silvano dormido.					
				Espera... ¿Por qué me estoy refiriendo a mí misma en primera persona? ¿No se supone que nuestra historia se cuenta en segunda persona? #editingoversight					
				¿Mis pensamientos están ordenados cronológicamente, en el orden en que los pensé? ¿Así que esto es lo que estaba pensando hace unos segundos?					
				¿Esto es El Megatomo? ¿Absorbe 'transmisiones de pensamiento lingüístico'? ¿Estoy leyendo mis pensamientos mientras los estoy pensando? Hmm...					
GIRL_FOUNDATION	Girl			...					
				...					
				...					
DOGFELLA_FOUNDATION	Dogfella			...					
				...					
				...					
LOGFELLA_DARKMOON	The Scythian			El leñador habló sobre paseos oníricos por el bosque en la hora antes del amanecer, bajo un cielo oscuro y tormentoso.					
				Mencionó una inquietante luz rosada y una misteriosa canción que surgían del bosque sin nombre detrás del prado.					
				Supusimos que Amileño se refería probablemente al concierto de rock de La Luna Sombría.					
GIRL_DARKMOON	The Scythian			Samae habló sobre paseos oníricos por el bosque en la hora antes del amanecer, bajo un cielo oscuro y tormentoso.					
				Comentó cómo se había refugiado de la tormenta en un árbol hueco de proporciones titánicas.					
				Sabíamos exactamente a qué árbol hueco titánico se refería.					
ARCHETYPE_DARKMOON	The Archetype			Ten cuidado. La Luna Sombría reina.			94	076.jpg	I7F69
LOGFELLA_CRESCENTWAX	The Scythian			El leñador habló sobre paseos oníricos por el bosque en la hora antes del amanecer, bajo la luz de una luna creciente.					
				Habló acerca de una criatura que había encontrado, algo o alguien extraño y desnudo. ¿Era un oso? ¿Un hombre? o... ¿El Tosco Pardo?			57	077.jpg	I7G7U
GIRL_CRESCENTWAX	The Scythian			Samae estaba emocionada, ¡Hoy comenzaba un nuevo mes lunar! Le esperaban largos días sentada sobre rocas.					
ARCHETYPE_CRESCENTWAX	The Archetype			Un destello de luna creciente ha aparecido, marcando el inicio de un nuevo ciclo lunar de veintiocho días.			118	045.jpg	Y4E5Q
LOGFELLA_HALFWAX	The Scythian			El leñador admitió que sí, de hecho, había cortado una cantidad decente de leña a tiempo.					
				Habló de fríos inviernos y profundas nevadas aquí, en las majestuosas montañas del Cáucaso, que se alzaban sobre las estepas de Escitia.					
				El leñador esperaba tener suficiente comida y leña para sobrevivir los largos y fríos meses venideros.					
GIRL_HALFWAX	The Scythian			En mi sueño de anoche, estaba caminando por el bosque y tenía un antojo terrible de un muffin, pero no había ni uno solo.			108	078.jpg	07D87
ARCHETYPE_HALFWAX	The Archetype			Algunos folcloristas lunáticos han afirmado que no existe una relación causal entre la locura y el temperamento de la luna.					
LOGFELLA_ALMOSTWAX	The Scythian			El leñador dijo que nunca solía pensar demasiado en La Masa Gogolítica y en la montaña desierta de Mingi Tau.					
				Sin embargo, mencionó que últimamente la presencia espectral de La Masa Gogolítica había comenzado a acosarlo.					
				El leñador admitió que se le ponía la piel de gallina cuando La Luna Radiante se asomaba... y cuando La Luna Sombría reinaba.					
GIRL_ALMOSTWAX	The Scythian			La chica comentó algo sobre la luna creciente y se preguntó cuánto tiempo pasaría hasta que La Luna Radiante se alzara en el cielo.					
ARCHETYPE_ALMOSTWAX	The Archetype			La luna crece un poco cada día... en unos pocos días, La Luna Radiante se alzará... ¿Y qué?			165	046.jpg	P4B6A
LOGFELLA_BRIGHTMOON	The Scythian			El leñador admitió que su perro se comportaba de manera extraña cada vez que La Luna Radiante se asomaba en el cielo.			135	061.jpg	M6F1I
GIRL_BRIGHTMOON	The Scythian			Samae habló sobre paseos oníricos por el bosque en la hora antes del amanecer, con La Luna Radiante asomándose en el cielo.					
				Mencionó el aire fresco de la mañana y una isla imposible en medio de un lago sereno.					
ARCHETYPE_BRIGHTMOON	The Archetype			Sal afuera y mira hacia arriba. ¡Maravíllate con La Luna Radiante que se cierne en el cielo!			95	079.jpg	07D95
LOGFELLA_ALMOSTWANE	The Scythian			El leñador tenía poca paciencia para el folclore y admitió que normalmente lo adormecía, aunque poseía un buen conocimiento al respecto.					
				El leñador era conocedor de todos los detalles sobre Mingi Tau y por qué era conocido como el Reino de las Nubes.					
				Era consciente de que Mingi Tau era la montaña más alta del mundo conocido, incluso más alta que el Monte Olimpo, donde habitaban los dioses aqueos.					
				Asimismo, sabía que la cima de Mingi Tau, siempre envuelta en nubes, era considerada la entrada al Arremolinado Infinito.					
				El leñador nunca se había atrevido a poner un pie en las temibles laderas de Mingi Tau, y nunca lo haría.					
GIRL_ALMOSTWANE	The Scythian			Samae se preguntó por qué tantos hongos crecían justo antes y después de La Luna Radiante... ¿A qué se debería?					
ARCHETYPE_ALMOSTWANE	The Archetype			La luna está ligeramente menos brillante que ayer y el ciclo lunar está comenzando a disminuir.					
LOGFELLA_HALFWANE	The Scythian			El leñador tenía poca paciencia para el folclore y admitió que normalmente lo adormecía, aunque poseía un buen conocimiento al respecto.					
				El leñador explicó que en Escitia y Persia, Mingi Tau era conocida como La Montaña Eterna.					
				El leñador relató cómo, hace siglos, una raza olvidada había tallado un templo en la roca bajo Mingi Tau.					
				El leñador mencionó los corredores subterráneos y los espacios cavernosos tallados en la roca bajo Mingi Tau.					
				Según el leñador, esos espacios cavernosos fueron tallados hace siglos para proteger El Megatomo.					
GIRL_HALFWANE	The Scythian			Samae dijo haber caminado más allá del muro de piedra y haber sentido la terrible presencia de La Masa Gogolítica.			30	080.jpg	V8B04
ARCHETYPE_HALFWANE	The Archetype			El ciclo lunar está disminuyendo y La Luna Sombría está a poco menos de una semana de distancia.					
LOGFELLA_CRESCENTWANE	The Scythian			El leñador tenía poca paciencia para el folclore y admitió que normalmente lo adormecía, aunque poseía un buen conocimiento al respecto.					
				El leñador conocía a La Masa Gogolítica, el espectro inmortal que acechaba en la oscuridad debajo de Mingi Tau.					
				Amileño habló del Arremolinado Infinito, más allá de nuestra comprensión, de donde provenía El Megatomo en la apenas recordada Edad de Piedra.					
				Habló de una raza de seres inmortales del espacio que despertaron en la humanidad una forma rudimentaria de transmisión de pensamiento lingüístico.					
				"""Estos inmortales bendijeron a la humanidad con la capacidad de ser una civilización, y por lo tanto, los condenaron a una extinción eventual e inevitable."""					
				"""Los escitas trataron de reprimir la insidiosa propagación de la civilización y por eso aislaron El Megatomo con su protector inmortal."""					
				"""El inmortal ha acechado en la oscuridad desde entonces, deteriorándose para convertirse en un espectro inmortal conocido como La Masa Gogolítica."""					
				El leñador probablemente habría continuado con esta historia sin fin si no lo hubiéramos detenido de manera respetuosa.					
GIRL_CRESCENTWANE	The Scythian			Samae observó la luna menguante. Dijo que pronto se iría y que La Luna Sombría reinaría.					
ARCHETYPE_CRESCENTWANE	The Archetype			El ciclo lunar está casi completo. La Luna Sombría está muy cerca.					
DARKMOONLOOMS_ARCHETYPE	The Archetype			La Luna Sombría reina, el final del ciclo lunar está muy cerca.					
DARKMOONBEGINS_ARCHETYPE	The Archetype			He aquí, ¡La Luna Sombría!			94	076.jpg	I7F69
DARKMOON_GIRLTHOUGHTS	Girl			En mi sueño me encontré con un Parlamento de árboles azotado por un rayo y sentí la presencia de algo profundamente sagrado.					
DARKMOON_LOGFELLATHOUGHTS	Logfella			Anoche escuché el sonido de una música vibrante filtrándose a través de los bosques detrás de mi choza. ¿Qué podría ser?					
DARKMOON_DOGFELLATHOUGHTS	Dogfella			Guau Guau Guau. En mi estado de sueño solo vislumbré las sutiles y melodiosas brumas de los Espíritus Silvanos.					
AMPHITHEATRE_OUTRO	The Scythian			Hemos reconstruido La Tríada Trigonal y ahora somos héroes.			164	081.jpg	48G1Q
RABBITS_3MURDERS	The Scythian			Inexplicablemente, hemos asesinado a 3 conejos indefensos.					
RABBITS_7MURDERS	The Scythian			Inexplicablemente, hemos asesinado a 7 conejos indefensos. ¿Estamos ante la evidencia de una mente transtornada?					
RABBITS_13MURDERS	The Scythian			Inexplicablemente, hemos asesinado a 13 conejos indefensos.					
RABBITS_17MURDERS	The Scythian			Inexplicablemente, hemos asesinado a 17 conejos indefensos. Somos imparables.					
RABBITS_23MURDERS	The Scythian			Inexplicablemente, hemos asesinado a 23 conejos indefensos.					
RABBITS_37MURDERS	The Scythian			Inexplicablemente, hemos asesinado a 37 conejos indefensos. Tenemos curiosidad por saber qué pasará si seguimos con esta serie de asesinatos.					
RABBITS_53MURDERS	The Scythian			Inexplicablemente, hemos asesinado a 53 conejos indefensos. Claramente sufrimos de un desorden obsesivo-compulsivo.					
RABBITS_91MURDERS	The Scythian			Inexplicablemente, hemos asesinado a 91 conejos indefensos.					
RABBITS_107MURDERS	The Scythian			Inexplicablemente, hemos asesinado a 107 conejos indefensos. ¿Tal vez disminuya nuestra compulsión asesina si dejamos de contar?					
ARCHETYPE_CREDITS	The Archetype								
				S:S&S EP es un proyecto colaborativo de tipo videojuego realizado en Toronto. Ponte en contacto o manténte informado en swordandsworcery.com					
			Logos/superbrothers	El concepto original a cargo de la organización de arte y diseño conocida como Superbrothers Inc. en superbrothers.ca					
				Las canciones y algunos sonidos a cargo del amado compositor y estrella de rock conocido como Jim Guthrie en jimguthrie.org					
			Logos/capy	La ingeniería y los milagros a cargo del estudio independiente de videojuegos conocido como Capy en capybaragames.com					
			Logos/eightfour	La traducción al japonés, marketing, relaciones públicas y cariño proporcionados por 8-4, Ltd. Todo el equipo en 8-4.jp					
				* * * EL EQUIPO de S:S&S EP * * *					
				El concepto, arte, diseño, dirección y guión a cargo de representantes de Superbrothers Inc.					
				El diseño, líder de proyecto, incansable apoyo y más a cargo de Kris Piotrowski, director creativo en Capy.					
				Los sistemas, arquitectura técnica, interfaz de usuario, motor y más a cargo de Jon Maur, programador técnico líder de S:S&S EP en Capy.					
				Los guiones, combates y milagros a cargo de Frankie Leung, programador de jugabilidad líder de S:S&S EP en Capy.					
				La inspiración, canciones, sonidos, alma y mucho más a cargo de Jim Guthrie, compositor, héroe del folk y rockero por excelencia.					
				* * * ADEMÁS DE * * *					
				La voz de Amileño a cargo de Robert Ashley, creador del programa de radio 'A Life Well Wasted' en alifewellwasted.com					
				La voz de La Escita a cargo de la fotógrafa Robyn Cumming en robyncumming.com					
				La voz del Arquetipo a cargo del artista y cineasta Clive Holden en cliveholden.com					
				Los sonidos cósmicos de la Gruta Lunar a cargo de Scientific American en scntfc.com					
				* * * APOYO DE CAPY * * *					
				Nathan Vella, presidente en Capy, productor ejecutivo, héroe del pueblo gracias a su liderazgo y habilidades estratégicas.					
				Sean 'Uber' Lohrisch, cofundador de Capy, productor de PC, asistencia técnica de audio, integración FMOD y muchos sonidos encantadores.					
				Matt 'Juggalord' Repetski, cofundador en Capy, asistencia administrativa y comercial.					
				Christian 'Sea Dawg' Meyer, control de calidad y mega-héroe de pruebas.					
				Adaptación para computadoras de uso doméstico y la mejora a 1080p fueron realizadas por el talentoso Hubert Wong.					
				Drew Grainge brindó soporte de programación para PC/Mac/Linux, experiencia en Steam y colaboró en diversas tareas técnicas.					
				Vic 'Meow' Nguyen de Super TIME Force contribuyó con increíbles recursos artísticos y trajo sonrisas al equipo.					
				La calidad adicional del proyecto fue asegurada por el único e inigualable Aaron Eves.					
				Phil Sandhop, Crystal Edwards y Sebastian Andersson de GameInstinct brindaron apoyo adicional en control de calidad para PC.					
				Agradecimientos a Xavier Xaden Xen, Joseph Theodore Blocco, Hank Hudson.					
				Un agradecimiento especial a Thea Gaerlan por brindar deliciosas galletas y otras delicias.					
				* * * APOYO DE SUPERBROTHERS * * *					
				Coordinación, comunicaciones, control de calidad, inspiración, paciencia infinita y apoyo moral inagotable cortesía de Jori Baldwin.					
				Mack C. Adams, asistencia de negocios, apoyo financiero y apoyo moral inquebrantable.					
				Muchos agradecimientos a Sheila Precious, David Adams, Sarah Adams y Cimarron Corpe por mantener el barco a flote ante mares tormentosos.					
				Muchas gracias a Jim Guthrie por embarcarse en esta aventura loca hacia lo desconocido.					
				Con sonidos adicionales de un millón de dólares cortesía de Timothy Muirhead.					
				* * * APOYO DE 8-4 * * *					
				Maestro de las palabras y traducción al japonés a cargo de RYUTA YAZAWA.					
				Edición japonesa, consejo crucial y apoyo interminable a cargo de MASAHIRO YUKI de Grasshopper Manufacture en grasshopper.co.jp					
				Diseño del increíble logotipo japonés a cargo de POLYGRAPH en polygraph.jp					
				Magia del sitio web japonés a cargo de Jonathan Lumb en jonnyram.com					
				Y finalmente, agradecimientos por el apoyo y amistad de JPN: Suda 51, Tomoaki Takahashi, Hideto Yamada...					
				Y los artistas de remezcla Baiyon, Akira Yamaoka, Michiru Yamane, macotom3 y Decassegui Hip					
				* * * EL DOMINIO DE CANADÁ * * *					
			Logos/omdc	Este proyecto fue posible gracias al apoyo financiero de la Ontario Media Development Corporation (OMDC).					
				* * * LOS QUEREMOS MUCHÍSIMO * * *					
				Un reconocimiento especial a Brandon Boyer, Mathew Kumar y Jason DeGroot por alinear las estrellas.					
				Mucho amor a las comunidades de videojuegos independientes de Toronto y a The Hand Eye Society, TOJam y Gamercamp. ¡Gracias!					
				A familiares y amigos: los queremos mucho y estamos deseando volver a verlos. ¿Cómo han estado desde la última vez que hablamos?					
				A todos los que han apoyado y alentado este proyecto: ¡muchas gracias por su paciencia, curiosidad y fe!					
				* * * PROCESO * * *					
				El arte de píxeles se creó por completo en Promotion de Cosmigo, mientras que otros elementos visuales se realizaron en Illustrator y Photoshop de Adobe.					
				Los sonidos y canciones se crearon utilizando MTV Music Generator de Codemasters para PSOne y/o Garageband y Logic Studio de Apple.					
			Logos/FMOD	Los sonidos y canciones se integraron en el proyecto utilizando FMOD de Firelight Technologies.					
				El código fue programado en C++ y Lua script con tolua++. Los mapas y elementos del mundo fueron creados con herramientas propietarias en Capy.					
				Cálculo de ciclos lunares y algoritmos astronómicos cortesía de voidware.com/moon_phase.htm					
				Las APIs utilizadas en la creación de S:S&S EP incluyen twitcurl, tinyxml, libpng/zlib, SDL, cmake, y minizip.					
				Una versión extremadamente temprana del juego fue enviada al Independent Games Festival el 1 de noviembre de 2009.					
				S:S&S EP fue anunciado el 1 de diciembre de 2009.					
				A principios de 2010 se anunció que el proyecto había ganado el premio 'Achievement in Art' en el IGF Mobile, lo cual fue increíblemente genial.					
				La primera demostración pública en vivo de S:S&S EP ocurrió en un evento social de Hand Eye Society en Toronto el 14 de febrero de 2010.					
				La primera versión jugable de S:S&S EP fue presentada a los asistentes y amigos en la GDC 2010 en San Francisco del 9 al 13 de marzo de 2010.					
				Las primeras imágenes de juego sin editar del prototipo presentado en la GDC aparecieron en línea al mismo tiempo y causaron cierto revuelo.					
				'Less Talk, More Rock: The Native Language of Videogames' fue publicado en línea en Boing Boing en marzo de 2010, puedes buscarlo en Google.					
				El proyecto 'se mantuvo en silencio' durante unos meses mientras, ya sabes, realmente hacíamos el videojuego. Clic, clic, clic, clic.					
				Tomó un poco más de tiempo hacerlo realidad.					
				Craig D. Adams presentó 'The Intoxication of Mythology' el 22 de septiembre de 2010 en el Fantastic Arcade en Austin.					
				Jim Guthrie, Kris Piotrowski y Craig D. Adams presentaron 'Aiming for Audiovisual Alchemy' en Gamercamp en Toronto.					
				Se publicó un nuevo clip titulado 'Audience Calibration Procedure' el jueves 24 de febrero de 2011 para dar inicio al lanzamiento.					
				S:S&S EP estuvo finalmente disponible para iPad alrededor del equinoccio de primavera en 2011, poco antes del fin del mundo.					
				Se llevó a cabo un evento en el TIFF Lightbox en Toronto para celebrar el lanzamiento, ¡fue realmente increíble, deberías haber estado allí!					
				S:S&S EP finalmente se lanzó para iPhone y iPod Touch, y hubo mucha alegría.					
				En los meses posteriores al lanzamiento, algunos de nosotros nos casamos y otros rompimos relaciones, y todos seguimos adelante.					
				Se le pidió a Jim Guthrie crear la banda sonora del documental 'Indie Game: The Movie'.					
				Capy ya está inmerso en la creación de la próxima oleada de videojuegos, incluido el alucinante SUPER T.I.M.E. FORCE.					
				El personal de Superbrothers Inc. se está tomando un tiempo para soñar nuevos sueños.					
				S:S&S EP fue uno de los Top 10 de videojuegos en 2011 de la revista Time, junto con grandes esfuerzos AAA como Dark Souls y Skyrim. ¡Increíble!					
				Kirk Hamilton de Kotaku reconoció la música de Jim Guthrie como 'la mejor música de videojuego en 2011'.					
				La tormenta de Twitter con el hashtag 'sworcery' en su lanzamiento fue considerada 'uno de los mayores eventos de Internet de 2011' según Co.Design y Syzygy.					
				S:S&S EP ganó un Game Developer's Choice Award en GDC 2012, superando a títulos AAA... lo cual fue increíblemente asombroso.					
				Jim Guthrie lanzó un nuevo álbum llamado 'The Children of the Clone' que presenta obras maestras perdidas en sintonía con S:S&S EP.					
				Después de eso, la historia se vuelve un poco confusa, así que sintoniza swordandsworcery.com para obtener más información.					
				Ha sido un viaje increíblemente positivo, esperamos que sigas profundizando.					
				No dejes de revisar el boletín en superbrothers.ca para obtener las últimas novedades del equipo de Superbrothers Inc.					
				* * * ¿QUÉ ES S:S&S EP? * * *					
				S:S&S EP se concibe como un valiente experimento en Cine Interactivo, sea lo que sea que signifique eso.					
				S:S&S EP es un nuevo enfoque para el videojuego de aventuras de la vieja escuela con un énfasis en el estilo audiovisual.					
				S:S&S EP se inspira en el trabajo de creadores de videojuegos pioneros como Shigeru Miyamoto, Jordan Mechner, Eric Chahi y Fumito Ueda.					
				S:S&S EP es un febril sueño Famicom.			38	082.jpg	28B24
				S:S&S EP ha sido construido teniendo en cuenta la mitopoética psicocosmológica de las historias de espadas y brujería de Robert E. Howard.					
				S:S&S EP es un enlace al pasado.			167	083.jpg	18E3V
				S:S&S EP es un primer esfuerzo, así que sí, es un poco experimental.					
				El concepto estético de S:S&S EP es 'la aventura de videojuego arquetípica'.					
				S:S&S EP hace referencias indirectas a Carl G. Jung y su fascinante 'Libro Rojo' en muchos lugares.					
				S:S&S EP es una pequeña y genial creación que no entiendo del todo, pero que creo que todos deberían jugar en su dispositivo táctil o PC.					
				S:S&S EP es un haiku de videojuego crudo sobre la vida, el amor y la muerte.					
				S:S&S EP trata sobre mitos y sueños.					
				S:S&S EP ha sido creado teniendo en cuenta a un amplio y culto público.					
				S:S&S EP iba a llamarse en un primer momento 'Poopsock'. Es en serio.					
				* * * ESO ES TODO * * *					
				¿Qué sucede a continuación con todo esto? ¿Y de qué se trata esa transmisión loca? ¿Qué depara el futuro?					
				¡Si quieres ordenar impresiones, ropa, discos, videojuegos o lo que sea, búscanos en Internet!					
				¡Si disfrutas con el estilo de entretenimiento audiovisual ofrecido por S:S&S EP entonces, por favor, corre la voz!					
				Ahora somos amigos cósmicos para siempre, ¿Sabes?			87	084.jpg	L8A48
				Traducción al español por @cesardeg :P.					