id	user	icon	portrait	Italian	Japanese	Final Notes	pic	Filenames	Codes
GIRL_TONGUES	Girl			Lontano dalla Scizia & dalle sue steppe devastate dalla guerra, in un prato assolato, incontrammo una ragazza dai capelli corvini. #ciaomondo			72	001.jpg	Z0E1Q
				Presso coloro che abitano le montagne del Caucaso era nota come 'Ragazza' & sembrava gentile. #ovviamente					
SIGN_TADPOL	The Scythian			"""Casa è dove è il cuore."" #threegutrecords4ever"					
SIGN_WALL	The Scythian			"""Scizia, Cimmeria, Assiria & Persia - questi sono tutti regni degli uomini. Il Mingi Taw è Il Regno della Nuvola."""					
SIGN_CHASM	The Scythian			Sul bordo del periglioso precipizio, vi era una roccia scolpita con il glifo di una spada innalzata al cielo sotto i colori dell'arcobaleno.					
				Noi Sciti detestiamo gli arcobaleni. #arcobalenidetestabili			21	002.jpg	40C27
SIGN_BIRDTREE	The Scythian			In un sentiero laterale che conduceva lontano dalla strada antica vi era una roccia scolpita con una serie di glifi indecifrabili.					
				Tra i glifi indecifrabili notammo una serie di pittogrammi della luna.					
SIGN_BIRDTREEDECIPHERED	The Scythian			In un sentiero laterale che conduceva lontano dalla strada antica vi era una roccia scolpita con una serie di pittogrammi della luna un tempo indecifrabili.					
				"I pittogrammi si riferivano ad un luogo segreto che si trovava poco distante ""... in cui l'umore della luna poteva essere cambiato""."					
				La Grotta della Luna...? #grottadellaluna #macheè #èunmistero			205	003.jpg	60D3C
SIGN_WOLF	The Scythian			Sul lato della strada antica vi era una roccia scolpita con un paio di glifi con la foggia di una spada & uno scudo. #indizioindizio			16	004.jpg	T0C4X
SIGN_ANTECHAMBERLEFT	The Scythian			In un corridoio sotterraneo notammo una statua infausta, ma non ci preoccupammo troppo. #letradizionidelluogo			29	005.jpg	V0B53
INFO_CROSSMOUNTAINLEFT	The Scythian			Sul versante più aspro & pericolante del Mingi Taw, un sepolcro solitario segnava la fine di una strada sterrata.					
INFO_CROSSMOUNTAINRIGHT	The Scythian			Sul versante più aspro & pericolante del Mingi Taw, un sepolcro solitario segnava la fine di una strada sterrata.					
INFO_RIDGESKULLPOLE	The Scythian			Sul dorsale frastagliato che conduceva alla cima del Mingi Taw vi era un lugubre palo adornato da un teschio di cervo.					
INFO_CROSSRIDGE	The Scythian			Sul dorsale frastagliato che conduceva alla cima del Mingi Taw, un sepolcro solitario ricordava, come un lugubre monito, coloro i quali morirono laggiù.					
INFO_MEGATOMESTUCK	The Scythian		adventureUI/megatomeItem	Trovammo il Grantomo racchiuso fra due mani scheletriche & sentimmo la nostra spada muoversi nel fodero. #grantomo			33	006.jpg	30D6C
DOOR_SIDEBMEADOW	The Scythian			Una porticina senza maniglia fatta di un materiale sconosciuto. Un cartello dice 'Riservato al Personale Autorizzato'.					
DOOR_UPSLOPEWOODS1	The Scythian			La strada antica per Mingi Taw era bloccata da una porta chiusa a chiave.					
DOOR_UPSLOPEWOODS3	The Scythian			Una porta chiusa a chiave nascosta nel sottobosco della foresta sotto l'antica strada che conduce fin sul Mingi Taw. #grottadellaluna					
LOGFELLA_AVATAR			AdventureUI/dudeLogfellaIdle1						
LOGFELLA_INTRO_ADV	Logfella	AdventureUI/tweetIconBabelBook		Il taglialegna, tagliando la legna, tagliò della legna. #ovviamente #tagliandolalegna			71	007.jpg	7E+71
				Presso coloro che abitano le montagne del Caucaso era noto come 'Signor Ceppo' & sembrava un tipo tosto.					
				Il Signor Ceppo sapeva tutto del nostro compito ingrato & acconsentì a condurci fino all'antica strada.					
				Tuttavia avevamo la netta sensazione che non morisse dalla voglia di farlo.					
LOGFELLA_TADPOL_WAITING	Logfella	AdventureUI/tweetIconBabelBook		Il taglialegna ci aspettava per proseguire lungo il sentiero fino all'inizio dell'antica strada.			12	008.jpg	U0D88
LOGFELLA_INTRO_CHASM	The Scythian	AdventureUI/tweetIconBabelBook		Passammo sopra al nostro problema & ci sentimmo super svegli.			22	009.jpg	L0B9S
			adventureUI/megatomeItem	Raccontammo al Signor Ceppo che eravamo in cerca di un gravoso libro di infausta spadomanzia noto come il Grantomo.					
			adventureUI/megatomeItem	Il Grantomo era nascosto da qualche parte al di là del Precipizio Periglioso, sotto il Mingi Taw, nell'oscurità infestata dagli spettri.					
			adventureUI/megatomeItem	Eravamo risoluti nel recuperare Il Grantomo & ad uscire da lì sani & salvi.					
LOGFELLA_BEFOREWALL	The Scythian		AdventureUI/keyItem	Il taglialegna confermò al 100% che custodiva l'unica chiave che potesse aprire la porta nel muro di pietra.					
			AdventureUI/keyItem	Era davvero una bella chiave.					
				Eravamo del tutto pronti per premere & tenere premuto sul sentiero di fronte per muoverlo muoverlo muoverlo.					
LOGFELLA_POSTTONGUE	The Scythian		adventureUI/megatomeItem	Il taglialegna noto come Signor Ceppo sarebbe rimasto qui ad aspettarci di ritorno con Il Grantomo.					
LOGFELLA_HINT_SITTINGDOWN	The Scythian	AdventureUI/tweetIconBabelBook		Il taglialegna noto come Signor Ceppo aveva deciso di rilassarsi sotto un riparo di pietra vicino al Precipizio Periglioso.					
				Il Signor Ceppo pareva saper tutto sul detestabile arcobaleno & sul glifo vicino raffigurante una spada innalzata al cielo.					
				E tuttavia il Signor Ceppo offrì zero aiuti su cosa fare ora, il che ci diede un po' sui nervi, giusto per essere del tutto sinceri.					
LOGFELLA_WOLF_HINT	The Scythian	AdventureUI/tweetIconBabelBook		Il taglialegna aveva visto un qualche genere di mostruosità raccapricciante & decise che avrebbe lasciato che ce ne occupassimo noi.			26	010.jpg	Q1B00
LOGFELLA_DOWNSLOPE	The Scythian		adventureUI/megatomeItem	Avevamo recuperato Il Grantomo & Il Signor Ceppo era pronto al 100% a muoverlo muoverlo nella sicurezza della sua dimora.					
				Presagimmo l'arrivo di una tempesta & una canzoncina cominciava già a suonare nel nostro cuore.					
LOGFELLA_CABINMEGATOME	The Scythian	AdventureUI/tweetIconBabelBook		Alla vista della tempesta in arrivo Il Signor Ceppo confessò che stava avendo proprio in quel momento un attacco di panico.					
				Per caso Il Signor Ceppo stava intenzionalmente cercando di mandarci fuori di testa? #sì #no #puòdarsi					
				In ogni caso ripararsi per un po' era probabilmente la cosa più sicura da fare.					
QUESTCOMPLETE_MEGATOME			adventureUI/megatomeItem	Abbiamo Il Grantomo & siamo i più intelligenti. #abbiamoilgrantomo			40	011.jpg	81C1E
GIRL_AVATAR			AdventureUI/dudeDaughterIdle1						
ARCHETYPE_AVATAR			AdventureUI/dudeArchetypeIdle1						
ARCHETYPE_TUTORIAL	The Archetype	AdventureUI/tweetIconInfo							
	The Archetype			Signore & Signori, che ne dite di picchiettare questi due spiritelli silvani così che possa farmi un'idea del vostro sistema stereo?					
	The Archetype			Dal nostro precedente esperimento nel 2011, i social network si sono rivelati catastrofici per la società.					
				Questa volta, incoraggiamo l'isolamento e la riflessione piena di rimpianto.					
				Vi siamo profondamente grati di aver scelto di partecipare a questo trattamento sperimentale per casi acuti d'avvilimento.					
				Troverete questa prima sessione di S:S&S EP abbastanza lineare. Richiede tipicamente solo 15 - 30 minuti per essere completata.					
				Pronti per iniziare? Premete play & andiamo!					
ARCHETYPE_FOUNDATION	The Archetype			S:S&S EP non provoca un'esperienza trascendentale, desidera semplicemente liberare il sistema nervoso dai classici schemi.					
				"Il terzo aspetto del ""Setting"" è quello culturale - prevalentemente nozioni di realtà & normalità. Per ora eviteremo questo argomento."					
				"Il ""Setting"" comprende il comfort, la sicurezza & il calore della stanza o dell'ambiente esterno dove avverrà l'esperienza."					
				Abbiamo scoperto che un individuo rilassato, curioso è più incline ad avere un'esperienza soddisfacente con S:S&S EP.					
				"Il ""Set"" si riferisce allo stato mentale & caratteriale con cui ci si approccia all'esperienza - pensieri, sensazioni e/o aspettative."					
				Parliamo del set & setting per una esperienza positiva con l'estremamente psicoattivo Superborthers: Sword & Sworcery EP.					
				"L'ampliata consapevolezza, l'inutilizzato & smisurato potenziale della mente, ecco a cosa ci riferiamo, noi di Superbrothers, con ""spadomanzia""."					
				L'inno della Spadomanzia può essere inteso come una tecnica psionica & ti permette di percepire una realtà all'interno di  quella che conosci.					
				Per fermare l'inno della Spadomanzia in qualsiasi momento, clicca semplicemente due volte sull'aura della spadomanzia che circonda la Scita.					
				Una volta intonato un inno della Spadomanzia, fai tap & tieni premuto sull'aura della spadomanzia & scorri per guardare attorno.					
				Per intonare l'inno della Spadomanzia, fai tap & tieni premuto sulla Scita per un momento o due & osserva l'aura della spadomanzia concentrarsi.					
				Come puoi vedere, il Grantomo cattura & organizza trasmissioni di pensiero linguistico. Scorri verso il basso per vedere a cosa stavo pensando prima.					
ARCHETYPE_MEGATOMETUTORIAL	The Scythian		adventureUI/megatomeItem	"""Ben fatto - hai appreso l'Inno della Spadomanzia & ora il misterioso potere del Grantomo è tuo."""			47	012.jpg	31E2F
			adventureUI/megatomeItem	"""Il Grantomo intercetta trasmissioni di pensiero linguistico & contiene tutto ciò di cui hai bisogno per portare a termine il tuo compito ingrato."""					
			adventureUI/megatomeItem	Sto pensando a qualcosa proprio in questo momento... perchÉ non apri Il Grantomo & mi cerchi per scoprire cosa mi passa per la testa?					
				"""Troverai un triangolo bianco in altro a destra... toccalo & quindi equipaggia Il Grantomo per svelare ciò che si cela al suo interno."""					
LOGFELLA_STORM	The Scythian			Il taglialegna noto come Signor Ceppo aveva rinunciato al suo solito tagliar legna a causa della sinistra tempesta. #stivalibagnati					
			adventureUI/megatomeItem	Il Signor Ceppo ci ricordò come la tempesta si fosse formata molto rapidamente, subito dopo aver ottenuto il Grantomo dalle viscere del Mingi Taw.					
				Il Signor Ceppo stava forse suggerendoci, in modo non così celato, di provare a far qualcosa per calmare la tempesta? #sì #no #forse					
GIRL_STORM	The Scythian			La ragazza dai capelli corvini nota come 'Ragazza', affrontava il dolore di quel momento. #dolore					
			gourd/gourd	Sin dall'inizio della tempesta, la ragazza vide le spume sonore di alcuni folletti silvani che dormivano nei boschi vicini.					
			gourd/gourd	Si domandava se i tre folletti silvani sarebbero stati d'aiuto nel calmare la tempesta? #sì					
			gourd/gourd	Ci chiese di indagare sulle spume sonore che sgorgavano dalle acque profonde dello stagno all'esterno della baita.					
			gourd/gourd	La ragazza parlò di un folletto in un prato nelle vicinanze & di un altro folletto in un nido artificiale che un tempo era dimora di tre uccellini canterini bagnati fradici.					
			gourd/gourd	La ragazza ci invitò a cercare le spume sonore prodotte da questi tre folletti silvani & a inviarli verso il cielo tramite l'Inno della Spadomanzia.					
ARCHETYPE_SWORCERY	The Archetype			"""È tempo di imparare l'Inno della Spadomanzia - una tecnica di espansione della conoscenza che svela una nuova dimensione mistica & musicale."""					
			gourd/gourd	"""Mantieni la calma & segui le mie indicazioni per evocare il folletto silvano che dorme dolcemente nelle fresche & profonde acque dello stagno."""					
ARCHETYPE_TADPOLES	The Archetype			Era ovvio al 100% che l'uomo vestito stranamente si aspettava che facessimo questa o quella cosa ma non avevamo idea di che.					
			gourd/gourd	"""Vedi le spume sonore che sgorgano dalle profonde acque dello stagno? Proprio lì un folletto silvano sta dormendo dolcemente & tu devi evocarlo."""					
			gourd/gourd	"""Intona un Inno della Spadomanzia in qualsiasi momento toccando & tenendo premuto sulla Scita per entrare in una realtà altra rispetto a quella che conosci."""					
			gourd/gourd	"""Accompagna i due piccoli natanti dove il folletto sonnecchia & quindi innalzalo al cielo con tre tocchi di spadomanzia."""			49	013.jpg	61D3A
GIRL_LOSTKEY	The Scythian			La ragazza era al riparo dalla pioggia sotto l'ampio tetto di legno del pozzo.					
				Aveva lasciato la comodità del focolare nella baita perchÉ a quanto pare Il Signor Ceppo stava andando fuori di testa per qualcosa o qualcos'altro.					
INFO_BIRDEYESCULPTURE	The Scythian			Notammo una scultura di un uccello arrabbiato stagliarsi sul prato. #citazionesottesa			6	014.jpg	F1D48
INFO_MEADOWSHEEP	The Scythian			Notammo alcune inutili pecore oziare in giro per il prato. #inutilipecore					
INFO_CABINSHEEP	The Scythian			Un'altra inutile pecora - perchÉ continuiamo ad osservarle? #inutilipecore					
INFO_MEADOWSUN	The Scythian			Possiamo ricordare chiaramente quanto il sole fosse maestoso in quella particolare giornata di inizio primavera.					
INFO_MEADOWGATE	The Scythian			Nel prato c'era un cancello di ferro inamovibile che bloccava l'entrata di una caverna cavernosa.					
INFO_MEADOWGATEACTIVE	The Scythian			Nel prato c'era un cancello di ferro & avevamo la sensazione di poterlo alzare in qualche modo.					
INFO_MEADOWGATETRIGONACTIVE	The Scythian			Notammo un aggeggio simile a un Trigon d'Oro posto sopra al cancello di ferro - reagirà forse al nostro Inno della Spadomanzia?					
INFO_MEADOWGATETRIGON	The Scythian			Notammo un aggeggio posto sopra al cancello di ferro.					
INFO_LOCKEDDOORSTONEWALL	The Scythian			La porta nel muro di pietra blocca l'antica strada per il Mingi Taw & apparentemente la chiave è persa nei sogni.					
INFO_LOOMINGBIRDSCULPTURES	The Scythian			Notammo una scultura di un uccello arrabbiato stagliarsi sul prato. #citazionesottesa					
INFO_MEADOWSUNSTICK	The Scythian			Notammo un bastone dalla forma strana affacciarsi sul prato.					
INFO_CABINWELL	The Scythian			Notammo un pozzo robusto con un ampio tetto di legno.					
INFO_UNWELLWELL	The Scythian			Il pozzo sembrava impazzito. #impazzito #pozzo					
INFO_WELLNESS	The Scythian			Chi è più pazzo? Il pozzo o il pazzo che lo segue? #impazzito #pozzo #pazzo					
INFO_WELLWHITESTAG	The Scythian			LUNGA VITA AL NUOVO CORPO					
ARCHETYPE_UNWELLWELLOUTRO	The Archetype								
INFO_CABINCHIMNEY	The Scythian			Notammo una robusta baita di pietra con un tetto di paglia che sorgeva accanto a uno stagno dalle acque profonde.					
INFO_CABINWOODPILE	The Scythian			Notammo una pila di legna tagliata, niente di importante.					
INFO_SPUME	The Scythian			Localizzammo le dolci spume sonore di un folletto silvano dormiente. Ora... come fare per evocarlo?					
INFO_NESTBOX	The Scythian			Notammo un nido artificiale dall'aspetto curioso, ora dimora di un'infausta arnia.			13	015.jpg	B1C5F
INFO_NESTBOXWEATHERED	The Scythian			Notammo un nido dall'aspetto consunto che somigliava in modo raccapricciante a una specie di faccia.					
INFO_FLAGPOLELOGBRIDGE	The Scythian			A cavallo di un ponte di legno sull'antica strada si ergeva una lugubre asta adornata da robusti teschi.					
INFO_GOLDTRIGONALTAR	The Scythian			Oltre la caverna cavernosa nel prato ci imbattemmo in un boschetto isolato con una serie di strane strutture petrose.					
			Archetype/trifecta	... Era questo il Trigonbosco? #trigonbosco			93	016.jpg	B1D6J
			triangle/Triangle	Mentre ci trovavamo accanto alla prima struttura petrosa i nostri pensieri andavano al Trigon d'Oro & sentimmo la nostra spada rimestare nel fodero.					
INFO_DARKTRIGONALTAR	The Scythian			Nel Trigonbosco vi era un'altra struttura petrosa consumata & corrosa dalle intemperie. #iltrigonedellalunacupa					
				Pensavamo a cosa sarebbe accaduto se avessimo colpito con la nostra spada la struttura petrosa.					
INFO_BRIGHTTRIGONALTAR	The Scythian			Nel Trigonbosco vi era un'altra struttura petrosa con un glifo circolare che si riferiva alla Luna Splendente. #trigonedellalunasplendente					
				Pensavamo a cosa sarebbe accaduto se avessimo colpito con la nostra spada la struttura petrosa.					
INFO_STONEHEAD	The Scythian			Presso il Precipizio Periglioso vi era un'enorme scultura intagliata nella roccia di una testa impudente con la bocca spalancata.			24	017.jpg	61B76
INFO_STONEHEADSHUT	The Scythian			Presso il Precipizio Periglioso vi era un'enorme scultura intagliata nella roccia di una testa impudente.					
INFO_STONEHEADFLAGPOLE	The Scythian			Sulla sommità di un'enorme scultura intagliata nella roccia si ergeva una lugubre asta adornata in modo inquietante da robusti teschi o qualcosa del genere.					
INFO_CHASMSTONESHELTER	The Scythian			Ad un lato del Precipizio Periglioso si ergeva qualcosa di meraviglioso, simile ad un dolmen, che racchiudeva due sedie di pietra dall'aspetto comodo.			25	018.jpg	O1C8M
INFO_SKULLPOLE	The Scythian			A cavallo di un ponte pericolante si ergeva una lugubre asta adornata in modo inquietante dal teschio di un cervo.					
INFO_TRIFECTASYMBOL	The Scythian			Al di sopra dell'entrata intagliata nella roccia ad un tempio montano notammo una rappresentazione pittografica della Trigon Tripletta.					
INFO_MOUNTAINGATE	The Scythian			Nelle profondità del tempio montano notammo un cancello di ferro inamovibile & al di là di questo riuscivamo a vedere l'imponenza del Mingi Taw racchiuso dalle nubi.					
INFO_MOUNTAINGATETRIGON	The Scythian			Nelle profondità del tempio montano, sopra un alto corridoio, notammo tre strane forme triangolari.					
INFO_MOUNTAINGATETRIGONACTIVE	The Scythian			Nelle profondità del tempio montano, sopra un alto corridoio, notammo la foggia della Trigon Tripletta.					
INFO_CABINRECORD	The Scythian			All'interno della baita notammo un piccolo oggetto somigliante a un disco posto sopra al focolare. #laballatadeibambinispaziali			46	019.jpg	P1D99
INFO_CABINHEARTH	The Scythian			Il focolare all'interno della baita stava dolcemente scoppiettando, producendo un calore familiare.					
INFO_CABINSEAT	The Scythian			All'interno della baita, su entrambi i lati del focolare, c'erano due sedie di legno grezzo.					
INFO_GOGOLITHICMASS	The Scythian			Notammo un teschio di cervo fluttuare nelle tenebre al di sotto del Mingi Taw.					
INFO_MEGATOMBTRIFECTA	The Scythian			Notammo una rappresentazione pittografica della Trigon Tripletta nelle tenebre al di sotto del Mingi Taw.					
INFO_ROCKSHOWGIRL	The Scythian			Al concerto rock notammo la ragazza dai capelli corvini & pensammo che forse disse fuoco cammina con me.					
INFO_ROCKSHOWSKOLOTOI	The Scythian			Al concerto rock notammo uno di quei tipi scheletrici rilassarsi su quel ritmo minaccioso.					
INFO_ROCKSHOWJIM	The Scythian			Headliner del concerto rock non era altro che il tizio misterioso, amante della musica, noto come Jim Guthrie.			160	020.jpg	T2G03
INFO_ROCKSHOWBOOR	The Scythian			Al concerto rock notammo Tamarrorso rockeggiare nudo col suo affare.			121	021.jpg	E2G15
INFO_ROCKSHOWCROWD	The Scythian			Al concerto rock c'era una folla considerevole di signore & signori.					
INFO_ROCKSHOWARCHETYPE	The Scythian			Al concerto rock notammo il tizio conosciuto come L'Archetipo & rimanemmo a pensare cosa avesse a che fare con tutto questo.					
INFO_TRIGONGROVESKULLSTICK	The Scythian			Una lugubre asta adornata da un teschio di cervo collega questo luogo allo spettro immortale che si aggira al di sotto del Mingi Taw.					
GRAVE_TRIGONGROVE	The Scythian			Nel Trigonbosco, oltre la caverna cavernosa, notammo nel prato una tomba solitaria & ci incuriosì un po'.					
GRAVE_TRIGONGROVEGHOST	The Scythian			Nel Trigonbosco, oltre la caverna cavernosa, ci avvicinammo nel prato ad una tomba solitaria & ci imbattemmo in un tipo spettrale splendente.					
				Il tipo spettrale splendente nel Trigonbosco sul subito ci fece andare fuori di testa, ad esser onesti.			96	022.jpg	T2B2H
			adventureUI/megatomeItem	Riconobbe il nostro costume scita & vide che portavamo con noi il Grantomo. Si chiese se riuscivamo a capire i segni esoterici al suo interno.					
				In un sussurro pronunciò il nome dello spettro immortale che avevamo risvegliato nell'oscurità al di sotto del Mingi Taw: La Massa Gogolitica.			166	023.jpg	O2B39
				Conoscevamo quel nome spaventoso attraverso gli antichi racconti & sentimmo il nostro sangue raggelarsi.					
				"""Ho avuto la sensazione che fino ad ora La Massa Gogolitica ti ha visto come una specie di turista."""					
			triangle/Triangle	"""Ora che hai appreso l'Inno della Spadomanzia & domato Il Trigon d'Oro scoprirai che ogni tuo passo sarà stregato."""					
				Non riuscivamo a capire se il tipo spettrale splendente ci stesse incoraggiando od intimidendo o cosa.					
				Raccontammo al tipo spettrale della nostra intenzione di far esplodere il Grantomo sulla cima del Mingi Taw & di liberare la Massa Gogolitica dall'immortalità.					
			Archetype/trifecta	Chiedemmo della Trigon Tripletta & dell'ubicazione dei due Trigoni rimanenti, ma il suo responso fu tanto incomprensibile da essere irritante.					
				"""I due Trigoni rimanenti esistono soltanto nei sogni di coloro che abitano la montagna."""			43	024.jpg	8.2E+46
				"""Nel trovare i due Trigoni rimanenti il dove non è così importante quanto il quando & il come."""					
				Il tipo spettrale splendente diceva di sicuro un sacco di cose inutili & senza senso.					
GRAVE_LOGBRIDGE	The Scythian			Notammo una serie di tombe in un boschetto su un lato dell'antica strada & ci chiedemmo cosa mai ci fosse lì.					
GRAVE_LOGBRIDGEGHOST	The Scythian			Ci avvicinammo ad una serie di tombe in un boschetto su un lato dell'antica strada & incontrammo alcuni spiriti dall'aspetto amichevole.			116	025.jpg	62B55
				Lo spettro splendente che parlò era un gigante che ci era noto attraverso gli antichi racconti, tanto che il suo ritratto richiedeva rispetto. #andre					
			Archetype/trifecta	"""L'anno scorso, prima della festa del solstizio d'inverno, misi insieme un gruppo di amici & partimmo con l'intenzione di riunire La Trigon Tripletta."""					
				"""Avevamo sentito le storie sul portale per l'infinito sulla cima del Mingi Taw & pensammo che sembrava proprio qualcosa di ganzo da vedere."""					
			triangle/Triangle	"""Beh, ad ogni modo domammo Il Trigon d'Oro & demmo un'occhiata con più attenzione al Trigonbosco, prima di partire alla ricerca del Trigone della Luna Splendente."""					
				"""La ricerca del Trigone della Luna Splendente non andò poi così bene... a dir la verità ci perdemmo completamente."""					
				"""A poco a poco capimmo l'importanza del ciclo lunare & l'influenza che aveva sugli spiritelli che dormono nei regni del crepuscolo."""					
				"""E così ci sedemmo qui & iniziammo ad osservare l'umore della luna così da imparare quando farci trovare in un certo luogo & come."""			7	026.jpg	Q2D6P
				"""Morimmo di noia aspettando con le mani in mano che l'umore della luna cambiasse."""					
				"""Ok, in realtà morimmo a causa di un litigio che scoppiò a causa della noia."""					
				"""Non mi va proprio di parlarne proprio adesso, se non ti dispiace."""					
				"""Ok, allora quel che accadde fu che uno del nostro gruppo era un baro imbroglione & lo cogliemmo con le mani nel sacco."""					
				"""Iniziò una zuffa & il baro imbroglione fuggì lungo l'antica strada verso Il Precipizio Periglioso ."""					
				"""Cosicchè ci ritrovammo a far girare i pollici, pensando a cosa fare... quando all'improvviso apparve La Massa Gogolitica... Accidenti!"""			113	027.jpg	62B75
GRAVE_CHASM	The Scythian			Notammo la tomba solitaria sull'orlo del Precipizio Periglioso & ci chiedemmo cosa mai ci fosse lì.					
GRAVE_CHASMGHOST	The Scythian			Sul Precipizio Periglioso ci avvicinammo alla tomba solitaria del baro imbroglione & incontrammo un vecchio tipo spettrale splendente.					
			Archetype/trifecta	"""L'anno scorso prima della festa del solstizio d'inverno Andre Il Gigante mise insieme un gruppo di amici & partimmo per riunire La Trigon Tripletta."""					
				"""Gli altri ragazzi del gruppo sono sepolti in un boschetto sul ciglio della vecchia strada vicino al ponte di legno."""					
			triangle/Triangle	"""Riuscimmo a localizzare & domare Il Trigon d'Oro abbastanza facilmente ma ci bloccammo del tutto subito dopo."""					
				"""Desideravamo Il Trigone della Luna Splendente così decidemmo di trastullarci & osservare il cielo, aspettando che l'umore della luna cambiasse."""					
				"""Era super noioso! Non mi sarei certo messo ad aspettare per giorni & giorni che La Luna Splendente si stagliasse nel cielo."""					
				"""Ho lasciato che quei pecoroni se ne stessero a vagare senza meta, mentre mi addentravo in quell'inganno di logica lunare."""					
				Il vecchio spirito splendente raccontò di come aveva barato, ovvero uscì da S:S&S EP e cambiò la data & l'orario del suo computer.					
				Lo spirito descrisse quanto fosse imbarazzante questo procedimento, ma ci disse che in questo modo fu in grado di influenzare le fasi lunari!					
				"""Il problema fu che mi vennero degli attacchi di panico proprio da quando barai & ed è per questo che morii di vergogna."""					
GRAVE_HOLLOW	The Scythian			All'interno della cavità di un albero colossale notammo una lapide solitaria che ci fece incuriosire.					
GRAVE_HOLLOWGHOST	The Scythian			All'interno di un colossale albero cavo ci avvicinammo ad una tomba solitaria & apparve un fantasma cazzuto che ci cantò dei folli versi.			117	028.jpg	E2A80
				"""Osserva l'umore della luna & saprai quando,dove & come trovarti."""					
				"""Voglio anche che tu sappia che non sto cercando di farti venire la strizza apposta, mostrandomi in un modo così terribile."""					
GRAVE_HOLLOWGHOSTSPRITES	The Scythian			All'interno di un colossale albero cavo ci avvicinammo ad una tomba solitaria & apparve un fantasma cazzuto che ci cantò dei folli versi.			117	028.jpg	E2A80
				"""Cerca i folletti silvani sul sentiero alle tue spalle tenendo occhi & orecchie ben aperti sulle loro spume sonore."""					
				"""Manda tutti & cinque i folletti silvani al cielo per mettere in scena un miracolo che attirerà il Trigone che stai cercando."""					
GRAVE_HOLLOWGHOSTTRIGON	The Scythian			All'interno di un colossale albero cavo ci avvicinammo ad una tomba solitaria & apparve un fantasma cazzuto & ci raccontò alcune cose.			117	028.jpg	E2A80
				"""Cerca un segnale dei folletti silvani & in quel punto intona un Inno della Spadomanzia per rivelare un Trigone nascosto."""					
GRAVE_HOLLOWGHOSTTRIGONCOMPLETE	The Scythian			All'interno di un colossale albero cavo ci stavamo avvicinando ad una tomba solitaria quando apparve un fantasma cazzuto & ci raccontò alcune cose.			117	028.jpg	E2A80
				"""E così l'Inno del Trigone si è concluso per ora. Mi chiedo, quando potrò udirlo ancora?"""					
LOGFELLA_LOSTKEY	The Scythian			Lo sventurato taglialegna noto come Signor Ceppo stava andando del tutto fuori di testa per qualcosa.					
			AdventureUI/keyItem	A quanto pare Il Signor Ceppo aveva perso la chiave della porta nel muro di pietra che bloccava l'antica strada per il Mingi Taw.					
				Non ditemi che stavamo per fare un'altra quest del tipo 'trova l'oggetto'?					
				Il Signor Ceppo ci disse che si era seduto proprio lì, accanto al fuoco, quando cadde in un sonno profondo.					
			AdventureUI/keyItem	Il Signor Ceppo pensava di aver perso la sua chiave nel regno crepuscolare dei sogni.					
				Avevamo già sentito degli strani sogni dei bruni abitanti delle montagne del Caucaso quindi, per noi, tutto questo aveva perfettamente senso.					
				Il Signor Ceppo ci invitò a riscaldare i nostri stivali davanti al fuoco & a sognare insieme a lui.			63	029.jpg	U2C92
ARCHETYPE_LOSTKEYTHOUGHTS	The Archetype			Riteniamo che la veglia & la psicocosmologia mitopoietica dei sogni siano stati separati, tuttavia interagiscono nei modi più curiosi.					
				La soglia della liminalità è uno spazio tra la veglia & il sogno in cui il pensiero diretto è impossibile.			56	030.jpg	13A0A
				Và in cerca di un caldo focolare & fà sì che il sonno arrivi per scoprire la soglia della liminalità.					
ARCHETYPE_LOSTKEYCLUE	The Archetype		AdventureUI/keyItem	perchÉ non provi a sederti accanto al focolare nella baita & attraversi la soglia liminale per trovare la chiave perduta del Signor Ceppo?			55	031.jpg	23C1X
GIRL_LOSTKEYTHOUGHTS	Girl	AdventureUI/tweetIconGourd		Wow, Il Signor Ceppo sta andando fuori di testa per qualcosa... Mi chiedo cosa succeda... Me ne andrò fuori & lo lascerò stare per un po'.					
				Ho visto la Scita intonare un Inno della Spadomanzia & mandare tre folletti silvani al cielo - Mi chiedo se aiuteranno a placare la tempesta.					
LOGFELLA_MORELOSTKEYTHOUGHTS	Logfella			Spero davvero che la Scita, colei che entra nei sogni altrui, possa ritrovare la mia chiave... l'ho perduta sulla riva sabbiosa di lago placido.			62	032.jpg	U3A20
LOGFELLA_LOSTKEYTHOUGHTS	Logfella			Oh, che sventura, vorrei che non stesse piovendo fuori... Vorrei che i miei stivali non fossero così bagnati... Vorrei poter tornare a tagliare la legna.					
				Oh, diamine - che fine ha fatto la mia chiave!? Sono così agitato & imbarazzato che sto proprio andando fuori di testa!					
LOGFELLA_FOUNDKEY	The Scythian		AdventureUI/keyItem	Il taglialegna era super sollevato poichÉ eravamo riusciti a recuperare la sua chiave dal regno crepuscolare dei sogni.					
				Il taglialegna noto come Signor Ceppo si chiese come eravamo diventati tanto astuti & ci chiese del nostro compito ingrato.					
				Raccontammo al taglialegna di come diventammo adulti nelle steppe a fianco dei nostri impavidi fratelli & sorelle sciti.					
				Raccontammo al Signor Ceppo del poichÉ stavamo vagando in queste montagne selvagge & come eravamo stati guidati dal dito di un Dio onnisciente.					
			adventureUI/megatomeItem	Raccontammo al Signor Ceppo cosa sospettavamo che significassero i segni esoterici contenuti nel Grantomo.					
			gourd/gourd	Avevamo il presentimento di dover evocare solo alcuni folletti silvani in più per calmare la tempesta.			104	033.jpg	W3D3G
			triangle/Triangle	Con un pacato sussurro parlammo della nostra intenzione di individuare & domare una manifestazione della geometria cosmica nota come Il Trigon d'Oro.					
				Era al 100% chiaro che il taglialegna noto come Signor Ceppo avesse smesso di prestare attenzione.					
			AdventureUI/keyItem	Pensammo semplicemente di poterci tenere la chiave & andare a fare una passeggiata sull'antica strada al di là del muro di pietra.					
LOGFELLA_FOUNDKEYWAKEUP	The Scythian		AdventureUI/keyItem	Chiedemmo al taglialegna se fosse d'accordo che ci tenessimo la chiave & lui disse che era del tutto ok.					
GIRL_FOUNDKEY	The Scythian			In un sentiero incontrammo la ragazza dai capelli corvini bagnata fradicia.					
			gourd/gourd	Aveva sentito le dolci spume sonore dei folletti silvani provenire da oltre il muro di pietra sull'antica strada per il Mingi Taw.					
			gourd/gourd	Ci disse di imponenti tronchi d'albero posti su entrambi i lati di un possente fiume.					
			gourd/gourd	Ci disse di flebili arcobaleni visti al limite del Precipizio Periglioso.					
			adventureUI/megatomeItem	... quindi divenne sempre più timorosa & ci consigliò di consultare il Grantomo se ci fossimo sentiti persi o confusi.					
LOGFELLA_FOUNDKEYTHOUGHTS	Logfella			Mi fa stare del tutto tranquillo sapere che La Scita si sia tenuta la chiave, se ciò significa che riuscirà a calmare la tempesta.					
				Devo essermi appisolato ad un certo punto durante il racconto super epico della Scita. Tollero davvero a fatica le leggende popolari.					
				Ho domandato a bruciapelo alla Scita del suo ingrato compito... ha iniziato a parlare delle steppe & del dito di Dio.					
GIRL_FOUNDKEYTHOUGHTS	Girl			Mandare al cielo uno o due folletti silvani in più calmerà la tempesta senza fine... ed allora sarà tempo di miracoli! #miracoli			129	034.jpg	33A44
GIRL_SUPERMOTHERTREE	Girl			Quando la luna splende con più forza c'è una calma inquietante mentre vago nei sogni... & quando la luna è più cupa il bosco si scatena.					
				Nel sogno i posti & i luoghi sono sempre gli stessi eccetto quando esso muta a seconda dell'umore della luna.					
				Tutte le notti, da quando si è sollevata la tempesta, ho fatto lo stesso sogno in cui vago nel bosco un'ora prima dell'alba.					
ARCHETYPE_TREEHINT	The Archetype			Ricorda che ingerire i funghi della foresta può darti una certa visione distorta sui fenomeni criptozoologici & similia.					
				Và in cerca delle spume sonore dei folletti silvani & investiga le zone a loro circostanti.					
				Una volta che hai iniziato un inno della Spadomanzia puoi toccare con quanta più delicatezza possibile il bordo dello schermo per guardare attorno (od usare i tasti freccia.)					
ARCHETYPE_MUSHROOMHINT	The Archetype			È stato affermato che i funghi allucinogeni abbiano giocato un ruolo significativo nello sviluppo della psiche umana.					
				Dei reperti archeologici mostrano come l'uso sciamanico dei funghi per le comunità religiose, per la divinazione & per la guarigione sia piuttosto antico.					
				Fisiologicamente potresti avvertire una sensazione di benessere & un'accentuazione delle percezioni, un dissiparsi dello stress & mancanza di appetito.					
				I funghi della foresta possono dare una certa visione distorta sulla posizione precisa di un folletto silvano & sui loro fattori scatenanti peculiari.			60	035.jpg	53A5Y
ARCHETYPE_TRIGONGROVE	The Archetype			Riesci a sentirlo? Cominci a capire? Adesso i segni esoterici & le forme all'interno del Grantomo non acquistano un nuovo significato?					
				Questo raggio fa da ponte tra il mondo dei vivi & il mondo dei morti, quindi, durante i tuoi viaggi, potresti trovare uno spirito o due con cui parlare.					
				Sono stato appena informato del fatto che hai attivato nel Trigonbosco il primo raggio verso il cielo.					
GIRL_CABINSHEEP	The Scythian			Domandammo alla ragazza cos'era accaduto alle inutili pecore che giravano fuori dalla baita & ci disse che poco prima si erano spaventate.					
			gourd/gourd	Raccontammo alla ragazza che avevamo mandato cinque folletti silvani al cielo & lei ci disse che forse il tempo dei miracoli era prossimo.					
				Pensammo che forse avremmo dovuto recarci ad investigare il prato dove stavano le pecore fino a poco fa.					
LOGFELLA_CABINSHEEP	The Scythian			Il Signor Ceppo aveva la sensazione che fosse giunto il tempo dei miracoli & immaginava che qualcosa di meraviglioso stesse per accadere.			79	036.jpg	V3G62
GIRL_CABINSHEEPTHOUGHTS	Girl			Ma che... la pioggia si è fermata! Che la tempesta stia per andarsene? Lo spero davvero.					
				Tutta 'sta cosa della tempesta mi sta proprio buttando giù. è stata così cupa.					
LOGFELLA_CABINSHEEPTHOUGHTS	Logfella			Hmm... Mi sta venendo l'ansia... sta proprio succedendo qualcosa... che la tempesta stia per andarsene?					
				Sai, tutte le volte che sento il bisogno di ritrovare le mie forze me ne sto qui seduto davanti al focolare a riscaldarmi gli stivali.					
DOGFELLA_CABINSHEEPTHOUGHTS	Dogfella			Bau Bau Bau Bau Bau Bau Bau Bau. #eabbaioancora #miracoli			84	037.jpg	V3C7I
ARCHETYPE_MEADOWHINT	The Archetype			Quando il sole sarà allineato otterrai le miracolose abilità di ripiegatura del grande mago Al Jaffee.					
				Percepisci questa atmosfera insolita? è tempo di miracoli! Intona un Inno della Spadomanzia & guarda in alto verso i minacciosi uccelli adirati.			76	038.jpg	A3G84
ARCHETYPE_MEADOWHINTTWO	The Archetype			Guarda verso il cielo alla ricerca di qualche visione distorta sui meccanismi di questo miracolo nel prato & quindi osserva Il Trigon d'Oro.					
ARCHETYPE_SIDE_B	The Archetype	AdventureUI/tweetIconInfo		Hmm... è interessante il modo in cui hai gestito quello scontro col cannibale dalla testa d'orso.			120	039.jpg	O3G9D
				No no, va tutto bene, è solo interessante. Non ho mai visto nessuno fare ciò che hai fatto. è eccezionale, ma non allarmarti.					
				Ok, va avanti. Devi goderti ancora così tanto dell'esperienza di S:S&S EP, in particolare nel Lato B.					
ARCHETYPE_GOLDTRIGONHINTONE	The Archetype			Per domare Il Trigon d'Oro devi imparare a sopravvivere ai tre movimenti del suo bizzarro inno usando una combinazione di attacco & difesa.					
				È assolutamente fondamentale che tocchi & tieni premuto il pulsante dello scudo per recuperare le forze perdute.					
				E così vedo che hai evocato & provato a domare Il Trigon d'Oro? Ho alcune cose da dirti che penso tu possa trovare utili.					
ARCHETYPE_GOLDTRIGONHINTTWO	The Archetype			Agita la spada contro il proiettile psionico del Trigone & aspetta l'occasione di evitare i suoi attacchi raggio.			83	040.jpg	3.4E+02
				La logica imperscrutabile & imprevedibile del Trigon d'Oro ha reclamato le anime di tutti coloro che giunsero in passato... non avevano abbastanza tenacia & coraggio.					
ARCHETYPE_GOLDTRIGONHINTTHREE	The Archetype			Il Trigon d'Oro deve essere domato, non ci sono alternative.					
				Nella terza fase devi agitare la spada verso i piccoli proiettili triangolari & evitare gli attacchi raggio.					
				Nella seconda fase devi aspettare gli attacchi raggio & premere il pulsante dello scudo per evitarli al momento giusto.					
				Nella prima fase devi agitare la spada per rimandare indietro la sfera di energia.					
ARCHETYPE_BRIGHTTRIGONHINTONE	The Archetype			Potresti aver notato come Il Trigone della Luna Splendente colpisca con attacchi mortali dall'alto... aspetta quindi il momento giusto & tocca il tuo scudo per evitarli.			144	041.jpg	8.4E+12
ARCHETYPE_BRIGHTTRIGONHINTTWO	The Archetype			Nella fase finale del Trigone della Luna Splendente dovrai agitare la tua spada verso i proiettili & evitare gli attacchi raggio intensi.					
ARCHETYPE_DARKTRIGONHINTONE	The Archetype			Potresti esserti scontrato contro il colpo del detestabile arcobaleno del Trigone della Luna Cupa - colpisci di taglio quell'arcobaleno con quanta più forza & velocità hai.					
ARCHETYPE_DARKTRIGONHINTTWO	The Archetype			L'ultima fase del Trigone della Luna Cupa comprende proiettili triangolari nascosti ed impercettibili - distruggili & riuscirai a sopravvivere.					
ARCHETYPE_MEGATOMEOUTRO	The Archetype	AdventureUI/tweetIconBabelBook		E così hai risvegliato lo spettro immortale che dormiva nell'oscurità al di sotto del Mingi Taw - Accidenti!					
				Di conseguenza, incombe una tempesta sinistra & le splendide persone che vivono nella baita di pietra sono abbastanza affrante.					
			adventureUI/megatomeItem	Il risultato è che tu hai ottenuto il gravoso libro noto come il Grantomo - nella nostra prossima sessione discuteremo il suo strano  scopo.					
				La nostra ricerca mostra come una prolungata esposizione alla psicocosmologia mitopoietica di S:S&S EP può avere effetti collaterali indesiderati.					
				E così ora che hai completato la sessione I perchÉ non facciamo una breve pausa? Mi troverai proprio qui quando sarai pronto per la sessione II.					
ARCHETYPE_GOLDMASTERINTRO	The Archetype	AdventureUI/tweetIconBabelBook							
				È bello rivederti! Sei pronto per iniziare la sessione II di S:S&S EP?					
			adventureUI/megatomeItem	Ok, allora, dove eravamo? Oh giusto, ora ricordo. Hai ottenuto un gravoso libro noto come Il Grantomo.					
				Hai risvegliato lo spettro immortale che ancora si aggira nelle tenebre al di sotto del Mingi Taw. è stato spaventoso, dico bene?			204	042.jpg	24B2J
				È un periodo di sventure - una tempesta sinistra ha oscurato i cieli & le splendide persone che vivono nella baita sono avvilite.					
				Mettere a tacere la tempesta richiederà una certa familiarità con la psionica, la criptozoologia & i miracoli...					
			adventureUI/megatomeItem	1. Il tocco di uno spadomante rimuoverà il sigillo del Grantomo, svelando i pensieri celati delle creature viventi & altro materiale esoterico.					
			gourd/gourd	2. Strani folletti silvani - sorgenti della spadomanzia - sonnecchiano in laghetti, boschi & prati. Cerca le loro delicate spume sonore.					
			triangle/Triangle	3. Uno spadomante che può localizzare, evocare & domare il Trigon d'Oro possiederà l'abilità di fare miracoli.					
				Confuso? Eccellente. Mantieni la calma & và avanti.			210	043.jpg	A4C31
ARCHETYPE_GOLDMASTEROUTRO	The Archetype		triangle/Triangle	Bravo! Hai individuato & sottomesso la geometria cosmica del Trigon d'Oro.			86	044.jpg	24E4H
				Come per miracolo la sinistra tempesta si è calmata & la gloriosa luce del sole è tornata sul regno, ciò è del tutto grandioso.					
				Questi gesti eroici dimostrano la tua percettività, il tuo intuito & la tua perseveranza - sei andato oltremodo bene finora.					
				Nota: se scegli di continuare l'esperimento di S:S&S EP, le qualità sopra menzionate verranno messe alla prova & valutate.					
				Ad ogni modo, prendiamoci un'altra piccola pausa, va bene? Come al solito, sarò qui quando sarai pronto ad iniziare la sessione III.					
ARCHETYPE_TRIFECTAINTRO	The Archetype								
				Iniziamo la sessione III. Nota: In genere, completare questa sessione, richiede un mese lunare.					
			triangle/Triangle	Così hai domato il Trigon d'Oro & la tempesta si è miracolosamente calmata? Per questo, hai i miei complimenti.					
			adventureUI/megatomeItem	Consultare il Grantomo & studiarne i meccanismi potrebbe renderti confuso o disorientato.					
				Uno spettro immortale si aggira ancora nelle tenebre al di sotto del Mingi Taw.					
			Archetype/trifecta	Esamina la geometria cosmica della Trigon Tripletta.					
			MoonCrescent/moonCrescent	Osserva l'umore della luna.			118	045.jpg	Y4E5Q
				La nostra ricerca dimostra come il supporto dei social networks potrebbe giocare un ruolo importante nella riuscita di questa fase dell'esperimento di S:S&S EP.					
				Ti informiamo che da qui in avanti monitoreremo ciò che farai in relativo silenzio.					
ARCHETYPE_TRIFECTAOUTRO	The Archetype		Archetype/trifecta	E così hai domato i due Trigoni rimanenti & riunito la Trigon Tripletta?			165	046.jpg	P4B6A
			Archetype/trifecta	Sei spleciale & è proprio per questo che ti amo così tanto.					
				È stato davvero audace & generoso offrire il martirio della Scita sulla sommità del Mingi Taw.					
				Sul serio, te ne dobbiamo una.					
				Tutto ciò che ti resta da fare è portare di forza La Scita sulla sommità del Mingi Taw & assistere al turbinio dell'infinito.					
				Fatti coraggio - la fine è vicina!					
ARCHETYPE_GHOULINTRO	The Archetype								
				Bene, eccoci qui. Questa breve sessione porrà fine alla terapia S:S&S EP.					
				Manca davvero poco alla conclusione del compito ingrato della Scita.					
				Purtroppo la forma corporea & la psiche della Scita sono state assai fiaccate dalla spadomanzia - è sulla soglia della morte.			162	047.jpg	J4F7B
			Archetype/trifecta	Tutto ciò che rimane da fare è svelare i segreti del Trigonbosco & inviare Il Grantomo nel turbinio dell'infinito sulla sommità del Mingi Taw.					
				Premi play se ti senti pronto ad assistere al tremendo tormento del martirio.					
END	The Scythian			Sulla cima del Mingi Taw abbiamo inviato il Grantomo all'eterna sicurezza del turbinio dell'infinito.					
END_CHEAT	The Scythian			Sulla cima del Mingi Taw abbiamo inviato il Grantomo all'eterna sicurezza del turbinio dell'infinito. #baro					
END_CHEAT_NOBOOR	The Scythian			Sulla cima del Mingi Taw abbiamo inviato il Grantomo all'eterna sicurezza del turbinio dell'infinito. #baro #addioamarro					
END_CHEAT_PSYCHO	The Scythian			Sulla cima del Mingi Taw abbiamo inviato il Grantomo all'eterna sicurezza del turbinio dell'infinito. #baro #folle					
END_CHEAT_LOVE	The Scythian			Sulla cima del Mingi Taw abbiamo inviato il Grantomo all'eterna sicurezza del turbinio dell'infinito. #baro #amore			202	048.jpg	D4A81
END_MOONGROTTO_PSYCHO	The Scythian			Sulla cima del Mingi Taw abbiamo inviato il Grantomo all'eterna sicurezza del turbinio dell'infinito. #grottadellaluna #folle			180	049.jpg	74D9P
END_MOONGROTTO_LOVE	The Scythian			Sulla cima del Mingi Taw abbiamo inviato il Grantomo all'eterna sicurezza del turbinio dell'infinito. #grottadellaluna #amore			176	050.jpg	Y5F0P
END_HONEST_PSYCHO	The Scythian			Sulla cima del Mingi Taw abbiamo inviato il Grantomo all'eterna sicurezza del turbinio dell'infinito. #onesto #folle			179	051.jpg	M5C1H
END_HONEST_LOVE	The Scythian			Sulla cima del Mingi Taw abbiamo inviato il Grantomo all'eterna sicurezza del turbinio dell'infinito. #onesto #amore			177	052.jpg	55E2B
END_HONEST_NOBOOR	The Scythian			Sulla cima del Mingi Taw abbiamo inviato il Grantomo all'eterna sicurezza del turbinio dell'infinito. #onesto #addiotamarro			178	053.jpg	75G3V
GIRL_GHOULTHOUGHTS	Girl			Ma la Scita sa che è possibile fermare La Massa Gogolitica toccando il suo teschio con la Spadomanzia? Probabilmente no.					
				Spero davvero che La Scita sappia toccare & tenere premuto sul percorso che ha di fronte per muoversi muoversi super velocemente, sennò sarà nei pasticci.					
				Dove sono? Cos'è successo? L'ultima cosa che ricordo sono io che vago in un sogno, & poi un'angosciante luce rosa.					
LOGFELLA_GHOULTHOUGHTS	Logfella			La Scita continua a parlare del suo compito ingrato, ovvero aprire un portale verso l'infinito sulla sommità del Mingi Taw.					
				Dal momento in cui è apparsa la Scita, così tante lune fa, tutto è stato assolutamente folle.					
LOGFELLA_GHOUL	The Scythian			Ci risvegliammo storditi da un sonno molto profondo, per ritrovarci nei pressi del Trigonbosco con il taglialegna noto come Signor Ceppo al nostro fianco.			88	054.jpg	J5D44
				Il Signor Ceppo ci raccontò che la ragazza era sparita la notte prima.					
				Il taglialegna sapeva che la nostra fine era prossima & che avremmo dovuto far ritorno al Mingi Taw per completare il nostro compito ingrato.					
LOGFELLA_TRIGONGROVETIPS	The Scythian			Il taglialegna noto come Signor Ceppo non aveva mai visto prima il Trigonbosco & si chiese che mai succedesse lì.					
LOGFELLA_TRIFECTATIPS	The Scythian			Il taglialegna noto come Signor Ceppo era molto angosciato per la sparizione della ragazza.					
				Dicemmo al Signor Ceppo che immaginavamo dove poteva trovarsi & che presto avremmo messo a posto le cose.					
				Guardò la colonna lì vicino & ci ringraziò in anticipo per tutta la cosa del martirio.					
URSULA_AVATAR			Ursula/idleSEhandsonhip						
DOG_AVATAR			AdventureUI/dudeDogfellaIdle1						
AMPHITHEATRE_LEFT	The Scythian	AdventureUI/tweetIconInfo		Questi due tizi sostenevano di essere tra i creatori di questo bizzarro mondo.			159	055.jpg	A5G55
AMPHITHEATRE_RIGHT	The Scythian	AdventureUI/tweetIconInfo		I due burloni sostenevano di essere tra i creatori di questo bizzarro mondo.			159	055.jpg	A5G55
GOURD_MOUNTAINMEADOW	The Scythian	AdventureUI/tweetIconGourd	gourd/gourd	Abbiamo appena risvegliato un folletto silvano dormiente dal ricco terreno di un prato con quattro coppie di inutili pecore.			52	056.jpg	15B63
GOURD_CABIN	The Scythian	AdventureUI/tweetIconGourd	gourd/gourd	Intonammo un Inno della Spadomanzia & evocammo un folletto silvano dormiente dalle fresce acque di una pozza profonda - che strano!			50	057.jpg	G5F78
GOURD_UPSLOPEWOODSONE	The Scythian	AdventureUI/tweetIconGourd	gourd/gourd	Abbiamo appena risvegliato un folletto silvano che dormiva in un curioso nido artificiale circondato da tre fradici uccellini canterini.					
GOURD_UPSLOPEWOODSTWO	The Scythian	AdventureUI/tweetIconGourd	gourd/gourd	Abbiamo appena risvegliato un folletto silvano che dormiva presso un imperturbabile ponte di legno dove quattro paia di alberi torreggiano su un fiume.					
GOURD_UPSLOPEWOODSFOUR	The Scythian	AdventureUI/tweetIconGourd	gourd/gourd	Abbiamo appena risvegliato un folletto silvano che dormiva tra due detestabili arcobaleni su una sponda del Precipizio Periglioso.					
GOURD_WATERFALLS	The Scythian	AdventureUI/tweetIconGourd	gourd/gourd	Regna La Luna Cupa & abbiamo appena risvegliato un folletto silvano che dormiva circondato da cinque cascate.					
GOURD_MOUNTAINTOP	The Scythian	AdventureUI/tweetIconGourd	gourd/gourd	Regna La Luna Cupa & abbiamo appena risvegliato un folletto silvano dal sottobosco su una cima rocciosa.					
GOURD_SECRET2_STONESHELTER	The Scythian	AdventureUI/tweetIconGourd	gourd/gourd	Si staglia la Luna Splendente & abbiamo appena risvegliato un folletto silvano in un boschetto nascosto in cui passava il tempo Jim Guthrie.			132	058.jpg	G5F8U
GOURD_MOUNTAINLAKESHORE	The Scythian	AdventureUI/tweetIconGourd	gourd/gourd	Si staglia la Luna Splendente & abbiamo appena risvegliato un folletto silvano dalle placide acque di un lago in cui mamma anatra stava dando di matto.					
GOURD_LAKESHOREBUNNYSTRAIGHTAWAY	The Scythian	AdventureUI/tweetIconGourd	gourd/gourd	Si staglia la Luna Splendente & abbiamo appena risvegliato un folletto silvano ove il riflesso del lago era quanto più leggermente incongruo.			127	059.jpg	65D98
GOURD_LAKESHORELAKE	The Scythian	AdventureUI/tweetIconGourd	gourd/gourd	Si staglia la Luna Splendente & abbiamo appena risvegliato un folletto silvano che dormiva nel lago sotto una tripletta di gufi.					
GOURD_PINKCOLLECTED	The Scythian	AdventureUI/tweetIconGourd	Archetype/trifecta	Avemmo proprio la singolare sensazione che forse, ma forse fosse giunto il tempo dei miracoli. #miracles					
GOURD_MOUNTAINSIDE	The Scythian	AdventureUI/tweetIconGourd	gourd/gourd	Regna La Luna Cupa & abbiamo appena risvegliato un folletto silvano circondato da tre cascatelle.					
GOURD_SECRET1_FOOTOFMOUNTAIN	The Scythian	AdventureUI/tweetIconGourd	gourd/gourd	Regna La Luna Cupa & abbiamo appena risvegliato un folletto silvano circondato da quattro piccoli alberelli tondeggianti nella parte più buia del bosco.					
GOURD_BRISKLYWALKING	The Scythian	AdventureUI/tweetIconGourd	gourd/gourd	Regna La Luna Cupa & abbiamo appena risvegliato un folletto silvano nel sottobosco sulla sponda lontana del lago.					
GOURD_HUGETREE	The Scythian	AdventureUI/tweetIconGourd	gourd/gourd	Si staglia la Luna Splendente & abbiamo appena risvegliato un folletto silvano nascosto nelle radici di un albero colossale.					
GOURD_BLUECOLLECTED	The Scythian	AdventureUI/tweetIconGourd	Archetype/trifecta	Avemmo proprio la singolare sensazione che forse fosse giunto il tempo dei miracoli - & allora, 'sti miracoli? #miracoli			77	060.jpg	86D06
GCLUE_MOUNTAINMEADOW	Dogfella	AdventureUI/tweetIconGourd		Bau Bau Bau Bau Bau Bau. #abbaio			135	061.jpg	M6F1I
				Bau Bau Bau. #abbaiosoltanto					
				Talvolta mi pesa star sempre ad abbaiare ma ciò che deve fare un cane è ciò che deve fare un cane che fa il cane.					
				Bau Sniff Bau. #facciounmix					
				Bau Bau Bau Bau Bau Bau.					
GCLUE_UPSLOPEWOODSONE	Girl	AdventureUI/tweetIconGourd		Eppure c'è qualcosa di strano nel modo in cui si comportava La Scita, come se fosse controllata da una forza invisibile.					
				Vorrei quasi sapere di più su ciò che La Scita deve fare & sui retroscena della sua storia epica, perchÉ scommetto che darebbe un senso a tutto.					
GCLUE_UPSLOPEWOODSTWO	Logfella	AdventureUI/tweetIconGourd		Spero di certo che La Scita sappia cosa fare con tutta quella storia dei folletti silvani.					
				La tempesta mi sta proprio buttando giù, mi fa desiderare che i videogiochi esistessero in... qualsiasi tempo dovrebbe essere questo.					
GCLUE_UPSLOPEWOODSFOUR	Girl	AdventureUI/tweetIconGourd		Dal momento in cui è apparsa la Scita tutto è stato assolutamente folle.			3	062.jpg	36E2Z
GCLUE_YELLOWCOLLECTED	Girl	AdventureUI/tweetIconGourd		Tutta questa storia della tempesta mi sta proprio buttando giù. è stata così deprimente.					
				La pioggia ha iniziato a scemare & il cielo inizia a schiarirsi... è giunto il tempo dei miracoli? Lo spero davvero. Amo i miracoli.					
				Wow... ma che? Le pecore nel prato si sono spaventate... Mi chiedo cosa stia accadendo laggiù? Che sia... Il Trigon d'Oro?					
GCLUE_MOUNTAINTOP	Dogfella	AdventureUI/tweetIconGourd		Bau Bau Bau.					
				Talvolta quando per me è troppo buio per riuscire a scorgere qualcosa, mangio una cosina & vedo anche quello che non c'è.					
				Bau Bau Bau Bau Bau.					
GCLUE_SECRET2_STONESHELTER	Logfella	AdventureUI/tweetIconGourd		Ho questa canzone in testa... una canzoncina felice & triste che mi riempie di un timore stranamente meraviglioso.					
GCLUE_MOUNTAINLAKESHORE	Dogfella	AdventureUI/tweetIconGourd		So che vorresti evitare il martirio che ti prescrisse il fato, ma sappi questo: il tempo è una forza & seguirà il suo corso.					
				Bau Bau Bau. Sniff.					
GCLUE_LAKESHOREBUNNYSTRAIGHTAWAY	Dogfella	AdventureUI/tweetIconGourd		Ci sono anche nomi sconosciuti, sebbene questi siano facili da imparare.					
				Ci sono due tipi di sconosciuti - gli sconosciuti conosciuti & gli sconosciuti sconosciuti.			32	063.jpg	L6E31
				Bau Bau Bau.					
GCLUE_LAKESHORELAKE	Logfella	AdventureUI/tweetIconGourd		I miei ceppi hanno molti segreti... segreti sui folletti silvani & isole impossibili. Sfortunatamente non parlo la lingua dei ceppi.					
				Per mia esperienza personale, ci sono volte in cui i gufi non sono ciò che sembrano & altre volte che sono puri & semplici gufi.			126	064.jpg	86A47
GCLUE_PINKCOLLECTED	The Archetype	AdventureUI/tweetIconGourd		Può darsi che tu abbia già sentito di un'isola impossibile illuminata da una Luna Splendente, forse l'hai letto su internet?			134	065.jpg	H6A5I
				Abbiamo monitorato le tue azioni in silenzio & vorremmo farti notare che più lungo è il temporeggiamento, più corto sarà il festeggiamento.					
				E così pare che tu abbia fatto dei progressi significativi nella tua impresa di individuare & domare Il Trigone della Luna Splendente, molto ben fatto.					
GCLUE_MOUNTAINSIDE	Girl	AdventureUI/tweetIconGourd		I folletti silvani sono figli della Terra o sono i solitari visitatori del turbinio dell'infinito?					
				Ad essere sincera i folletti silvani mi fanno perdere la testa. Voglio dire... cosa sono? Da dove vengono?					
GCLUE_SECRET1_FOOTOFMOUNTAIN	Dogfella	AdventureUI/tweetIconGourd		Una volta che i folletti saranno stati mandati al cielo & il tempo dei miracoli sarà giunto dovrai andare in cerca dell'albero colossale.					
				So che tu sai ciò che io so & io voglio che tu sappia che hai ragione al 100%.			109	066.jpg	F6D6H
				Bau Bau Bau Sniff Bau Bau Bau.					
GCLUE_BRISKLYWALKING	Dogfella	AdventureUI/tweetIconGourd		Solo quando il tuo compito ingrato giungerà al termine tornerà la pace su tutte le nostre vite.					
				Solo la Trigon Tripletta ti permetterà di comprendere i segreti del Trigonbosco.					
				Il turbinio dell'infinito sulla cima del Mingi Taw ti attende.					
				Bau Bau Bau.					
GCLUE_WATERFALLS	Girl			Hai mai notato che talvolta le parole sembrano solo dei rumori, ma altre volte i rumori  fanno i suoni più deliziosi?			132	058.jpg	G5F8U
GCLUE_HUGETREE	Logfella	AdventureUI/tweetIconGourd		Ci sono un sacco di strani proverbi quassù fra coloro che abitano le montagne del Caucaso.					
				C'è un proverbio quassù nel Caucaso che recita: 'La foresta ha bisogno del fuoco, come il fuoco ha bisogno di un alberò.					
YELLOWTRIGON_COLLECTED	The Scythian			Abbiamo ottenuto il Trigon d'Oro. Siamo proprio ganzi!			85	067.jpg	36G7U
PINKTRIGON_COLLECTED	The Scythian			Contro tutte le aspettative abbiamo ottenuto Il Trigone della Luna Splendente.			155	068.jpg	56F8U
BLUETRIGON_COLLECTED	The Scythian			A dispetto di tutte le avversità abbiamo ottenuto Il Trigone della Luna Cupa.			112	069.jpg	T6G94
GCLUE_BLUECOLLECTED	Girl	AdventureUI/tweetIconGourd		Sembra che tutti i folletti della Luna Cupa siano stati mandati verso il cielo & così è di nuovo giunto il tempo dei miracoli. Adoro i miracoli!					
JIM_HINT1_OFF	The Scythian			In un bosco appartato incontrammo un misterioso tizio amante della musica che passava il tempo vicino ad un fuoco scoppiettante.					
JIM_PINKDAWN	The Scythian			In un bosco appartato incontrammo un misterioso tizio che passava il tempo vicino ad un fuoco scoppiettante. #jimguthrie					
JIM_BRIGHTMOON	The Scythian			Mentre la luna splendente si stagliava incontrammo  vicino ad un fuoco scoppiettante un misterioso tizio amante della musica che si presentò come Jim Guthrie.			128	070.jpg	07G00
JIM_POSTSWORCERY	The Scythian			Il misterioso tizio amante della musica noto come Jim Guthrie aveva assistito alla nostra spadomanzia & gli sembrava che tutto fosse a posto.					
JIM_POSTGOURD	The Scythian			Il misterioso tizio amante della musica noto come Jim Guthrie disse che era pronto a suonarci una breve canzone se avessimo avuto voglia di ascoltarla.					
				Jim ci invitò a sederci vicino al fuoco.					
JIM_POSTSONG	The Scythian			Jim Guthrie ci insegnò a non respingere i pensieri malvagi & a non respingere il morso del drago.					
			Archetype/trifecta	Ci disse del concerto rock che avrebbe dovuto tenersi sull'altra sponda del lago tra due settimane.					
JIM_LOGFELLATHOUGHTS	Logfella			La canzone sembrava così familiare... Dove l'avevo già sentita? #1000songs					
				Improvvisamente ho questo strano, fantastico motivetto in testa. #ediventammopiùvecchi					
LOGFELLA_JIMTHOUGHTS	Logfella			Mi è rimasta questa canzoncina in testa per un sacco... solo alcune piccole note che ritornano & ritornano ancora. Mi chiedo cos'abbia di speciale?					
ARCHETYPE_OTHERSIDEOFLAKE	The Archetype			Riattraversare in sicurezza la soglia della liminalità è una questione da poco - trova i luoghi familiari & il calore del focolare.					
				Se riuscirai a stabilizzare la tua lucidità sarai in grado di creare insieme ad essa... invece di combatterla, resisterle & maledirla.					
				Quando in un sogno sei lucido comprendi chi hai immaginato di essere... ma identificarsi col sogno vuol dire esserne ammaliati.					
				Persino in uno spazio onirico trito & ritrito ci sono nuovi luoghi da esplorare & nuovi collegamenti da esaminare... se continuerai a credere.					
GIRL_MOONGROTTOCOMMENT	Girl			Mi sento quasi come se il cosmo avesse saltato un battito & ora tutto è come se fosse un po'... sospeso.					
LOGFELLA_MOONGROTTOCOMMENT	Logfella			C'è un sacco di strada da 0 a 1 & se un alieno dicesse ciao sarebbe in un codice criptato sullo stereo. Aspetta... cosa?					
GIRL_HUGETREETHOUGHTS	Girl			Ovviamente non dico mai a nessuno dei sogni che faccio sulla dea & l'albero, perchÉ mi prenderebbero per un hippie o qualcosa del genere.					
				Nel mio posto speciale ricevo in visita un colossale albero cavo... è una dea morta da tempo che nacque eoni prima dell'umanità.					
				Quando vago nei sogni c'è un posto speciale in cui vado sempre, un'assemblea di alberi nel cuore del mondo.					
LOGFELLA_HUGETREETHOUGHTS	Logfella			Adoro vedere lo stesso bosco sia col sole che con la pioggia & adoro anche soltanto fermarmi ed ascoltare... pensare o non pensare, a seconda del caso.					
				Non passo troppo tempo a vagare nei sogni ma quando lo faccio tendo a rivisitare i miei luoghi preferiti per vedere cosa è cambiato.					
MIRACLE1_MOUNTAINMEADOW	The Scythian			In un prato assolato abbiamo messo in atto un miracolo per sollevare la tempesta nella maniera del folle mago ripiegatore Al Jaffee.					
MIRACLE1_YELLOWTRIGONCOLLECTED	The Scythian			Siamo rimasti confusi & frastornati in un prato in cui filtra la luce del sole con una di quelle emicranie davvero tremende.					
LOGFELLA_YELLOWTRIGONCOLLECTED	The Scythian			Ci risvegliammo storditi da un sonno molto profondo, senza alcun chiaro ricordo di ciò che era accaduto.					
			triangle/Triangle	Ci ricordammo del miracolo avvenuto nel prato & del nostro scontro con il Trigon d'Oro...					
			triangle/Triangle	...quali nuovi poteri ci sono stati concessi?					
			triangle/Triangle	Il Signor Ceppo era veramente atterrito da quanto sembrasse folle & incredibile la lotta con il Trigon d'Oro dalla nostra descrizione.			81	071.jpg	R7C14
			triangle/Triangle	Il Signor Ceppo si chiese se forse il Trigon d'Oro potesse essere legato ai sinistri misteri nascosti al di là del cancello di ferro nel prato.					
				Il Signor Ceppo non apprezzava i misteri sinistri così scelse di tornarsene a casa & tagliar legna. #tagliarlegna					
LOGFELLA_BEFOREYELLOWBEAM	The Scythian			Il taglialegna noto come Signor Ceppo era super contento che la tempesta si fosse sollevata & era super desideroso di tornarsene a tagliar legna.					
				Ci chiese se sapevamo qualcosa sul cancello di ferro che bloccava la caverna cavernosa nel prato... a che serviva?					
LOGFELLA_YELLOWTRIGONTHOUGHTS	Logfella			Strano... Vedo un raggio dorato che va verso il cielo nel bosco dietro al prato... qualcuno ha forse imparato i segreti del Trigonbosco?			89	072.jpg	67F24
LOGFELLA_URSULAMEADOW	Logfella			Sono davvero preoccupato per La Scita, sembra proprio stravolta.					
SCYTHIAN_YELLOWTRIGONCOLLECTED_OFF	The Scythian			Mentre riprendevamo i sensi, il taglialegna & sua figlia erano lì a guardarci.					
				Notammo che il prato non era cambiato, tutte le prove del nostro scontro mistico erano sparite.					
GIRL_YELLOWTRIGONCOLLECTED	The Scythian			La ragazza ascoltò in silenzio la nostra strana storia sullo scontro con Il Trigon d'Oro.					
			triangle/Triangle	Pensò ai segreti del Trigonbosco che stava oltre la caverna cavernosa nel prato... c'era forse un collegamento?					
GIRL_YELLOWTRIGONTHOUGHTS	Girl			Hmmm... mi sto seriamente preoccupando per La Scita... è sparita per giorni dopo che si è sollevata la tempesta. Spero davvero che stia bene.					
GIRL_URSULAMEADOW_OFF	Girl			Wow, così La Scita è appena svenuta nel prato? Pazzesco.					
DOGFELLA_GETDARKTRIGON	The Scythian			Dopo aver attivato un altro raggio verso il cielo notammo qualcosa di insolito sul cane noto come Signor Cane.					
			Archetype/trifecta	Improvvisamente ci parve di riuscire a capire Signor Cane - ci incoraggiò a cercare il Trigone della Luna Cupa & a completare La Trigon Tripletta.					
DOGFELLA_GETBRIGHTTRIGON	The Scythian			Dopo aver attivato un altro raggio verso il cielo notammo qualcosa di insolito sul cane noto come Signor Cane.					
			Archetype/trifecta	Improvvisamente ci parve di riuscire a capire Signor Cane - ci incoraggiò a cercare il Trigone della Luna Splendente & a completare La Trigon Tripletta.					
DOGFELLA_THREETRIGONS	The Scythian			Dopo aver attivato un altro raggio verso il cielo notammo qualcosa di insolito sul cane noto come Signor Cane.					
			Archetype/trifecta	Improvvisamente ci parve di riuscire a capire Signor Cane - ci incoraggiò ad attivare il terzo raggio verso il cielo & ad aprire un passaggio verso l'infinito.					
DOGFELLA_TRUTHBOMB	Dogfella			Bau Bau Bau.					
				Bau Bau Sniff Bau.					
				L'infinito & turbinante cosmo sulla cima del Mingi Taw attende Il Portatore del Grantomo.					
				Bau Bau Bau Bau Bau.					
				Bau Bau Bau.					
GIRL_AFTERYELLOWBEAM	The Scythian			La ragazza dai capelli corvini sedeva su una pietra vicino alla legna tagliata dal taglialegna.					
			Archetype/trifecta	Le domandammo dei segreti del Trigonbosco & sugli insoliti sogni di coloro che abitano le montagne del Caucaso.					
				Ci disse di quanti misteri fossero custoditi nei sogni della sua gente & di come questi riflettessero l'umore della luna nei modi più strani.					
				La ragazza ci disse che avremmo potuto sederci in qualsiasi momento presso il focolare nella baita di pietra, sia per entrare nei sogni che per raccogliere le nostre forze.					
			Archetype/trifecta	Avevamo quasi la sensazione che i due Trigoni rimanenti fossero smarriti nei sogni o qualcosa del genere.					
LOGFELLA_AFTERYELLOWBEAM	The Scythian			Il taglialegna noto come Signor Ceppo era tornato a tagliare la legna & sembrava farlo davvero di gusto.					
			triangle/Triangle	Il Signor Ceppo aveva visto il raggio verso il cielo dietro al prato & così gli domandammo dei segreti del Trigonbosco.					
				Ci disse di un'antica leggenda che la sua gente è solita raccontare ai bambini per farli spaventare.					
			Archetype/trifecta	Il Signor Ceppo ci raccontò di un gruppo di amici che giunse tante lune addietro dalla Scizia fin su queste montagne dimenticate per trovare La Trigon Tripletta.					
			gourd/gourd	Il gruppo scoprì di dover andare in cerca dei folletti silvani & di doverli mandare tutti verso il cielo... quindi andarono in cerca di un luogo per mettere in atto un miracolo.					
			Archetype/trifecta	Il gruppo di amici aveva sperato di attivare i tre raggi verso il cielo nel Trigonbosco ma non avevano idea su dove o quando si trovassero i Trigoni.					
				Il gruppo vagò senza meta per molto tempo sull'antica strada per il Mingi Taw... ad un certo punto si stancarono & così si fermarono.					
				Accadde poi che all'improvviso il gruppo fu ucciso da uno spettro immortale su un lato dell'antica strada, ove alcune tombe rimangono tutt'ora.					
				Dicemmo al Signor Ceppo che era una bella storia, ma che a dir la verità non ci aveva spaventato più di tanto.					
GIRL_GRAVESCOMPLETETHOUGHTS	Girl								
ARCHETYPE_MOONGROTTO	The Archetype			E così vedo che sei riuscito ad alterare l'umore della luna nella Grotta della Luna - mi chiedo quanto a lungo durerà questo Paradosso Temporale?					
MIRACLE2_ISLAND	The Scythian			Mentre si staglia La Luna Splendente abbiamo messo in atto un super misterioso miracolo lunare su un'isola impossibile al centro di un lago placido.			136	073.jpg	W7A3K
MIRACLE2_PINKTRIGONCOLLECTED	The Scythian			Abbiamo ottenuto Il Trigone della Luna Splendente per la gloria & per ripicca. #trigonedomato			155	068.jpg	56F8U
MIRACLE2_BRIGHTMOONTRIGONCOLLECTED	The Scythian			Siamo stati tentati da non andare avanti con tutta quella cosa dell'ingrato compito ma c'era qualcosa di così attraente nel martirio.					
				Oh beh, magari alla fine non importerà più di tanto. Non è che l'ingresso nel Turbinio dell'Infinito comprende un test fisico.					
				Abbiamo la netta sensazione che tutto questo entrare nei sogni & domare Trigoni stia cominciando ad avere un impatto negativo su di noi.					
				Allorché le luci & i suoni si abbassarono ci ritrovammo sulle sponde di un lago con una terribile emicrania & il sangue che ci usciva dal naso.					
GIRL_BRIGHTMOONTRIGONCOLLECTED	The Scythian		Archetype/trifecta	Raccontammo alla ragazza del nostro scontro onirico con il Trigone della Luna Splendente & della nostra intenzione di riunire la Trigon Tripletta.					
				La ragazza disse che il nostro scontro onirico doveva essere stato davvero ganzo & che avrebbe voluto essere lì con noi. #bugie					
				Ci chiese se ci fossimo fermati presso il Trigonbosco... magari avremmo potuto attivare un altro raggio verso il cielo?					
LOGFELLA_BRIGHTMOONTRIGONCOLLECTED	The Scythian			Il taglialegna si rese conto che tutto quel vagare nei sogni & far funzionare miracoli avevano dato un duro colpo alla nostra salute fisica.					
				Il Signor Ceppo sembrava sospettare che questo nostro compito ingrato probabilmente non avrebbe avuto un lieto fine.					
				Il Signor Ceppo ci ricordò di sederci vicino al focolare nella baita & fare una pausa ogni tanto per recuperare le forze.					
ARCHETYPE_BRIGHTMOONTRIGONCOLLECTED	The Archetype			I dati della nostra ricerca mostrano una stretta correlazione tra i progressi dei partecipanti a S:S&S EP & la loro attitudine nell'essere grandiosi.			45	074.jpg	87A43
				Vedo che sei riuscito a trovare & a recuperare Il Trigone della Luna Splendente - questa è davvero una notizia stupefacente.					
MIRACLE3_HUGETREE	The Scythian			Mentre regna la Luna Cupa abbiamo messo in atto un miracolo, un fulmine distruttore, al centro di un'assemblea di alberi.					
MIRACLE3_DARKMOONTRIGONCOLLECTED	The Scythian			Oltretutto... andarsene in giro col Grantomo è abbastanza faticoso, è davvero un libro gravoso in più di un senso.					
				Ci sentimmo un po' peggio a causa di quanto avevamo sopportato... era probabilmente qualcosa che aveva a che fare tutti quei raggi laser cosmici.					
				Col calare della luce & dei suoni ci ritrovammo fradici dalla pioggia & gelidi fra un assemblea di alberi bagnati.					
GIRL_DARKMOONTRIGONCOLLECTED	The Scythian		Archetype/trifecta	Raccontammo alla ragazza del nostro scontro onirico con il Trigone della Luna Cupa & della nostra intenzione di riunire la Trigon Tripletta.					
				Le raccontammo di come avevamo distrutto il colpo del detestabile arcobaleno del Trigone della Luna Cupa & lei era tutta un 'ganzo'.					
				Sembrava che non le dispiacesse ascoltare i nostri folli racconti.					
LOGFELLA_DARKMOONTRIGONCOLLECTED	The Scythian			Il taglialegna si rese conto che tutto quel vagare nei sogni & far funzionare miracoli avevano dato un duro colpo alla nostra salute fisica.					
			Archetype/trifecta	Il Signor Ceppo ci chiese se avevamo ricevuto in visita Il Signor Cane nel Trigonbosco... avremmo potuto forse attivare un altro raggio verso il cielo?					
ARCHETYPE_DARKMOONTRIGONCOLLECTED	The Archetype			E così la domanda ora è... che si fa ora? Ricorda che l'aiuto dei social network gioca un ruolo importante nella riuscita di questo esperimento.					
				A dispetto della scarsità di informazioni utili che ti abbiamo fornito sei riuscito a dominare Il Trigone della Luna Cupa.					
				Sono stato appena informato che hai recuperato Il Trigone della Luna Cupa - questa è davvero una notizia stupefacente.					
LOGFELLA_FOUNDBOORKEY	The Scythian		AdventureUI/keyItem	Il taglialegna non riconobbe la chiave che avevamo ritrovato & aveva zero idee su che cosa aprisse.					
			AdventureUI/keyItem	...?					
GIRL_FOUNDBOORKEY	The Scythian		AdventureUI/keyItem	La ragazza vide la chiave che avevamo trovato & ci incoraggiò a cercare con molta attenzione una porta chiusa.					
				Non aveva altre idee ma ci tornò in mente qualcosa che avevamo visto sull'antica strada per il Mingi Taw.					
ARCHETYPE_GROTTOPARADOX	The Archetype								
				Una volta che l'umore della luna è stato alterato nella Grotta della Luna					
ARCHETYPE_KILLBOOR	The Archetype			Ora immagino che tu ti stia chiedendo a cosa serve quella chiave? Ad essere sinceri, non ne ho idea.			119	075.jpg	87C5S
				Non è che ora io stia insinuando che tu sia in effetti un violento sociopatico... Sono certo che tu abbia avuto le tue ragioni, giusto? #tamarrorso					
				Dovrei far cenno al fatto che Tamarrorso è stato incluso in S:S&S EP per far sì che i partecipanti fossero tentati da identificarsi in violenti sociopatici.					
				Sono stato appena informato che Tamarrorso è stato ucciso... non è che ne sai qualcosa? #assassino					
ARCHETYPE_SPAREBOOR	The Archetype			Ora immagino che tu ti stia chiedendo a cosa serve quella chiave? Ad essere sinceri, non ne ho idea.			119	075.jpg	87C5S
				Eh sì, è grandioso & ti amiamo tantissimo per questo.					
				Tamarrorso è stato incluso in S:S&S EP per permettere ai partecipanti di identificarsi in persone compassionevoli & ragionevoli.					
				Sono stato appena informato che a Tamarrorso è stato concesso di fuggire incolume. Questa è una notizia rincuorante.					
LOGFELLA_FOUNDATION	Logfella			...					
				...					
				...					
SCYTHIAN_FOUNDATION	The Scythian			Abbiamo appena risvegliato un folletto silvano da uno stagno profondo circondato da gigli vicino ad una baita di pietra. Non siamo sicuri di cosa significhi.					
				Mente in cielo continua una tempesta senza fine abbiamo imparato ad intonare un Inno della Spadomanzia & ad invocare un folletto silvano dormiente.					
				Aspetta... perchè mi sto riferendo a me stessa in prima persona? Pensavo che la nostra storia fosse raccontata in terza persona? #cisaradaeditare					
				I miei pensieri sono messi in sequenza cronologica, nell'ordine in cui li ho pensati? E così questo deve essere ciò a cui pensavo pochi secondi fa?					
				E così questo è il Grantomo? Sta assorbendo 'trasmissioni di pensiero linguistico'? Sto leggendo i miei pensieri mentre li sto pensando? Mmm...					
GIRL_FOUNDATION	Girl			...					
				...					
				...					
DOGFELLA_FOUNDATION	Dogfella			...					
				...					
				...					
LOGFELLA_DARKMOON	The Scythian			Il taglialegna raccontò di come, nel suo sogno, vagasse nel bosco un'ora prima dell'alba sotto un cielo buio & tempestoso.					
				Raccontò di una luce rosa pulsante & di una canzone inquietante piena d'angoscia che veniva dal bosco senza nome dietro al prato.					
				Immaginavamo che Il Signor Ceppo stesse probabilmente parlando del Concerto Rock della Luna Cupa.					
GIRL_DARKMOON	The Scythian			La ragazza raccontò di come, nel suo sogno, vagasse nel bosco un'ora prima dell'alba sotto un cielo buio & tempestoso.					
				Raccontò di come aveva trovato riparo dalla tempesta nel tronco scavato di un albero colossale.					
				Sapevamo totalmente di quale albero cavo colossale stava parlando.					
ARCHETYPE_DARKMOON	The Archetype			Fa attenzione: La Luna Cupa regna.			94	076.jpg	I7F69
LOGFELLA_CRESCENTWAX	The Scythian			Il taglialegna raccontò di come, nel suo sogno, vagasse nel bosco un'ora prima dell'alba, sotto la luna crescente.					
				Raccontò di una creatura che aveva incontrato, qualcuno o qualcosa di bizzarro & nudo. Era un orso? Un uomo? o.... Tamarrorso?			57	077.jpg	I7G7U
GIRL_CRESCENTWAX	The Scythian			La ragazza era entusiasta - oggi è iniziato un nuovo mese lunare! Aveva aspettato con impazienza le giornate lunghe seduta sulle rocce.					
ARCHETYPE_CRESCENTWAX	The Archetype			È apparso uno spicchio della luna crescente, segnando così l'inizio di un nuovo ciclo lunare di ventotto giorni.			118	045.jpg	Y4E5Q
LOGFELLA_HALFWAX	The Scythian			Il taglialegna ammise che sì, certamente, nel corso della sua vita aveva tagliato una bella quantità di legna da ardere.					
				Raccontò di inverni rigidi & forti nevicate qui, nelle possenti montagne del Caucaso che si innalzano sulla steppe di Scizia.					
				Il taglialegna ambiva ad avere abbastanza cibo & legna da ardere per sopravvivere ai lunghi & freddi mesi che sarebbero giunti.					
GIRL_HALFWAX	The Scythian			Nel mio sogno della notte scorsa vagavo nel bosco & desideravo ardentemente un muffin, ma c'erano zero muffin.			108	078.jpg	07D87
ARCHETYPE_HALFWAX	The Archetype			Studiosi del folklore lunatici hanno asserito che non c'è una connessione casuale fra la follia & l'umore della luna.					
LOGFELLA_ALMOSTWAX	The Scythian			Il taglialegna disse che non aveva mai pensato troppo alla Massa Gogolitica & alla montagna selvaggia del Mingi Taw.					
				Disse che tuttavia, nell'ultimo periodo, la presenza spettrale della Massa Gogolitica aveva cominciato a perseguitarlo.					
				Il taglialegna raccontò che gli venivano gli attacchi di panico quando in cielo si stagliava La Luna Splendente & mentre regnava La Luna Cupa.					
GIRL_ALMOSTWAX	The Scythian			La ragazza fece delle osservazioni sulla luna crescente... si chiese quanto ci sarebbe voluto prima che La Luna Splendente si stagliasse in cielo.					
ARCHETYPE_ALMOSTWAX	The Archetype			La luna cresce in silenzio di giorno in giorno... tra pochi giorni ci sarà La Luna Splendente... & quindi?			165	046.jpg	P4B6A
LOGFELLA_BRIGHTMOON	The Scythian			Il taglialegna ammise che il suo cane sembrava perdere un po' la testa quando La Luna Splendente si stagliava in cielo.			135	061.jpg	M6F1I
GIRL_BRIGHTMOON	The Scythian			La ragazza raccontò di come, nel suo sogno, vagasse nel bosco un'ora prima dell'alba, mentre La Luna Splendente si stagliava nel cielo.					
				Raccontò dell'aria frizzante del mattino & di un isola impossibile al centro di un lago placido.					
ARCHETYPE_BRIGHTMOON	The Archetype			Và fuori & guarda in alto - ammira La Luna Splendente che si staglia in cielo!			95	079.jpg	07D95
LOGFELLA_ALMOSTWANE	The Scythian			Il taglialegna tollerava a fatica le leggende popolari & ammise che di solito lo facevano addormentare. Non di meno, se ne intendeva un po'.					
				Il taglialegna sapeva tutto sul Mingi Taw & sul poichÉ fosse noto anche come Il Regno della Nuvola.					
				Sapeva che il Mingi Taw era la montagna più alta del mondo conosciuto, anche più alta del Monte Olimpo, ove risiedono gli dei degli Achei.					
				Sapeva anche che la cima del Mingi Taw, sempre celata dalle nubi, fosse ritenuta un portale per il turbinio dell'infinito.					
				Il taglialegna non aveva mai osato battere i pendii del Mingi Taw infestati dall'orrore & mai l'avrebbe fatto in futuro.					
GIRL_ALMOSTWANE	The Scythian			La ragazza si domandava per quale motivo crescevano così tanti funghi subito prima & subito dopo la Luna Splendente... qual era la causa?					
ARCHETYPE_ALMOSTWANE	The Archetype			La luna è un po' meno luminosa di ieri & il ciclo lunare sta per finire.					
LOGFELLA_HALFWANE	The Scythian			Il taglialegna tollerava a fatica le leggende popolari & ammise che di solito lo facevano addormentare. Non di meno, se ne intendeva un po'.					
				Il taglialegna spiegò che in Scizia & in Persia, il Mingi Taw è noto come La Montagna Eterna.					
				Il taglialegna raccontò di come, ere addietro, una razza da tempo dimenticata avesse intagliato un tempio nelle rocce vive al di sotto del MIngi Taw.					
				Il taglialegna raccontò dei corridoi sotterranei & degli spazi cavernosi intagliati nelle rocce vive al di sotto del Mingi Taw.					
				Secondo il taglialegna, quegli spazi cavernosi furono intagliati ere addietro per mantenere al sicuro Il Grantomo.					
GIRL_HALFWANE	The Scythian			La ragazza disse che era andata a passeggiare al di là del muro di pietra & aveva avvertito la terribile presenza della Massa Gogolitica.			30	080.jpg	V8B04
ARCHETYPE_HALFWANE	The Archetype			Il ciclo lunare sta finendo & in meno di una settimana avremo La Luna Cupa.					
LOGFELLA_CRESCENTWANE	The Scythian			Il taglialegna tollerava a fatica le leggende popolari & ammise che di solito lo facevano addormentare. Non di meno, se ne intendeva un po'.					
				Il taglialegna sapeva della Massa Gogolitica, lo spettro immortale che si aggira nell'oscurità al di sotto del Mingi Taw.					
				Il Signor Ceppo ci parlò dell'inesplicabile turbinio dell'infinito dal quale proveniva il Grantomo in un età della pietra di cui si sta perdendo memoria.					
				Raccontò di una razza immortale di esseri provenineti dallo spazio che innescarono nell'umanità una forma rudimentale di trasmissione del pensiero linguistico.					
				Questi immortali benedirono l'umanità con la capacità di civilizzarsi &  così li condannarono ad un'eventuale, inevitabile, estinzione.					
				Gli Sciti desideravano sopprimere l'insidioso serpente che era la civilizzazione & così isolarono Il Grantomo col suo eterno protettore.					
				L'eterno da allora è restato nell'oscurità, consumandosi fino a diventare lo spettro immortale noto come La Massa Gogolitica.					
				Il taglialegna probabilmente sarebbe andato avanti ancora & ancora con queste storie senza senso se non lo avessimo rispettosamente fermato.					
GIRL_CRESCENTWANE	The Scythian			La ragazza notò che la luna si stava ritraendo. Disse che presto sarebbe scomparsa & che La Luna Cupa avrebbe regnato.					
ARCHETYPE_CRESCENTWANE	The Archetype			Il ciclo lunare è quasi completo, La Luna Cupa è quasi giunta.					
DARKMOONLOOMS_ARCHETYPE	The Archetype			Si staglia la luna cupa, la fine del ciclo lunare è prossima.					
DARKMOONBEGINS_ARCHETYPE	The Archetype			Osserva: ecco la luna cupa!			94	076.jpg	I7F69
DARKMOON_GIRLTHOUGHTS	Girl			Nel mio vagare nei sogni sono giunta presso un assemblea di alberi distrutta da un fulmine & ho avvertito la presenza di qualcosa di profondamente sacro.					
DARKMOON_LOGFELLATHOUGHTS	Logfella			La scorsa notte ho sentito il suono di una musica pulsante che filtrava dal bosco dietro la mia baita di pietra. Ma cos'era?					
DARKMOON_DOGFELLATHOUGHTS	Dogfella			Bau bau bau - nel mio stato dormiente ho visto soltanto le sottili spume sonore dei folletti silvani.					
AMPHITHEATRE_OUTRO	The Scythian			Abbiamo riunito la Trigon Tripletta & siamo degli eroi.			164	081.jpg	48G1Q
RABBITS_3MURDERS	The Scythian			Abbiamo ucciso 3 conigli inermi senza ragione alcuna.					
RABBITS_7MURDERS	The Scythian			Abbiamo ucciso 7 conigli inermi senza ragione alcuna - che questa sia la prova che la nostra mente è disturbata?					
RABBITS_13MURDERS	The Scythian			Abbiamo ucciso 13 conigli inermi senza ragione alcuna.					
RABBITS_17MURDERS	The Scythian			Abbiamo ucciso 17 conigli inermi senza ragione alcuna. Nessuno può fermarci.					
RABBITS_23MURDERS	The Scythian			Abbiamo ucciso 23 conigli inermi senza ragione alcuna.					
RABBITS_37MURDERS	The Scythian			Abbiamo ucciso 37 conigli inermi senza ragione alcuna. Siamo curiosi di sapere che succederà se continueremo con questa frenesia omicida.					
RABBITS_53MURDERS	The Scythian			Abbiamo ucciso 53 conigli inermi senza ragione alcuna. Stiamo chiaramente soffrendo di un disordine compulsivo ossessivo.					
RABBITS_91MURDERS	The Scythian			Abbiamo ucciso 91 conigli inermi senza ragione alcuna.					
RABBITS_107MURDERS	The Scythian			Abbiamo ucciso 107 conigli inermi senza ragione alcuna.					
ARCHETYPE_CREDITS	The Archetype								
				S:S&S EP è un videogame frutto di un progetto di collaborazione prodotto a Toronto. Mettiti in contatto o tieniti aggiornato su swordandsworcery.com.					
			Logos/superbrothers	Il concept originale è frutto dell'organizzazione di arte & design nota come Superbrothers Inc. presso superbrothers.ca					
				Le canzoni & alcuni suoni sono frutto del lavoro dell'amato compositore & rockstar nota come Jim Guthrie di jimguthrie.org					
			Logos/capy	Progettazione & miracoli ad opera dello studio di videogame indie noto come Capy di capybaragames.com					
			Logos/eightfour	Localizzazione giapponese, marketing, PR & amore sono stati forniti da 8-4, Ltd. TUTTO LO STAFF aka @84Play 8-4jp					
				* * * IL TEAM DI S:S&S EP * * *					
				Concept, artworks, design, direzione & sceneggiatura ad opera di membri di Superbrothers Inc. aka @the1console					
				Design, project leadership, supporto costante & altro da parte di Kris Piotrowski, creative director presso Capy aka @krispiotrowski					
				Sistema, architettura tecnica, UI, engine & altro da parte di Jon Maur, capo programmatore tecnico di S:S&S EP presso Capy aka @buckets187					
				Scripts, combattimenti & funzionamento dei miracoli di Frankie Leung, capo programmatore gameplay di S:S&S EP presso Capy aka @mpfTempVar					
				Ispirazione, canzoni, suoni, anima & molto altro per cortesia di Jim Guthrie, compositore, eroe folk & rockstar a piede libero					
				* * * INOLTRE * * *					
				La voce del Signor Ceppo è di Robert Ashley, creatore della trasmissione radiofonica A Life Well Wasted  aka @robertashley presso www.alifewellwasted.com					
				La voce della Scita è della fotografa Robyn Cumming presso robyncumming.com					
				La voce dell'Archetipo è dell'artista & regista Clive Holden aka @cliveholden presso cliveholden.com					
				I suoni cosmici della Grotta Lunare sono di Scientific American  aka @scntfc presso scntfc.com					
				* * * ASSISTENZA DI CAPY * * *					
				Produttore esecutivo, eroe popolare, leadership & strategeria di Nathan Vella, presidente di Capy aka @Capy_Nathan					
				Produttore PC, assistenza tecnica audio, integrazione FMOD & tanti deliziosi suoni di Sean 'Uber' Lohrisch, cofondatore presso Capy.					
				Amministrazione & business assistance di Matt 'Juggalord' Repetski, cofondatore presso Capy.					
				Controllo della qualità & mega eroe del playtest,Christian 'Sea Dawg' Meyer presso Capy aka @fiddler6					
				Core programmer per il porting per pc casalinghi & abilitazione del 1080p forniti da non altri che Humbert Wong.					
				Assistenza aggiuntiva per la programmazione per PC/Mac/Linux, esperto di Steam & sollevamento di cose pesanti di Drew Grainge aka @firstelder_d					
				Cambiamenti di risoluzione dei beni artistici & sorrisi forniti da Super TIME Force's Vic 'Meow' Nguyen aka @cowceda					
				Controllo della qualità aggiuntivo del solo & unico Aaron Eves aka @AaronEves					
				Assistenza per il controllo della qualità aggiuntivo per PC di Phil Sandhop, Crystal Edwards e Sebastian Andersson di GameInstinct.					
				Riconoscenza per Xavier Xaden Xen, Joseppe Theodore Blocco & Hank Hudson					
				Biscotti e altre deliziose sorprese fornite da Thea Gaerlan aka @doodlegirl					
				* * * ASSISTENZA DI SUPERBROTHERS * * *					
				Cortesia per le relazioni, le comunicazioni,  QA, l'ispirazione, la pazienza infinita & l'infinito supporto morale di Jori Baldwin aka @aurorajorealis					
				Business assistance, aiuto finanziario & schietto supporto morale di Mack C. Adams aka @mackaraja					
				Tanta tanta riconoscenza per Sheila Precious, David Adams, Sarah Adams & Cimarron Corpe per aver tenuto a galla la barca anche nei mari tempestosi.					
				Mega grazie a Jim Guthrie per essersi imbarcato in questa folle avventura nell'ignoto.					
				Con l'aggiuntiva cortesia dei suoni da un milione di dollari di Timothy Muirhead.					
				* * * ASSISTENZA DI 8-4  * * *					
				Traduzione giapponese ad opera del mastro parolaio RYUTA YAZAWA aka @lye					
				Editing giapponese, consigli cruciali & assistenza infinita di MASAHIRO YUKI aka @You_to_the_ki presso Grasshopper Manufacture www.ghm.jp					
				Design del logo giapponese strafigo di POLYGRAPH, aka @polygraph_suwa at www.polygraph.jp					
				Magia del sito internet giapponese di Jonathan Lumb aka @jonnyram presso www.jonnyram.com					
				And finally, gratitude for JPN support & friendship: @suda_51, Tomoaki Takahashi, @eightbear, & remix artists @baiyon, @akirayamaoka, Michiru Yamane, @macotom3, & Decasségui Hip					
				* * * TRADUZIONE ITALIANA  * * *					
				Traduzione italiana a cura dei 'Cosmic Friends' dalla community di SpazioGames forum.spaziogames.it. Correzioni e accentate ad opera di Hexaae e banz99.					
				Membri: Silvia 'Sil' Mannu, Luca 'Crismon King' Doni, Michele 'WryNail' Scotti, Christian 'HantraxHat' Brena.					
				* * * IL DOMINION DEL CANADA * * *					
			Logos/omdc	Questo progetto è stato reso possibile grazie al supporto finanziario dell'Ontario Media Development Corporation (OMDC).					
				* * * VI AMIAMO AMIAMO AMIAMO * * *					
				Ringraziamo pubblicamente Brandon Boyer aka @brandonnn, Mathew Kumar aka @mathewkumar & Jason DeGroot aka @jason6955 per aver allineato le stelle.					
				Tanto affetto per le favolose comunità di videogiocatori DIY di Toronto & i favolosi ragazzi di The Hand Eye Society, TOJam & Gamercamp.					
				Per le famiglie & gli amici: vi amiamo & non vediamo l'ora di rivedervi. Come sono andate le cose dall'ultima volta che abbiamo parlato?					
				Per tutti coloro che hanno supportato & incoraggiato questo progetto: grazie, grazie davvero per la vostra pazienza, curiosità & fiducia.					
				* * * METODI DI PRODUZIONE * * *					
				Gli artwork in pixel sono stati creati interamente con Promotion di Cosmigo, mentre altri elementi visivi con Illustrator & Photoshop di Adobe.					
				I suoni & le canzoni sono stati creati usando MTV Music Generator della  Codemasters per PSOne e/o Garageband & Logic Studio della Apple.					
			Logos/FMOD	I suoni & le canzoni sono stati integrati nel progetto usando FMOD della Firelight Technologies.					
				Dolby ed il simbolo della doppia D sono marchi registrati di Dolby Laboratories.					
				Soluzioni audio PC contenenti Dolby® Digital Live richieste per Dolby Digital audio.					
				DTS® e DTS Digital Surround® sono marchi registrati di DTS, Inc.					
				Il codice è stato programmato in C++ & gli script Lua con tolua++. Le mappe & gli elementi del mondo sono stati creati con software proprietario di Capy.					
				Il calcolo delle fasi lunari & gli algoritmi astronomici sono una cortesia di voidware.com/moon_phase.htm					
				Le API usate nello sviluppo di S:S&S EP includono twitcurl, tinyxml, libpng/zlib, SDL, cmake, e minizip					
				Una build del gioco assurdamente prematura fu presentata all'Independent Games Festival il primo novembre del 2009.					
				S:S&S EP fu annunciato il primo dicembre del 2009.					
				All'inizio del 2010 fu annunciato che il progetto aveva vinto il premio 'Achievment in Art' di IGF Mobile, ed è stato super splendido.					
				La prima dimostrazione pubblica live di S:S&S EP  si è tenuta a Toronto, in un social event della Hand Eye Society il 14 febbraio del 2010.					
				La prima build giocabile di S:S&S EP fu presentata a San Francisco ai partecipanti & agli amici del GDC 2010 dal 9 al 13 marzo 2010.					
				Il primo filmato non montato di gameplay della build del GDC apparve online simultaneamente su vari siti & fece un po' colpo.					
				Meno Parole, più Rock: Il Linguaggio Nativo dei Videogame  fu pubblicato online presso Boing Boing nel marzo del 2010 & lo potete cercare su google.					
				Il sipario calò sul progetto per alcuni mesi mentre mentre noi, sapete, stavamo di fatto facendo il gioco. Click click click click.					
				'L'Intossicazione della Mitologia' fu presentato il 22 settembre del 2010 da un rappresentante di Superbrothers al Fantastic Arcade di Austin.					
				'Puntare all'Alchimia Audiovisiva' fu presentato da Jim Guthrie, Kris Piotrowski & da un rappresentante di Superbrothers al Gamercamp di Toronto.					
				Effettivamente ci volle un po' di più per finire il tutto.					
				Un nuovo filmato intitolato 'Procedura di Calibrazione del Pubblico' fu postato giovedì 24 febbraio 2011 per smuovere le acque in vista del lancio.					
				S:S&S EP divenne infine disponibile per iPad intono all'equinozio invernale del 2011, poco prima della fine del mondo.					
				Mettemmo in piedi il MIDSUMMER ROCKSHOWCASE a Toronto presso il TIFF Lightbox, con materiale su S&S di Jim Guthrie - è stato stupendo!					
				S:S&S EP fu infine lanciato per iPhone & iPod Touch, ed il giubilo fu grandissimo.					
				Nei mesi che seguirono il lancio alcuni di noi si sposarono & alcuni ruppero & tutti quanti andammo avanti con le nostre vite.					
				A Jim Guthrie fu chiesto di creare la colonna sonora del film documentario Indie Game: The Movie aka @indiegamemovie.					
				Capy è già alle prese con la creazione del prossimo lotto di videogame, che include l'allucinante SUPER T.I.M.E. FORCE.					
				Lo staff di Superbrothers Inc si sta prendendo un po' di tempo per sognare nuovi sogni, fai un salto sul TELETEX per tenerti in contatto.					
				S:S&S EP è stato scelto tra i  '10 Migliori Videogame del 2011' di Time Magazine assieme ad opere AAA come Dark Souls & Skyrim - wow!					
				La colonna sonora di Jim Guthrie è stata premiata come 'Miglior Musica di un Videogioco del 2011' da  Kirk Hamilton aka @kirkhamilton di Kotaku.					
				Secondo Co.Design & Syzygy, la tempesta di twitt su S:S&S EP 'sworcery' è stata 'uno dei più grandi eventi di internet del 2011'.					
				S:S&S EP ha vinto il Game Developer's Choice Award al GDC 2012, battendo opere AAA... il che è stato dannatamente stupendo.					
				Jim Guthrie ha pubblicato un nuovo disco intitolato 'The Children of the Clone' contente alcuni capolavori perduti in chiave di S:S&S EP.					
				Dopo di questo la storia diventa un po' confusa, quindi sintonizzatevi su swordandsworcery.com per saperne di più.					
				È stata una cavalcata dannatamente positiva, speriamo che possiate continuare a godervela.					
				Assicuratevi di fare un salto sul TELETEX BULLETIN su superbrothers.ca per avere le ultime notizie dallo staff di Superbrothers inc.					
				* * * COS'È S:S&S EP? * * *					
				S:S&S EP è inteso come un esperimento coraggioso nel Cinema Input Output, qualunque cosa significhi.					
				S:S&S EP è un nuovo approccio ai videogiochi d'avventura della vecchia scuola, con un'enfasi sullo stile audiovisivo.					
				S:S&S EP è ispirato ai lavori dei creatori di videogame pioneristici come Shigeru Miyamoto, Jordan Mechner, Eric Chahi & Fumito Ueda.					
				S:S&S EP è un febbrile sogno famicom.			38	082.jpg	28B24
				S:S&S EP è stato costruito tenendo a mente la psicocosmologia mitopoietica delle storie di spada e stregoneria di Robert E. Howard.					
				S:S&S EP è un collegamento al passato.			167	083.jpg	18E3V
				S:S&S EP è un'opera prima & sì, è un po' sperimentale.					
				L'ideale estetico di S:S&S EP è 'l'archetipica avventura videogame'.					
				S:S&S EP fa continuamente riferimenti indiretti a Carl G. Jung & al suo affascinante 'Libro Rosso'.					
				S:S&S EP è una cosina elegante che non comprendo del tutto, ma che credo tutti dovrebbero giocare sui loro macchinari toccatronici o PC.					
				S: S&S EP è un grezzo haiku videoludico sulla vita, sull'amore & sulla morte.					
				S:S&S EP è un piatto prelibato di miti & sogni.					
				S:S&S EP è stato creato in vista di un pubblico vasto & colto.					
				S:S&S EP all'inizio si sarebbe dovuto chiamare 'Poopsock'. A dir la verità questo è vero.					
				* * * È FINITA * * *					
				E ora che succede con tutto questo? E quella folle trasmissione di che parlava? Cosa ci serberà il futuro?					
				Se volete ordinare stampe, abbigliamento, dischi & videogiochi o quant'altro allora cercateci su internet!					
				Se ti sta piacendo lo stile di divertimento audiovisivo offerto da S:S&S EP allora per favore passa parola!					
				Ora saremo amici cosmici per sempre, ok?			87	084.jpg	L8A48