id	user	icon	portrait	English	Japanese	Final Notes	pic	Filenames	Codes					
GIRL_TONGUES	Girl			"Вдали от разорённых степей Скифии, на солнечной лужайке, мы повстречали темноволосую девушку. #helloworld"			72	001.jpg	Z0E1Q					
				Горцам Кавказа она была известна как «Девушка» и она казалась славной. #obviously										
SIGN_TADPOL	The Scythian			"«Дом там, где очаг». #threegutrecords4ever"										
SIGN_WALL	The Scythian			"«Скифия, Киммерия, Ассирия, Персия — всё это царства людей. А Минги Тау — это Царство Облаков»."										
SIGN_CHASM	The Scythian			На краю гибельной пропасти стоял камень с высеченными на нем символами: устремлённый ввысь меч под цветными полосками радуги.										
				"Мы, скифы, презираем радугу. #loathsomerainbows"			21	002.jpg	40C27					
SIGN_BIRDTREE	The Scythian			"На тропинке, уводящей в сторону от старой дороги, стоял камень с высеченными на нём непонятными символами."										
				Среди непонятных символов нам удалось разглядеть группу лунных пиктограмм.										
SIGN_BIRDTREEDECIPHERED	The Scythian			"На тропинке, уводящей вдаль от старой дороги, располагался камень, покрытый серией ранее непонятных лунных пиктограмм."										
				"Пиктограммы указывали на некое секретное место, расположенное неподалёку, в котором «...меняются фазы луны»."										
				Лунный Грот?.. #moongrotto #whatisit #itsamystery			205	003.jpg	60D3C					
SIGN_WOLF	The Scythian			В стороне от старой дороги стоял камень с высеченными на нем символами в виде меча и щита. #hinthint			16	004.jpg	T0C4X					
SIGN_ANTECHAMBERLEFT	The Scythian			"В подземном коридоре мы наткнулись на зловещую статую, но не придали ей особого значения. #lore"			29	005.jpg	V0B53					
INFO_CROSSMOUNTAINLEFT	The Scythian			"Одинокая могила на неровном склоне Минги Тау отмечает место, где заканчивается тропинка из гравия."										
INFO_CROSSMOUNTAINRIGHT	The Scythian			"Одинокая могила на неровном склоне Минги Тау отмечает место, где заканчивается тропинка из гравия."										
INFO_RIDGESKULLPOLE	The Scythian			"На зубчатом хребте, ведущем к Минги Тау, стоял устрашающий шест с надетым на него рогатым черепом."										
INFO_CROSSRIDGE	The Scythian			"На зубчатом хребте, ведущем к вершине Минги Тау, стояла одинокая могила, как напоминание о том, сколько людей здесь погибло."										
INFO_MEGATOMESTUCK	The Scythian		adventureUI/megatomeItem	"Мы обнаружили Мегатом, сжимаемый костяными руками, и почувствовали, как меч дёрнулся у нас в ножнах. #megatome"			33	006.jpg	30D6C					
DOOR_SIDEBMEADOW	The Scythian			"Маленькая дверь из неизвестного материала, не имеющая ручки. Надпись гласит: «Только для персонала»."										
DOOR_UPSLOPEWOODS1	The Scythian			"Старая дорога, ведущая на Минги Тау, была перекрыта запертой дверью."										
DOOR_UPSLOPEWOODS3	The Scythian			Запертая дверь скрывалась в подлеске рядом с ведущей вверх по склонам Минги Тау старой дорогой. #moongrotto										
LOGFELLA_AVATAR			AdventureUI/dudeLogfellaIdle1											
LOGFELLA_INTRO_ADV	Logfella	AdventureUI/tweetIconBabelBook		Лесник-лесоруб колол дрова. #obviously #woodchopping			71	007.jpg	7E+71					
				"Горцам Кавказа он был известен под прозвищем «Дровосек», и он выглядел славным малым."										
				Дровосек знал всё о нашем печальном предназначении и согласился провести нас вверх по старой дороге.										
				"Однако, мы абсолютно точно поняли, что он не в восторге от этой затеи."										
LOGFELLA_TADPOL_WAITING	Logfella	AdventureUI/tweetIconBabelBook		"Лесник остановился, ожидая нас, чтобы продолжить путь к старой дороге."			12	008.jpg	U0D88					
LOGFELLA_INTRO_CHASM	The Scythian	AdventureUI/tweetIconBabelBook		Мы навели мост через глубокое ущелье и почувствовали себя крайне умными.			22	009.jpg	L0B9S					
			adventureUI/megatomeItem	"Мы сообщили Дровосеку, что ищем обременительную книгу зловещего чаробейства, известную как Мегатом."										
			adventureUI/megatomeItem	"Мегатом таился где-то в населённой призраками тьме, по ту сторону гибельной пропасти, глубоко в недрах Минги Тау."										
			adventureUI/megatomeItem	"Мы решили пойти и заполучить Мегатом, а затем ещё и выбраться оттуда живыми."										
LOGFELLA_BEFOREWALL	The Scythian		AdventureUI/keyItem	"Лесник со 100% гарантией заверил, что у него находится единственный ключ от запертой двери в каменной стене."										
			AdventureUI/keyItem	Это был действительно красивый ключ.										
				"Мы были в полной готовности, чтобы щёлкнуть по тропинке, удерживая кнопку, и идти-идти-идти."										
LOGFELLA_POSTTONGUE	The Scythian		adventureUI/megatomeItem	"Лесник, известный как Дровосек решил подождать здесь, пока мы не вернёмся к нему с Мегатомом."										
LOGFELLA_HINT_SITTINGDOWN	The Scythian	AdventureUI/tweetIconBabelBook		"Лесник, известный как Дровосек, решил отдохнуть под сводами каменного дольмена, который стоит у гибельной пропасти."										
				"Дровосек, казалось, всё знал о презренной радуге и символах, изображающих устремлённый в небо меч."										
				"Но всё же Дровосек не дал нам ни малейшей подсказки о том, что и как делать дальше. Что несколько нас раздражало, говоря начистоту."										
LOGFELLA_WOLF_HINT	The Scythian	AdventureUI/tweetIconBabelBook		"Лесник увидел нечто, напоминавшее страшного монстра. Он решил, что лучше отправить разобраться нас."			26	010.jpg	Q1B00					
LOGFELLA_DOWNSLOPE	The Scythian		adventureUI/megatomeItem	"Мы заполучили Мегатом, и Дровосек был на 100% готов двигать-двигать в своё безопасное жилище."										
				"Мы ощутили приближение грозы, но, тем не менее, в нашем сердце заиграла тихая песня."										
LOGFELLA_CABINMEGATOME	The Scythian	AdventureUI/tweetIconBabelBook		"В свете надвигавшейся бури, Дровосек признался, что в этот раз у него прямо мурашки по коже от неё."										
				Может Дровосек нарочно нас запугивал? #yes #no #maybe										
				"В любом случае, нам не повредит укрыться от грозы на некоторое время."										
QUESTCOMPLETE_MEGATOME			adventureUI/megatomeItem	"Мы заполучили Мегатом, и мы самые умные. #gotmegatome"			40	011.jpg	81C1E					
GIRL_AVATAR			AdventureUI/dudeDaughterIdle1											
ARCHETYPE_AVATAR			AdventureUI/dudeArchetypeIdle1											
ARCHETYPE_TUTORIAL	The Archetype	AdventureUI/tweetIconInfo												
	The Archetype			"Дамы и господа, не желаете ли щёлкнуть по этим двум лесным духам? Так я смогу послушать вашу стерео-систему."										
	The Archetype			"В настоящий момент, социальные сети показались катастрофическими для общества, основываясь на нашем предыдущем эксперименте в 2011 году."										
				"В этот раз мы поощряем изоляцию и сожаления при обдумывании прошлого."										
				"Мы глубоко признательны, что вы решили принять участие в этой экспериментальной терапии острой душевной недостаточности."										
				"Вам покажется, что первый сеанс S:S&S EP довольно прямолинеен. В норме он займёт у вас всего 15—30 минут."										
				Готовы начать? Нажмите на «play» и погнали!										
ARCHETYPE_FOUNDATION	The Archetype			"S:S&S EP не предоставит трансцендентного опыта, она всего лишь очистит вашу нервную систему от стереотипов."										
				Третий аспект «обстановки» является культурным — ваши представления о реальности и нормальности. Сейчас мы не будем об этом говорить.										
				"«Обстановка» включает в себя комфорт, безопасность и теплоту помещения или окружающей местности, в которой был получен опыт игры."										
				"Мы обнаружили, что расслабленный и любопытный человек, скорее всего, получит приятный опыт, играя в S:S&S EP."										
				"«Настрой» подразумевает психическое состояние и структуру личности. Ваши мысли, настроение и/или ожидания отразятся на впечатлении от игры."										
				"Давайте поговорим о такой вещи как «настрой и обстановка». Это полезно знать при контакте с психоделиками, такими как S:S&S EP."										
				"Расширенное сознание и безграничный потенциал разума — всё это мы, Superbrothers, именуем как «чаробейство»."										
				"Песнь чаробейства можно представить как псионическую технику, которая позволяет постичь иную реальность внутри той, что вам известна."										
				"Чтобы закончить песнь чаробейства, просто дважды щёлкните по ауре, окружающей Скифку."										
				"Начав песнь чаробейства, щёлкните на ауре и удерживая кнопку, перемещайте мышь, чтобы осмотреться вокруг."										
				"Чтобы спеть чаробейскую песнь, щёлкните на Скифке и удерживайте кнопку несколько секунд, наблюдая, как возникает чаробейская аура."										
				"Как видите, Мегатом собирает и хранит все мысленные потоки, выраженные в словах. Прокрутите вниз, чтобы увидеть о чём я думал ранее."										
ARCHETYPE_MEGATOMETUTORIAL	The Scythian		adventureUI/megatomeItem	«Так держать! Вы познали Песнь Чаробейства и теперь вся великая мощь Мегатома в ваших руках».			47	012.jpg	31E2F					
			adventureUI/megatomeItem	«Мегатом перехватывает все словесные мысленные потоки и содержит всё необходимое для выполнения вашего печального предназначения».										
			adventureUI/megatomeItem	"«В данный момент я думаю о чём-то, что может быть полезным... почему бы не открыть Мегатом и не посмотреть, что же у меня на уме?»."										
				"«Взгляните на белый треугольник в правом верхнем углу... нажмите на него и откройте Мегатом. Так вы сможете прояснить то, что скрыто»."										
LOGFELLA_STORM	The Scythian			"Лесник, известный как Дровосек бросил рубить дрова из-за зловещей бури. #wetboots"										
			adventureUI/megatomeItem	"Дровосек напомнил нам, что буря разыгралась как раз после того, как мы вырвали Мегатом из недр Минги Тау."										
				"Это был такой не-очень-тонкий намёк, что мы должны как-то успокоить бурю? #yes #no #maybe"										
GIRL_STORM	The Scythian			"Темноволосая девушка, известная просто как Девушка, пребывала в печали. #woe"										
			gourd/gourd	"С тех пор, как началась гроза, девушка стала замечать звенящие пузырьки, принадлежавшие духам леса, дремавшим где-то рядом."										
			gourd/gourd	"Она задалась вопросом, могли бы ли три лесных духа помочь остановить бурю? #yes"										
			gourd/gourd	"Она попросила нас осмотреть звенящие пузырьки, что всплывают со дна пруда рядом с хижиной."										
			gourd/gourd	"Девушка рассказала, что видела ещё одного духа на лужайке, а другого в скворечнике, где жили три мокрые певчие птички."										
			gourd/gourd	Девушка попросила нас отыскать звенящие пузырьки этих трёх лесных духов и отправить их в небо с помощью песни чаробейства.										
ARCHETYPE_SWORCERY	The Archetype			"«Настало время познать Песнь Чаробейства — технику расширения сознания, которая открывает мистическое музыкальное измерение»."										
			gourd/gourd	"«Сохраняйте спокойствие, следуйте моим указаниям, и вы сможете вызвать лесного духа, который тихо дремлет в прохладной воде глубокого пруда»."										
ARCHETYPE_TADPOLES	The Archetype			"Можно было со 100% уверенностью утверждать, что странно одетый человек ожидает от нас каких-то действий, но мы не знали, каких именно."										
			gourd/gourd	«Видите звенящие пузырьки в глубоком пруду? Значит там дремлет лесной дух и вы должны его вызвать».										
			gourd/gourd	"«Пойте Песнь Чаробейства в любое время, кликнув на Скифку и удерживая кнопку, чтобы попасть в иную реальность внутри той, что вам известна»."										
			gourd/gourd	"«Проведи двух маленьких водоплавающих туда, где дремлет дух, а потом отправь его ввысь, с помощью трёх прикосновений чаробейства»."			49	013.jpg	61D3A					
GIRL_LOSTKEY	The Scythian			"Девушка стояла, прячась от дождя под широкой деревянной крышей колодца."										
				"Она покинула уютное место у очага в хижине, очевидно, потому что Дровосек сильно из-за чего-то волновался."										
INFO_BIRDEYESCULPTURE	The Scythian			Мы заметили нависающую над лугом статую злой птицы. #subtlereference			6	014.jpg	F1D48					
INFO_MEADOWSHEEP	The Scythian			"Мы заметили нескольких никчёмных овец, лениво прогуливающихся на лугу. #worthlesssheep"										
INFO_CABINSHEEP	The Scythian			Ещё одна никчёмная овца — и зачем мы только на неё смотрим? #worthlesssheep										
INFO_MEADOWSUN	The Scythian			"Мы ясно помним, каким прекрасным было солнце в тот самый день, ранней весной."										
INFO_MEADOWGATE	The Scythian			"На лужайке находились запертые железные врата, блокирующие вход в глубокую пещеру."										
INFO_MEADOWGATEACTIVE	The Scythian			"На лугу стояли железные врата, и у нас было чувство, что мы можем их как-то открыть."										
INFO_MEADOWGATETRIGONACTIVE	The Scythian			Над железными воротами мы заметили маленький Золотой Треугольник. Сможет ли наша Песнь Чаробейства воздействовать на него?										
INFO_MEADOWGATETRIGON	The Scythian			Над железными воротами мы заметили какую-то штуковину.										
INFO_LOCKEDDOORSTONEWALL	The Scythian			"Закрытая дверь в каменной стене блокирует старую дорогу к Минги Тау. По всей видимости, ключ потерян во снах."										
INFO_LOOMINGBIRDSCULPTURES	The Scythian			"Мы заметили статую злой птицы, которая угрожающе возвышается над лужайкой. #subtlereference"										
INFO_MEADOWSUNSTICK	The Scythian			"Мы заметили странной формы шест, который как бы наблюдает за лужайкой."										
INFO_CABINWELL	The Scythian			Мы увидели прочно построенный колодец с широкой деревянной крышей.										
INFO_UNWELLWELL	The Scythian			С колодцем как будто что-то не так. #unwell #well										
INFO_WELLNESS	The Scythian			"Но всё хорошо, что хорошо кончается. #unwell #well #wellness"										
INFO_WELLWHITESTAG	The Scythian			ДА ЗДРАВСТВУЕТ НОВАЯ ПЛОТЬ										
ARCHETYPE_UNWELLWELLOUTRO	The Archetype													
INFO_CABINCHIMNEY	The Scythian			"Мы увидели крепко построенную каменную хижину с соломенной крышей, которая стояла рядом с глубоким прудом."										
INFO_CABINWOODPILE	The Scythian			Мы увидели груду колотых дров. Ничего особенного.										
INFO_SPUME	The Scythian			Мы обнаружили тихонько звенящие пузырьки дремлющего лесного духа. И... как же нам его вызвать?										
INFO_NESTBOX	The Scythian			"Мы заметили примечательный скворечник, который теперь является домом для несчастного улья."			13	015.jpg	B1C5F					
INFO_NESTBOXWEATHERED	The Scythian			"Мы заметили потрёпанный погодой скворечник, который напоминал страшное лицо."										
INFO_FLAGPOLELOGBRIDGE	The Scythian			"У ствола дерева, служившего мостом, стоял жуткий флагшток, украшенный квадратными черепами."										
INFO_GOLDTRIGONALTAR	The Scythian			"На лугу за глубокой пещерой мы наткнулись на уединённую рощу, посреди которой находилось несколько странных каменных сооружений."										
			Archetype/trifecta	...это и была Треугольная роща? #trigongrove			93	016.jpg	B1D6J					
			triangle/Triangle	"Когда мы подошли к первому каменному сооружению, то подумали о Золотом Треугольнике и почувствовали как дёрнулся наш меч. "										
INFO_DARKTRIGONALTAR	The Scythian			"В Треугольной роще находилось ещё одно каменное сооружение, изрядно потрёпанное погодой и временем. #darkmoontrigon"										
				"Мы подумали — а что произойдёт, если мы ударим нашим мечом по этому каменному сооружению."										
INFO_BRIGHTTRIGONALTAR	The Scythian			"В Треугольной роще находилось ещё одно каменное сооружение с круглым символом, который имел отношение к Полнолунию. #brightmoontrigon"										
				"Мы подумали — а что произойдёт, если мы ударим нашим мечом по этому каменному сооружению."										
INFO_STONEHEAD	The Scythian			"У гибельной пропасти стояла огромная, высеченная из камня скульптура с разинутым ртом и знакомо выглядящими чертами лица."			24	017.jpg	61B76					
INFO_STONEHEADSHUT	The Scythian			У гибельной пропасти стояла высеченная из камня огромная скульптура со знакомо выглядящими чертами лица.										
INFO_STONEHEADFLAGPOLE	The Scythian			"На верхушке огромной, высеченной из камня, скульптуры стоял мрачный флагшток, увенчанный жуткими квадратными черепами или чем-то типа того."										
INFO_CHASMSTONESHELTER	The Scythian			"На одной стороне гибельной пропасти стоял удивительный дольмен, под которым были укрыты два весьма удобных каменных сиденья."			25	018.jpg	O1C8M					
INFO_SKULLPOLE	The Scythian			"У шаткого мостика стоял жуткий шест, увенчанный рогатым черепом."										
INFO_TRIFECTASYMBOL	The Scythian			Над высеченным в скале входом в горный храм мы заметили пиктографическое изображение Триединого Треугольника.										
INFO_MOUNTAINGATE	The Scythian			"Глубоко внутри горного храма мы заметили закрытые железные ворота, через которые был виден туманный ландшафт Минги Тау."										
INFO_MOUNTAINGATETRIGON	The Scythian			Глубоко внутри горного храма над высоким проходом мы заметили три странных треугольных формы.										
INFO_MOUNTAINGATETRIGONACTIVE	The Scythian			Глубоко внутри горного храма над высоким проходом мы заметили значок Триединого Треугольника.										
INFO_CABINRECORD	The Scythian			"Внутри хижины, над очагом, мы заметили какую-то маленькую круглую штуковину. #theballadofthespacebabies"			46	019.jpg	P1D99					
INFO_CABINHEARTH	The Scythian			"Внутри хижины, тихонько потрескивал очаг, создавая уют и тепло."										
INFO_CABINSEAT	The Scythian			"Внутри хижины, по обе стороны от очага, стояли два грубых деревянных сидения."										
INFO_GOGOLITHICMASS	The Scythian			"Мы заметили рогатый череп, что парил во тьме глубин Минги Тау."										
INFO_MEGATOMBTRIFECTA	The Scythian			Во тьме глубин Минги Тау мы заметили пиктографическое изображение Триединого Треугольника.										
INFO_ROCKSHOWGIRL	The Scythian			"На рок-концерте мы заметили темноволосую девушку и, кажется, она сказала: «Огонь, иди со мной»."										
INFO_ROCKSHOWSKOLOTOI	The Scythian			"На рок-концерте мы заметили чувака-скелета, одного из тех, что видели раньше. Тут он отрывался под неистовые ритмы."										
INFO_ROCKSHOWJIM	The Scythian			"Гвоздём программы был никто иной, как таинственный музыкант, известный как Джим Гатри."			160	020.jpg	T2G03					
INFO_ROCKSHOWBOOR	The Scythian			"На рок-концерте мы заметили Косолапого Хама, который размахивал своими причиндалами."			121	021.jpg	E2G15					
INFO_ROCKSHOWCROWD	The Scythian			На рок-концерте присутствовала огромная толпа мужчин и женщин.										
INFO_ROCKSHOWARCHETYPE	The Scythian			"На рок-концерте мы заметили человека, известного как Архетип, и нам оставалось лишь гадать, как он связан со всем этим."										
INFO_TRIGONGROVESKULLSTICK	The Scythian			"Устрашающий шест, увенчанный рогатым черепом как-то связывает это место с бессмертным фантомом, что прячется в глубинах Минги Тау."										
GRAVE_TRIGONGROVE	The Scythian			"В Треугольной роще, что по ту сторону глубокой пещеры на лугу, мы заметили одинокую могилу, и нам стало слегка интересно."										
GRAVE_TRIGONGROVEGHOST	The Scythian			"В Треугольной роще, что за глубокой пещерой на лугу, мы подошли к одинокой могиле, и встретили там светящегося призрачного чувака."										
				"Светящийся призрачный чувак из Треугольной рощи сначала очень напугал нас, честно говоря."			96	022.jpg	T2B2H					
			adventureUI/megatomeItem	"Он узнал наш скифский прикид и увидел, что мы несём Мегатом. Он поинтересовался, понимаем ли мы тайные пометки внутри."										
				"Шёпотом он назвал нам имя бессмертного фантома, разбуженного нами во тьме глубин Минги Тау: Гоголит."			166	023.jpg	O2B39					
				"Мы знали это страшное имя из старых сказаний, и почувствовали, как кровь стынет в жилах."										
				"«До этого момента я полагал, что Гоголит смотрит на вас как на туриста»."										
			triangle/Triangle	"«Но теперь, когда вы познали Песнь Чаробейства и покорили Золотой Треугольник, он начнёт преследовать вас по пятам»."										
				"Было неясно, хочет ли он этим ободрить нас или, наоборот, запугать или ещё что."										
				Мы сказали призрачному чуваку о нашем намерении подорвать Мегатом на вершине Минги Тау и освободить Гоголита от бессмертия.										
			Archetype/trifecta	"Мы спросили его о Триедином Треугольнике и местоположении оставшихся двух Треугольников, но ответ его был досадно бестолков."										
				«Два оставшихся Треугольника существуют только во снах горцев».			43	024.jpg	8.2E+46					
				"«Вопрос об обнаружении двух оставшихся Треугольников не столько в том, где, а когда и как»."										
				"Светящийся призрачный чувак нёс, конечно, порядком бесполезную чушь."										
GRAVE_LOGBRIDGE	The Scythian			"В стороне от старой дороги, среди деревьев, мы увидели группу могил, и задумались, что же могло нас там ждать."										
GRAVE_LOGBRIDGEGHOST	The Scythian			"Мы подошли к группе могил в зарослях в стороне от старой дороги, и встретили несколько призраков, которые показались нам дружелюбными."			116	025.jpg	62B55					
				"Сияющий призрак, говоривший с нами, оказался гигантом из древних сказаний, чей прославленный лик требовал преклонения. #andre"										
			Archetype/trifecta	"«В прошлом году накануне святок я собрал отряд, и мы выдвинулись с целью восстановить Триединый Треугольник»."										
				"«Мы прослышали о вратах в бесконечность, что на вершине Минги Тау, и подумали — а клёво бы на это глянуть»."										
			triangle/Triangle	"«В общем, нам удалось покорить Золотой Треугольник и даже заценить Треугольную рощу, а затем мы начали поиски Треугольника Полнолуния»."										
				"«Поиски Треугольника Полнолуния не слишком хорошо шли... Мы совершенно пали духом, честно говоря»."										
				"«Постепенно до нас дошло значение лунных циклов и их влияние на духов, дремлющих в сумеречных мирах»."										
				"«Тогда-то мы и обосновались здесь и стали наблюдать за фазами луны, чтобы понять, когда нужно быть где, и как»."			7	026.jpg	Q2D6P					
				"«Мы умирали со скуки, выжидая, когда же сменится фаза луны»."										
				"«Ну, в итоге, мы и померли. Из-за спора, который возник между нами от скуки»."										
				"«Я не стану вдаваться в подробности, если ты не против»."										
				"«Ладно... Так случилось, что кое-кто из нашей команды оказался гнусным читером, и нам удалось поймать его за руку». "										
				"«Завязалась драка, но гнусный читер сумел сбежать по старой дороге по направлению к гибельной пропасти»."										
				"«Ну а потом мы просто зависали, не зная, что делать... И тут, внезапно, показался Гоголит... Чёрт!»."			113	027.jpg	62B75					
GRAVE_CHASM	The Scythian			"Мы обнаружили одинокую могилу на краю гибельной пропасти и задумались, что же могло нас там ждать."										
GRAVE_CHASMGHOST	The Scythian			На краю гибельной пропасти мы подошли к одинокой могиле гнусного читера и встретили там старого сияющего призрачного чувака.										
			Archetype/trifecta	«В прошлом году накануне святок Андре Гигант собрал отряд и мы выдвинулись с целью восстановить Триединый Треугольник».										
				"«Остальные парни из отряда похоронены в чаще, что в стороне от старой дороги, рядом с мостом из бревна»."										
			triangle/Triangle	"«Найти и покорить Золотой Треугольник было проще простого, однако затем мы оказались в полном тупике»."										
				"«Мы искали Треугольник Полнолуния, так что мы сели и стали смотреть на небо, ожидая, когда же сменится фаза луны»."										
				"«Это была такая тоска! Я не собирался просиживать дни, в ожидании Полнолуния»."										
				"«Я оставил этих неудачников бесцельно слоняться, а сам решил придумать, как же обойти эти лунные правила». "										
				"Старый светящийся призрачный чувак рассказал о том, как он применил чит, выйдя из S:S&S EP, а затем переставив время на своём компьютере."										
				"Призрак описал нам, как неприятен был этот процесс, но так он смог повлиять на фазу луны!"										
				"«Но правда в том, что с тех пор, как я применил чит, меня всерьёз стала мучить нервная дрожь, от этого я и умер — от стыда»."										
GRAVE_HOLLOW	The Scythian			Внутри гигантского древа с расщелиной мы обнаружили одинокую могилу и слегка заинтересовались ею.										
GRAVE_HOLLOWGHOST	The Scythian			"Внутри гигантского древа мы подошли к одинокой могиле, и оттуда появился крутой призрак, чтобы напеть нам эти безумные строчки."			117	028.jpg	E2A80					
				"«Следи за ликами луны и ты узнаешь, когда быть где, и как»."										
				«А также будь уверен — я не хотел пугать своим шикарным видом».										
GRAVE_HOLLOWGHOSTSPRITES	The Scythian			"Внутри гигантского древа мы подошли к одинокой могиле, и там появился крутой призрак, чтобы напеть нам эти безумные строчки."			117	028.jpg	E2A80					
				"«На том пути, что пройден, взыщи ты духов леса, открой глаза и уши, звенящие источники отыщешь ты тогда.»"										
				"«Отправь всех пятерых на небо, чтоб чудо сотворить и Треугольник приманить»."										
GRAVE_HOLLOWGHOSTTRIGON	The Scythian			"Внутри гигантского древа мы подошли к одинокой могиле, из неё вышел крутой призрак и кое-что сказал нам."			117	028.jpg	E2A80					
				"«Ожидай сигнала от духов леса, а затем спой в том месте Песнь Чаробейства, чтобы проявить скрытый Треугольник.»"										
GRAVE_HOLLOWGHOSTTRIGONCOMPLETE	The Scythian			"Внутри гигантского древа мы подошли к одинокой могиле, из неё вышел крутой призрак и кое-что сказал нам."			117	028.jpg	E2A80					
				"«Ну вот, Песнь Треугольника теперь окончена. Услышу ли я её ещё раз когда-нибудь?»."										
LOGFELLA_LOSTKEY	The Scythian			"Печальный лесник, по прозвищу Дровосек, был чем-то крайне взволнован."										
			AdventureUI/keyItem	"Видимо, Дровосек потерял свой ключ, которым запирал дверь в каменной стене, преграждающей доступ к старой дороге, ведущей к Минги Тау."										
				И тут мы заворчали — снова «быть на побегушках»?										
				"Дровосек сказал нам, что сидел прямо тут, у огня, когда погрузился в глубокий сон."										
			AdventureUI/keyItem	"Дровосек сказал, что думает, что потерял ключ в сумеречном мире сновидений."										
				"Мы слышали о странных сновидениях, переживаемых темноволосыми горцами Кавказа. Так что в этом был смысл."										
				"Дровосек пригласил нас посидеть рядом у огня, согреть ноги и погрузиться в мир грёз вместе с ним."			63	029.jpg	U2C92					
ARCHETYPE_LOSTKEYTHOUGHTS	The Archetype			Мы думаем о бодрствовании и мифопоэтической психокосмологии снов как об обособленных состояниях.										
				Тем не менее они могут взаимодействовать между собой причудливым образом.										
				"Граница лиминальности — это пространство между бодрствованием и сном. Место, где не может быть сознательно направленной мысли."			56	030.jpg	13A0A					
				"Разыщите тёплый очаг, позвольте сну поглотить вас и познайте границу лиминальности."										
ARCHETYPE_LOSTKEYCLUE	The Archetype		AdventureUI/keyItem	"Как насчёт того, чтобы присесть у очага в хижине, пересечь границу лиминальности и найти там ключ, который потерял Дровосек?"			55	031.jpg	23C1X					
GIRL_LOSTKEYTHOUGHTS	Girl	AdventureUI/tweetIconGourd		"Ох, Дровосек чем-то крайне обеспокоен... Что же такого стряслось? Лучше мне на время удалиться и оставить его одного."										
				"Я застала Скифку за Песней Чаробейства, с помощью которой она отправила трёх лесных духов в небо. Помогут ли они рассеять бурю?"										
LOGFELLA_MORELOSTKEYTHOUGHTS	Logfella			"Хочу надеяться, что Скифке, бродящей по снам, удастся отыскать мой потерянный ключ... Я выронил его на песчаном берегу у тихого озера."			62	032.jpg	U3A20					
LOGFELLA_LOSTKEYTHOUGHTS	Logfella			"О, горе! Как бы я хотел, чтобы дождь прекратился... чтоб обувь моя была сухой... и я мог бы вернуться к рубке дров."										
				"Вот чёрт! Куда же делся этот ключ!? Мне так грустно и стыдно, и я теперь места себе не нахожу!"										
LOGFELLA_FOUNDKEY	The Scythian		AdventureUI/keyItem	"Лесник вздохнул с облегчением, когда узнал, что нам удалось найти его ключ, потерянный в сумеречном мире сновидений."										
				"Лесник, известный как Дровосек, поинтересовался, как мы достигли таких высот и спросил о нашем печальном предназначении."										
				"Мы рассказали леснику о том, как мы росли в степях Скифии в окружении бесстрашных братьев и сестёр."										
				Мы рассказали Дровосеку зачем мы бродим по этим диким горам и как нас направляла рука всевидящего Бога.										
			adventureUI/megatomeItem	"Мы рассказали Дровосеку о наших подозрениях насчёт того, что могут означать тайные пометки внутри Мегатома."										
			gourd/gourd	"У нас было подозрение, что нужно вызвать ещё несколько лесных духов, и тогда буря прекратится."			104	033.jpg	W3D3G					
			triangle/Triangle	"Тихим шёпотом мы поделились нашим намерением найти и покорить Золотой Треугольник, олицетворяющий космическую геометрию."										
				"Было на 100% очевидно, что лесник, по кличке Дровосек, уже не слушал нас."										
			AdventureUI/keyItem	"Мы смекнули, что можем просто взять ключ и пойти прогуляться по старой дороге, что за пределами каменной стены."										
LOGFELLA_FOUNDKEYWAKEUP	The Scythian		AdventureUI/keyItem	"Мы поинтересовались у лесника, можно ли нам взять его ключ, и он был совсем не против."										
GIRL_FOUNDKEY	The Scythian			У дороги мы встретили темноволосую девушку. Она промокла до нитки.										
			gourd/gourd	"Она слышала, как тихонько звенели пузырьки лесных духов. Звуки исходили из-за каменной стены, там, где пролегала старая дорога к Минги Тау."										
			gourd/gourd	"Она говорила о деревьях, возвышающихся по обеим сторонам могучей реки."										
			gourd/gourd	Она говорила о бледной радуге на краю гибельной пропасти...										
			adventureUI/megatomeItem	"...а затем она сглотнула и дрожащим голосом посоветовала обращаться к Мегатому, в случае, если мы потеряемся или запутаемся."										
LOGFELLA_FOUNDKEYTHOUGHTS	Logfella			"Я совсем не против того, что ключ будет у Скифки, если же это ей поможет успокоить бурю."										
				"Должно быть, я задремал, когда Скифка рассказывала свою супер эпическую историю. У меня терпения не хватает слушать подобное."										
				Я ведь ясно спросил о её печальном предназначении... а она начала болтать про степи и Божьи указания.										
GIRL_FOUNDKEYTHOUGHTS	Girl			Ещё одного-двух духов отправить в небо — и нескончаемая буря утихнет... и тогда придёт время чудес! #miracles			129	034.jpg	33A44					
GIRL_SUPERMOTHERTREE	Girl			"В моих снах, когда луна светит ярче всего, всегда стоит такая звенящая тишина... а когда луна во тьме, лес будто сходит с ума."										
				"В своих снах я всегда хожу по одним и тем же местам, но они слегка меняются под воздействием фазы луны."										
				"С тех пор как буря утихла, я каждую ночь вижу один и тот же сон, в котором я брожу по лесу за час до рассвета."										
ARCHETYPE_TREEHINT	The Archetype			"Помните, что употребление лесных грибов может дать косвенное озарение по поводу криптозоологических феноменов и всякого такого."										
				Ищите звенящие пузырьки лесных духов и исследуйте окружающую их обстановку.										
				"Начав Песнь чаробейства, вы можете легко коснуться края экрана, чтоб осмотреться вокруг (или воспользоваться стрелками)."										
ARCHETYPE_MUSHROOMHINT	The Archetype			"Доказано, что грибы, обладающие прорицательными эффектами, могли сыграть значительную роль в формировании душевного устройства человека."										
				"Археологические находки указывают на то, что употребление грибов для религиозного общения и лечения применялось с древнейших времён."										
				"С точки зрения физиологии, вы могли ощутить чувства блаженства и усиленного восприятия, а также уход от стресса и потерю аппетита."										
				Лесные грибы могут дать некое косвенное озарение по поводу местонахождения лесных духов и их триггеров.			60	035.jpg	53A5Y					
ARCHETYPE_TRIGONGROVE	The Archetype			Чувствуете? Теперь вы понимаете? Обрели ли теперь для вас новый смысл тайные пометки внутри Мегатома?										
				Этот луч является мостом между миром живых и миром мёртвых. Теперь вы можете встретить призрака (и даже не одного) и поговорить с ним.										
				"Только что я был оповещён о том, что вы активировали первый небесный луч в Треугольной роще."										
GIRL_CABINSHEEP	The Scythian			"Мы спросили девушку о никчёмных овечках, гуляющих возле хижины и она сказала, что недавно они были чем-то напуганы."										
			gourd/gourd	"Мы сказали девушке, что отправили в небо пятерых лесных духов, на что она ответила, что, вероятно, близится время чудес."										
				"Мы подумали, что стоило бы сходить и обследовать лужайку, где раньше паслись овечки."										
LOGFELLA_CABINSHEEP	The Scythian			"Дровосек чувствовал, что наступило время чудес. Он думал о том, что скоро может произойти нечто невероятное."			79	036.jpg	V3G62					
GIRL_CABINSHEEPTHOUGHTS	Girl			"Какого...!? Дождь прекратился! Значит ли это, что буря рассеивается? Хотелось бы верить."										
				Эта буря действовала мне на нервы. Всё было таким серым.										
LOGFELLA_CABINSHEEPTHOUGHTS	Logfella			Хм-м.... У меня мурашки по коже... определённо что-то происходит... неужели буря прекращается?										
				"Знаешь, как только я хочу собраться с силами, я просто сажусь напротив камина и грею здесь ноги."										
DOGFELLA_CABINSHEEPTHOUGHTS	Dogfella			Гав! Гав! Гав! Гав! Гав! Гав! Гав! Гав! #stillbarking #miracles			84	037.jpg	V3C7I					
ARCHETYPE_MEADOWHINT	The Archetype			"Как только солнце займёт нужное положение, вам будут дарованы чудесные способности складывания, которыми обладал маг Аль Джаффи."										
				Чувствуете эту странную вибрацию? Настало время чудес! Начните Песнь Чаробейства и подымите взор на злых птиц.			76	038.jpg	A3G84					
ARCHETYPE_MEADOWHINTTWO	The Archetype			"Взгляните на небеса, дабы понять, как происходит это чудо, а затем узрите Золотой Треугольник."										
ARCHETYPE_SIDE_B	The Archetype	AdventureUI/tweetIconInfo		"Хм-м... а это необычно, то, как вы справились с медвеголовым каннибалом."			120	039.jpg	O3G9D					
				"Нет-нет, всё нормально, просто это так необычно. Я никогда прежде не видел, чтоб кто-либо так поступал. Но вы не беспокойтесь."										
				"Хорошо, так держать! Здесь, в S:S&S EP, ещё так много всего, чем можно насладиться, в особенности на обратной стороне пластинки."										
ARCHETYPE_GOLDTRIGONHINTONE	The Archetype			"Для того, чтобы покорить Золотой Треугольник, вы должны понять как пережить три стадии его странной песни. Сочетайте защиту и нападение."										
				"Крайне важно щёлкать на иконку щита и удерживать её всякий раз, когда это возможно. Таким образом к вам вернутся утраченные силы."										
				"Я вижу, вы призвали Золотой Треугольник и попытались покорить его, так? Есть ещё кое-что полезное, что я должен вам рассказать."										
ARCHETYPE_GOLDTRIGONHINTTWO	The Archetype			"Отражайте псионические снаряды Треугольника взмахами меча и выжидайте момент, чтобы уклониться от лучевых атак."			83	040.jpg	3.4E+02					
				"Непредсказуемое поведение Золотого Треугольника стало причиной гибели тех, кто приходил до вас... им не хватило стойкости и отваги."										
ARCHETYPE_GOLDTRIGONHINTTHREE	The Archetype			Вы должны покорить Золотой Треугольник. Другого пути нет.										
				На третьей стадии вы должны отражать маленькие треугольные снаряды с помощью меча и уклоняться от лучевых атак. 										
				"На второй стадии вы должны выждать момент лучевой атаки и своевременно нажать на иконку щита, чтобы уклониться."										
				На первой стадии вы должны отбивать энергетические шары обратно в Треугольник с помощью меча.										
ARCHETYPE_BRIGHTTRIGONHINTONE	The Archetype			"Должно быть, вы заметили, что Треугольник Полнолуния несёт смерть свысока... поэтому своевременно нажимайте на щит, чтобы увернуться."			144	041.jpg	8.4E+12					
ARCHETYPE_BRIGHTTRIGONHINTTWO	The Archetype			На последней стадии схватки с Треугольником Полнолуния вам потребуется отражать снаряды мечом и уклоняться от лучевых атак.										
ARCHETYPE_DARKTRIGONHINTONE	The Archetype			"Похоже, вы столкнулись с презренной радугой, которую насылает Треугольник Новолуния. Рубите её что есть мочи!"										
ARCHETYPE_DARKTRIGONHINTTWO	The Archetype			Последняя стадия схватки с Треугольником Новолуния включает в себя коварные треугольные снаряды. Просто бейте их и останетесь в живых.										
ARCHETYPE_MEGATOMEOUTRO	The Archetype	AdventureUI/tweetIconBabelBook		"Итак, вы разбудили бессмертного призрака, похороненного во тьме глубин Минги Тау. Чёрт!"										
				"В результате, наступила зловещая гроза, и милым людям, что жили в каменной хижине, стало грустно."										
			adventureUI/megatomeItem	"В конце концов, вы заполучили обременительную книгу, известную как Мегатом. На следующем сеансе мы поговорим о её загадочном назначении."										
				"Наши исследования показывают, что продолжительное воздействие мифопоэтической психокосмологией S:S&S EP может вызывать побочные явления."										
				"Итак, вы завершили первый сеанс. Как насчёт того, чтобы сделать перерыв? Я буду здесь, как только вы будете готовы ко второму сеансу."										
ARCHETYPE_GOLDMASTERINTRO	The Archetype	AdventureUI/tweetIconBabelBook												
				Как приятно снова видеть вас. Вы готовы приступить ко второму сеансу S:S&S EP?										
			adventureUI/megatomeItem	"Так, на чём же мы остановились? Ах да, вспомнил. Теперь у вас есть обременительная книга, известная как Мегатом."										
				"А ещё вы разбудили бессмертного призрака, который притаился во тьме глубин Минги Тау. Ужас, правда?"			204	042.jpg	24B2J					
				"Горькие времена наступили — зловещая гроза накрыла небеса и милые люди, живущие в хижине, теперь печальны."										
				"Для того, чтобы успокоить бурю, потребуются познания в псионике, криптозоологии и чудесах..."										
			adventureUI/megatomeItem	1. Чаробейское касание снимет печать с Мегатома и тогда вам откроются невысказанные мысли живых существ и прочие эзотерические сведения.										
			gourd/gourd	"2. Странные лесные духи (источники чаробейства) дремлют в прудах, лесах и лугах. Взыщите их едва заметные звенящие пузырьки."										
			triangle/Triangle	"3.  Чаробей, который обнаружит, призовёт и подчинит себе космическую геометрию Золотого Треугольника, обретёт способность творить чудеса."										
				Сбиты с толку? Отлично. Не теряйте спокойствия и продолжайте путь.			210	043.jpg	A4C31					
ARCHETYPE_GOLDMASTEROUTRO	The Archetype		triangle/Triangle	Браво! Вы открыли и покорили космическую геометрию Золотого Треугольника.			86	044.jpg	24E4H					
				Чудесным образом зловещая буря рассеялась и сияющее солнце вернулось в этот мир. И это просто потрясающе!										
				"Эти героические поступки положительно отразились на вашей восприимчивости, интуиции и упорстве. Ваши дела идут чрезвычайно хорошо."										
				Замечание: вам следует продолжить эксперимент S:S&S EP и тогда вышеупомянутым качествам будет устроена проверка и оценка.										
				"Но всё же, как насчёт ещё одного перерывчика, а? Как всегда, я буду здесь, как только вы решите приступить к третьему сеансу."										
ARCHETYPE_TRIFECTAINTRO	The Archetype													
				Приступим к третьему сеансу. Примечание: для этого сеанса обычно требуется один лунный месяц для завершения.										
			triangle/Triangle	"Итак, вы покорили Золотой Треугольник и буря чудесным образом развеялась, так? Могу вас с этим поздравить."										
			adventureUI/megatomeItem	"При любых затруднениях, обращайтесь к Мегатому и изучайте результаты его работы ."										
				Бессмертный призрак всё ещё скрывается во тьме глубин Минги Тау.										
			Archetype/trifecta	Примите во внимание космическую геометрию Триединого Треугольника.										
			MoonCrescent/moonCrescent	Следите за фазами луны.			118	045.jpg	Y4E5Q					
				"Наши исследования показывают, что использование социальных сетей может отразиться на результате этой фазы эксперимента S:S&S EP."										
				"Имейте ввиду, что впредь мы будем следить за вашими действиями в относительной тишине."										
ARCHETYPE_TRIFECTAOUTRO	The Archetype		Archetype/trifecta	"Итак, вам удалось покорить два оставшихся Треугольника и воссоздать Триединый Треугольник, верно?"			165	046.jpg	P4B6A					
			Archetype/trifecta	Вы неповторимы и именно поэтому я так сильно вас люблю.										
				"Это был очень смелый и благородный поступок — провести Скифку мучительной тропой, до самой вершины Минги Тау."										
				"Серьёзно, мы в долгу перед вами."										
				Осталось лишь уверенно довести Скифку до вершины Минги Тау и стать свидетелем открытия пучины бесконечности.										
				Мужайтесь — конец уже близок!										
ARCHETYPE_GHOULINTRO	The Archetype													
				"Ну, вот. После этого короткого сеанса, курс лечения S:S&S EP подойдёт к концу."										
				Печальное предназначение Скифки вот-вот будет исполнено.										
				"Печально, что её душа и тело истощены до предела. Всему виной чаробейство... Она уже на пороге смерти."			162	047.jpg	J4F7B					
			Archetype/trifecta	"Всё, что осталось — это разгадать тайны Треугольной Рощи и загрузить Мегатом в пучину бесконечности с вершины Минги Тау."										
				"Нажмите «play», если готовы стать свидетелями ужасных мучений."										
END	The Scythian			"На вершине Минги Тау мы загрузили Мегатом в пучину бесконечности, где он навеки будет в безопасности."										
END_CHEAT	The Scythian			"На вершине Минги Тау мы загрузили Мегатом в пучину бесконечности, где он навеки будет в безопасности. #cheat"										
END_CHEAT_NOBOOR	The Scythian			"На вершине Минги Тау мы загрузили Мегатом в пучину бесконечности, где он навеки будет в безопасности. #cheat #noboor"										
END_CHEAT_PSYCHO	The Scythian			"На вершине Минги Тау мы загрузили Мегатом в пучину бесконечности, где он навеки будет в безопасности. #cheat #psycho"										
END_CHEAT_LOVE	The Scythian			"На вершине Минги Тау мы загрузили Мегатом в пучину бесконечности, где он навеки будет в безопасности. #cheat #love"			202	048.jpg	D4A81					
END_MOONGROTTO_PSYCHO	The Scythian			"На вершине Минги Тау мы загрузили Мегатом в пучину бесконечности, где он навеки будет в безопасности. #moongrotto #psycho"			180	049.jpg	74D9P					
END_MOONGROTTO_LOVE	The Scythian			"На вершине Минги Тау мы загрузили Мегатом в пучину бесконечности, где он навеки будет в безопасности. #moongrotto #love"			176	050.jpg	Y5F0P					
END_HONEST_PSYCHO	The Scythian			"На вершине Минги Тау мы загрузили Мегатом в пучину бесконечности, где он навеки будет в безопасности. #honest #psycho"			179	051.jpg	M5C1H					
END_HONEST_LOVE	The Scythian			"На вершине Минги Тау мы загрузили Мегатом в пучину бесконечности, где он навеки будет в безопасности. #honest #love"			177	052.jpg	55E2B					
END_HONEST_NOBOOR	The Scythian			"На вершине Минги Тау мы загрузили Мегатом в пучину бесконечности, где он навеки будет в безопасности. #honest #noboor"			178	053.jpg	75G3V					
GIRL_GHOULTHOUGHTS	Girl			"Интересно, знает ли Скифка, что Гоголита можно приостановить, если коснуться чаробейством его черепа? Думаю, что нет."										
				"Хоть бы она помнила, что можно щёлкнуть, удерживая кнопку на своём пути, чтобы двигаться очень быстро. А если нет, то её точно поджарят."										
				"Где это я? Что случилось? Последнее, что помню — это как я ходила во сне среди деревьев и увидела сверхъестественное розовое сияние."										
LOGFELLA_GHOULTHOUGHTS	Logfella			"Скифка всё так и твердит о своём печальном предназначении, в котором она должна открыть врата в пучину бесконечности на вершине Минги Тау."										
				"Всё здесь пошло кувырком, с тех пор как Скифка появилась тут, много лун назад."										
LOGFELLA_GHOUL	The Scythian			Мы с трудом очнулись от супер глубокого сна и обнаружили себя неподалёку от Треугольной рощи в компании лесника по кличке Дровосек.			88	054.jpg	J5D44					
				"Дровосек рассказал, что Девушка пропала прошлой ночью."										
				"Лесник понимал, что конец близок и нам надо возвращаться в Минги Тау, чтоб исполнить наше печальное предназначение."										
LOGFELLA_TRIGONGROVETIPS	The Scythian			Лесник по прозвищу Дровосек никогда раньше не бывал в Треугольной роще и ему было любопытно.										
LOGFELLA_TRIFECTATIPS	The Scythian			Лесник по прозвищу Дровосек очень волновался о пропавшей девушке.										
				"Мы сказали ему, что знаем где она может быть и вскоре вернём её. "										
				"Он взглянул на пьедестал и заранее поблагодарил нас за все те муки, через которые нам предстоит пройти."										
URSULA_AVATAR			Ursula/idleSEhandsonhip											
DOG_AVATAR			AdventureUI/dudeDogfellaIdle1											
AMPHITHEATRE_LEFT	The Scythian	AdventureUI/tweetIconInfo		"Эти два чувака заявляют, что причастны к созданию этого безумного мира."			159	055.jpg	A5G55					
AMPHITHEATRE_RIGHT	The Scythian	AdventureUI/tweetIconInfo		"Два этих шутника заявляют, что причастны к созданию этого безумного мира."			159	055.jpg	A5G55					
GOURD_MOUNTAINMEADOW	The Scythian	AdventureUI/tweetIconGourd	gourd/gourd	"Только что мы пробудили лесного духа, дремавшего в плодородной почве, на лужайке, где паслись 4 пары никчёмных овец."			52	056.jpg	15B63					
GOURD_CABIN	The Scythian	AdventureUI/tweetIconGourd	gourd/gourd	Мы спели Песнь Чаробейства и вызвали дремавшего лесного духа из прохладных вод глубокого озера — как странно!			50	057.jpg	G5F78					
GOURD_UPSLOPEWOODSONE	The Scythian	AdventureUI/tweetIconGourd	gourd/gourd	"Только что мы пробудили лесного духа, притаившегося в необычном скворечнике, окружённом тремя промокшими певчими птичками."										
GOURD_UPSLOPEWOODSTWO	The Scythian	AdventureUI/tweetIconGourd	gourd/gourd	"Только что мы пробудили лесного духа, дремавшего близ моста из бревна, там где 4 пары деревьев возвышались над речкой."										
GOURD_UPSLOPEWOODSFOUR	The Scythian	AdventureUI/tweetIconGourd	gourd/gourd	"Только что мы пробудили лесного духа, дремавшего меж двух омерзительных радуг на краю гибельной пропасти."										
GOURD_WATERFALLS	The Scythian	AdventureUI/tweetIconGourd	gourd/gourd	"Только что, в царстве Новолуния, мы разбудили дремавшего лесного духа, окружённого пятью водопадами."										
GOURD_MOUNTAINTOP	The Scythian	AdventureUI/tweetIconGourd	gourd/gourd	"Только что, в царстве Новолуния, мы разбудили лесного духа, скрывавшегося в подлеске на вершине каменистого утёса."										
GOURD_SECRET2_STONESHELTER	The Scythian	AdventureUI/tweetIconGourd	gourd/gourd	"В свете Полной Луны мы пробудили лесного духа, таившегося в скрытой роще, там, где зависал Джим Гатри."			132	058.jpg	G5F8U					
GOURD_MOUNTAINLAKESHORE	The Scythian	AdventureUI/tweetIconGourd	gourd/gourd	"В свете Полной Луны мы вызвали лесного духа из стоячих вод озера, в котором обитает встревоженная мама-утка."										
GOURD_LAKESHOREBUNNYSTRAIGHTAWAY	The Scythian	AdventureUI/tweetIconGourd	gourd/gourd	"В свете Полной Луны мы пробудили лесного духа, притаившегося в озере, в котором отражения малость не соответствовали."			127	059.jpg	65D98					
GOURD_LAKESHORELAKE	The Scythian	AdventureUI/tweetIconGourd	gourd/gourd	"В свете Полной Луны мы разбудили лесного духа, дремавшего в озере рядом с троицей сов."										
GOURD_PINKCOLLECTED	The Scythian	AdventureUI/tweetIconGourd	Archetype/trifecta	"У нас появилось то особое чувство, что пора бы уже, наверное, настать времени для чудес. #miracles"										
GOURD_MOUNTAINSIDE	The Scythian	AdventureUI/tweetIconGourd	gourd/gourd	"Только что, в царстве Новолуния, мы пробудили лесного духа, окружённого тремя маленькими водопадами."										
GOURD_SECRET1_FOOTOFMOUNTAIN	The Scythian	AdventureUI/tweetIconGourd	gourd/gourd	"Только что, в царстве Новолуния, мы разбудили лесного духа, дремавшего в тёмном лесу в окружении четырёх низких круглых деревьев."										
GOURD_BRISKLYWALKING	The Scythian	AdventureUI/tweetIconGourd	gourd/gourd	"Только что, в царстве Новолуния, мы пробудили лесного духа, дремавшего в подлеске на дальней стороне озера."										
GOURD_HUGETREE	The Scythian	AdventureUI/tweetIconGourd	gourd/gourd	"В свете Полной Луны мы пробудили лесного духа, таившегося в тени гигантского древа."										
GOURD_BLUECOLLECTED	The Scythian	AdventureUI/tweetIconGourd	Archetype/trifecta	"У нас появилось то особое чувство, когда, похоже, уже настала пора для чудес. Ну и где же мои чудеса? #miracles"			77	060.jpg	86D06					
GCLUE_MOUNTAINMEADOW	Dogfella	AdventureUI/tweetIconGourd		Гав! Гав! Гав! Гав! Гав! Гав! #barking			135	061.jpg	M6F1I					
				Гав! Гав! Гав! #justbarking										
				"Иногда я так устаю лаять-лаять без конца... но, увы, собакам следует делать то, что следует делать собакам, а именно — быть как собака."										
				Гаф! Фых... Гав! #mixingitup										
				Гав! Гав! Гав! Гав! Гав! Гав!										
GCLUE_UPSLOPEWOODSONE	Girl	AdventureUI/tweetIconGourd		"И всё же есть нечто странное в том, как ведёт себя Скифка. Будто ей управляет незримая сила."										
				"Думаю, я бы не отказалась узнать побольше о великоэпичной жизни этой Скифки. Зуб даю, что тогда всё сразу станет на свои места."										
GCLUE_UPSLOPEWOODSTWO	Logfella	AdventureUI/tweetIconGourd		"Хочу надеяться, что это Скифка в ответе за то, что творится с лесными духами."										
				"Эта буря вгоняет меня в депрессию, как бы я хотел, чтобы видеоигры существовали в... там где им положено."										
GCLUE_UPSLOPEWOODSFOUR	Girl	AdventureUI/tweetIconGourd		"С появлением Скифки, всё здесь пошло кувырком."			3	062.jpg	36E2Z					
GCLUE_YELLOWCOLLECTED	Girl	AdventureUI/tweetIconGourd		Эта буря и всё такое... просто руки опускаются. Такая тоска-а-а.										
				"Но дождь прекращается и небо, кажется, становится светлее... неужели наступает время чудес? Хотелось бы верить. Обожаю чудеса."										
				Оу... что случилось? Овечки в страхе убежали с лужайки... Что же там могло произойти? Неужели... Золотой Треугольник?										
GCLUE_MOUNTAINTOP	Dogfella	AdventureUI/tweetIconGourd		Гав! Гав! Гав! 										
				"Иногда, когда слишком темно, чтобы я мог что-либо разглядеть, я кой-чего съедаю и вижу вещи, которых даже нет на самом деле."										
				Гав! Гав! Гав! Гав! Гав!										
GCLUE_SECRET2_STONESHELTER	Logfella	AdventureUI/tweetIconGourd		"Эта мелодия крутится у меня в голове... радостная и в то же время грустная песенка, рождающая во мне прекрасный и таинственный трепет."										
GCLUE_MOUNTAINLAKESHORE	Dogfella	AdventureUI/tweetIconGourd		"Я понимаю, что ты хочешь избежать предначертанных тебе мучений, но знай: нельзя противиться судьбе, всё должно идти своим чередом."										
				Гав! Гав! Гав... Фырх.										
GCLUE_LAKESHOREBUNNYSTRAIGHTAWAY	Dogfella	AdventureUI/tweetIconGourd		"Тут похоже есть неизвестные существительные, но выучить их несложно."										
				Есть два типа неизвестного — познанная неизвестность и непознанная неизвестность.			32	063.jpg	L6E31					
				Гав! Гав! Гав! 										
GCLUE_LAKESHORELAKE	Logfella	AdventureUI/tweetIconGourd		"Мои брёвна хранят множество тайн... о лесных духах и невероятных островах. К несчастью, я не знаю их язык."										
				"Судя по моему опыту, существуют моменты, когда совы — не те кем кажутся, а в остальное время они совершенно обычные старые совы."			126	064.jpg	86A47					
GCLUE_PINKCOLLECTED	The Archetype	AdventureUI/tweetIconGourd		"Догадываюсь вы уже слышали о невероятном острове, освещённом светом Полной Луны. Возможно, вы читали о нём в Интернете?"			134	065.jpg	H6A5I					
				"Мы вели тайное наблюдение за вашими действиями, и хотели бы отметить, что чем дольше сомневаешься, тем скромнее будет триумф."										
				"Похоже, вы значительно продвинулись на пути к нахождению и покорению Треугольника Полнолуния. Отличная работа."										
GCLUE_MOUNTAINSIDE	Girl	AdventureUI/tweetIconGourd		"Может ли быть, что лесные духи — это дети Земли? Или же они одинокие пришельцы из недр бесконечной материи?"										
				"По правде говоря, мне не по себе при мысли об этих духах. Ну, то есть... что они такое? И откуда они?"										
GCLUE_SECRET1_FOOTOFMOUNTAIN	Dogfella	AdventureUI/tweetIconGourd		"Когда последний лесной дух будет отправлен на небеса и настанет время для чудес, взыщи гигантское древо."										
				"Я знаю, что ты знаешь то, о чём знаю я. И я хочу чтоб ты знала, что ты права на 100%."			109	066.jpg	F6D6H					
				Гав! Гав! Гав! Фых.. Гав! Гав! Гав!										
GCLUE_BRISKLYWALKING	Dogfella	AdventureUI/tweetIconGourd		"Исполни своё печальное предназначение, только так ты сможешь вернуть мир в наши сердца."										
				Лишь Триединый Треугольник откроет тебе тайны Треугольной рощи.										
				Недра бесконечности уже ждут тебя на вершине Минги Тау.										
				Гав! Гав! Гав.										
GCLUE_WATERFALLS	Girl			"Приходилось ли тебе замечать, что порой слова звучат как шум, а шум, порой, превращается в самый прелестный звук?"			132	058.jpg	G5F8U					
GCLUE_HUGETREE	Logfella	AdventureUI/tweetIconGourd		У горцев Кавказа столько странных поговорок.										
				"Здесь на Кавказе говорят, что лесу нужно пламя, также как и пламени нужен лес."										
YELLOWTRIGON_COLLECTED	The Scythian			Мы покорили Золотой Треугольник. Мы такие крутые.			85	067.jpg	36G7U					
PINKTRIGON_COLLECTED	The Scythian			"Несмотря на все трудности, мы заполучили Треугольник Полнолуния."			155	068.jpg	56F8U					
BLUETRIGON_COLLECTED	The Scythian			"Вопреки всему, мы заполучили Треугольник Новолуния."			112	069.jpg	T6G94					
GCLUE_BLUECOLLECTED	Girl	AdventureUI/tweetIconGourd		"Похоже на то, что все духи Новолуния отправились в небеса, а это значит, что опять настало время чудес. Обожаю чудеса!"										
JIM_HINT1_OFF	The Scythian			"В укромной роще мы повстречали загадочного музыканта, сидящего вблизи потрескивающего костра."										
JIM_PINKDAWN	The Scythian			"В укромной роще мы повстречали загадочного музыканта, сидящего вблизи потрескивающего костра. #jimguthrie"										
JIM_BRIGHTMOON	The Scythian			"В полнолуние, мы повстречали загадочного музыканта, сидящего вблизи потрескивающего костра. Он представился как Джим Гатри."			128	070.jpg	07G00					
JIM_POSTSWORCERY	The Scythian			"Загадочный музыкант по имени Джим Гатри оказался свидетелем нашего чаробейства, но ему, похоже, было всё равно."										
JIM_POSTGOURD	The Scythian			"Загадочный музыкант по имени Джим Гатри сказал, что готов сыграть нам небольшую песенку, если мы не против."										
				Джим предложил присесть с ним у костра.										
JIM_POSTSONG	The Scythian			"Джим Гатри поведал нам, что нет смысла отрицать свои злые помыслы, так же как и нет смысла отрицать укус дракона."										
			Archetype/trifecta	"Он сообщил, что через две недели планирует устроить рок-концерт по ту сторону озера."										
JIM_LOGFELLATHOUGHTS	Logfella			Эта мелодия кажется мне до боли знакомой... Где я её слышал? #1000songs										
				"Внезапно, в моей голове возникла какая-то нереально странная мелодия. #andwegotolder"										
LOGFELLA_JIMTHOUGHTS	Logfella			"Эта песенка так давно вертится в моей голове... Просто несколько нот, повторяющихся снова и снова. Что бы это значило?"										
ARCHETYPE_OTHERSIDEOFLAKE	The Archetype			Безопасно вернуться из-за границы лиминальности совсем не сложно — просто ищите знакомые места и тепло очага.										
				"Если вам удастся достичь ясности сознания, вы сможете творить вместе с ним... вместо того, чтобы бороться, сопротивляться и проклинать его."										
				"Когда вы осознаете себя во сне, вы поймёте, кем вы себя представляли... но если вы сольётесь со сном, вы будете заколдованы."										
				Даже в самом исхоженном пространстве сна могут открыться новые места и обнаружиться новые связи... если вы не перестанете верить.										
GIRL_MOONGROTTOCOMMENT	Girl			"У меня такое чувство, будто вселенная пропустила такт, и теперь всё как-то... не так."										
LOGFELLA_MOONGROTTOCOMMENT	Logfella			"Долгий путь лежит от нуля к единице, и если бы пришелец сказал «привет», то послание было бы зашифровано в стерео. Погоди... о чём это я?"										
GIRL_HUGETREETHOUGHTS	Girl			"Конечно, я никогда не говорю никому о таких снах про богиню/дерево, а то ещё скажут, что я хиппи или вроде того."										
				"В это тайное место я прихожу, чтобы увидеть гигантское древо... Это та богиня, что правила неисчислимые миллиарды лет до появления человека."										
				"В моих снах всегда есть одно тайное место, где я люблю бывать — парламент деревьев в самом сердце мира."										
LOGFELLA_HUGETREETHOUGHTS	Logfella			"Как я люблю наблюдать за лесами при разной погоде, просто остановиться и слушать... думать о чём-то, а иногда — совсем ни о чём не думать."										
				"Я не слишком много времени провожу во снах, но зато, если я во сне, я всегда вновь навещаю мои любимые места и смотрю, что изменилось."										
MIRACLE1_MOUNTAINMEADOW	The Scythian			На солнечной лужайке мы сотворили чудо в стиле «складываний» безумного чародея Аль Джаффи. И таким образом разогнали бурю.										
MIRACLE1_YELLOWTRIGONCOLLECTED	The Scythian			"Мы остались стоять на залитом солнцем лугу, в ошеломлении и недоумении, а нашу голову просто разрывало от боли."										
LOGFELLA_YELLOWTRIGONCOLLECTED	The Scythian			"Мы с трудом очнулись от супер глубокого сна и были не в силах вспомнить, что произошло."										
			triangle/Triangle	Мы вспомнили про чудеса на лужайке и о нашей встрече с Золотым Треугольником... 										
			triangle/Triangle	"... что это за силы, что были нам дарованы?"										
			triangle/Triangle	"Дровосек был абсолютно ошарашен тем удивительным и безумным описанием боя с Золотым Треугольником, что мы ему поведали."			81	071.jpg	R7C14					
			triangle/Triangle	"Дровосек призадумался о том, как Золотой Треугольник может быть связан с мрачными секретами, что скрыты за железными воротами на лугу."										
				"Дровосек не разбирался в этих мрачных секретах, поэтому решил пойти домой и колоть дрова. #woodchopping"										
LOGFELLA_BEFOREYELLOWBEAM	The Scythian			"Лесник, известный как Дровосек, был чертовски доволен тем, что буря утихла и хотел как можно скорее вернуться к рубке дров."										
				"Он спросил нас насчёт железных ворот, что закрывают проход в глубокую пещеру на лугу... знаем ли мы зачем они?"										
LOGFELLA_YELLOWTRIGONTHOUGHTS	Logfella			"Странно... Я вижу золотой луч, бьющий в небеса прямо из леса за лугом... кому-то удалось овладеть секретами Треугольной рощи?"			89	072.jpg	67F24					
LOGFELLA_URSULAMEADOW	Logfella			"Я волнуюсь о Скифке, она, кажется, совсем запуталась."										
SCYTHIAN_YELLOWTRIGONCOLLECTED_OFF	The Scythian			"Лесник и его дочь были рядом и следили за тем, как мы приходили в сознание."										
				"Мы заметили, что на лугу не осталось никаких изменений, никаких следов того, что здесь произошла мистическая схватка."										
GIRL_YELLOWTRIGONCOLLECTED	The Scythian			Девушка спокойно выслушала нашу странную историю о схватке с Золотым Треугольником.										
			triangle/Triangle	"Она спросила о секретах Треугольной рощи, что за глубокой пещерой на лугу... здесь была какая-то связь?"										
GIRL_YELLOWTRIGONTHOUGHTS	Girl			"Хмм... Я начинаю серьёзно беспокоиться о Скифке... уже столько дней прошло с тех пор, как буря утихла, а её всё нет. Но я надеюсь на лучшее."										
GIRL_URSULAMEADOW_OFF	Girl			"Ого, значит, Скифка вырубилась прямо посреди луга? Кошмар."										
DOGFELLA_GETDARKTRIGON	The Scythian			"После того, как мы активировали ещё один небесный луч в Треугольной роще, мы заметили нечто необычное в отношении пса по кличке Дружок."										
			Archetype/trifecta	"Вдруг, нам стало казаться, что мы понимаем Дружка — он торопил нас найти Треугольник Новолуния и воссоединить Триединый Треугольник."										
DOGFELLA_GETBRIGHTTRIGON	The Scythian			"После того, как мы активировали ещё один небесный луч в Треугольной роще, мы заметили нечто необычное в отношении пса по кличке Дружок."										
			Archetype/trifecta	"Вдруг, нам стало казаться, что мы понимаем Дружка — он торопил нас найти Треугольник Полнолуния и воссоединить Триединый Треугольник."										
DOGFELLA_THREETRIGONS	The Scythian			"После того, как мы активировали ещё один небесный луч в Треугольной роще, мы заметили нечто необычное в отношении пса по кличке Дружок."										
			Archetype/trifecta	"Вдруг, нам стало казаться, что мы понимаем Дружка — он торопил нас активировать третий небесный луч и открыть врата в бесконечность."										
DOGFELLA_TRUTHBOMB	Dogfella			Гав! Гав! Гав!										
				Гав! Гав! Фых.. Гав!										
				"Пучина бесконечности вселенной, что открыта на вершине Минги Тау, ожидает владельца Мегатома."										
				Гав! Гав! Гав! Гав! Гав!										
				Гав! Гав! Гав!										
GIRL_AFTERYELLOWBEAM	The Scythian			"Темноволосая девушка сидела на камне, рядом с лесником, рубящим дрова."										
			Archetype/trifecta	Мы спросили её о секретах Треугольной Рощи и необычных снах горцев Кавказа.										
				"Она поведала нам, что в снах её народа заключено множество тайн и что, каким-то странным образом, они отражают в себе фазы луны."										
				"Девушка сказала, что мы можем в любое время сесть у очага в хижине, чтобы прогуляться во сне или набраться сил."										
			Archetype/trifecta	"У нас появилось такое чувство, что два оставшихся Треугольника могли потеряться во снах или что-то вроде."										
LOGFELLA_AFTERYELLOWBEAM	The Scythian			"Лесник, известный как Дровосек, вернулся к рубке дров и было видно, что он в этом сечёт."										
			triangle/Triangle	"Дровосек видел за лугом луч, бьющий в небеса, поэтому мы спросили его, знает ли он что-нибудь о секретах Треугольной рощи."										
				"Он рассказал нам старую историю, одну из тех, какими горцы обычно пугают детей."										
			Archetype/trifecta	"Дровосек рассказал о скифском отряде, который пришёл в эти забытые горы в поисках Триединого Треугольника много лун назад."										
			gourd/gourd	"Они поняли как искать лесных духов и отправлять их в небо... а потом они стали искать место, где сотворить чудо."										
			Archetype/trifecta	"Разведчики надеялись активировать все небесные лучи в Треугольной роще, но они и понятия не имели где или когда были Треугольники."										
				"Они долгое время бесцельно блуждали по старой дороге, ведущей к Минги Тау... В конце концов, они устали и остановились."										
				"А затем, внезапно, их убил бессмертный призрак, как раз в том месте на старой дороге, где и по сей день осталась лишь горстка могил."										
				"Мы сказали Чурбану, что это хорошая история, но, по правде, она нас не особо напугала."										
GIRL_GRAVESCOMPLETETHOUGHTS	Girl													
ARCHETYPE_MOONGROTTO	The Archetype			"Итак, я вижу вам удалось сменить фазу луны в Лунном Гроте. Интересно, как долго продлится этот Временной Парадокс?"										
MIRACLE2_ISLAND	The Scythian			"В свете Полной Луны, на невероятном острове, что посреди тихого озера, мы сотворили супер странное лунное чудо."			136	073.jpg	W7A3K					
MIRACLE2_PINKTRIGONCOLLECTED	The Scythian			"Мы заполучили Треугольник Полнолуния. Ради славы, а также всем на зло. #trigontamed"			155	068.jpg	56F8U					
MIRACLE2_BRIGHTMOONTRIGONCOLLECTED	The Scythian			"Мы едва не решили отказаться от этого печального предназначения. Но, всё-таки, было нечто притягательное в этом пути мученика."										
				"Ох, ладно. В конце концов, это уже не так важно. Маловероятно, что вход в Пучину Бесконечности включал бы в себя медосмотр."										
				"Теперь нам стало ясно, что все эти хождения по снам и покорения Треугольников не прошли для нас даром."										
				"Когда свет и звук утихли мы очнулись на берегу озера. Голова разрывалась от боли, а из носа шла кровь."										
GIRL_BRIGHTMOONTRIGONCOLLECTED	The Scythian		Archetype/trifecta	"Мы рассказали девушке о нашей встрече с Треугольником Полнолуния во сне, а также, что намерены восстановить Триединый Треугольник."										
				"Девушка сказала, что это было очень круто, и что она хотела бы быть там вместе с нами. #lies"										
				"Она сказала, что если мы заглянем в Треугольную Рощу... возможно мы могли бы активировать ещё один небесный луч?"										
LOGFELLA_BRIGHTMOONTRIGONCOLLECTED	The Scythian			"Лесоруб понял, что наши прогулки по снам и творение чудес не прошли даром для нашего здоровья."										
				"Дровосек начал подозревать, что это наше печальное предназнаczenie, похоже, не будет иметь счастливый конец."										
				"Дровосек напомнил нам, что мы можем в любое время присесть у очага в хижине, чтобы набраться сил."										
ARCHETYPE_BRIGHTMOONTRIGONCOLLECTED	The Archetype			Наше исследование показывает большую корреляцию между уровнем прогресса участника S:S&S EP и их способностями быть классными.			45	074.jpg	87A43					
				"Я смотрю, вам удалось найти и заполучить Треугольник Полнолуния — это действительно замечательная новость."										
MIRACLE3_HUGETREE	The Scythian			"Во времена Новолуния, мы сотворили чудо — раскалывающий удар молнии посреди парламента деревьев."										
MIRACLE3_DARKMOONTRIGONCOLLECTED	The Scythian			"А также... Повсюду таскать с собой Мегатом — это тоже, своего рода, боль. Это и вправду обременительная книга во многих смыслах."										
				"Мы чувствовали себя всё более изнурёнными... Вероятно, это всё из-за этих космических лазерных лучей."										
				"Когда свет погас и звуки утихли, мы обнаружили себя насквозь промокшими и замёрзшими посреди парламента деревьев."										
GIRL_DARKMOONTRIGONCOLLECTED	The Scythian		Archetype/trifecta	"Мы рассказали девушке о нашей встрече с Треугольником Новолуния во сне, а также, что намерены восстановить Триединый Треугольник."										
				"Мы рассказали ей о том, как мы разгромили радужное нападение Треугольника Новолуния, а она такая: «Клёво!»."										
				Она была совсем не против послушать наши сумасшедшие истории.										
LOGFELLA_DARKMOONTRIGONCOLLECTED	The Scythian			"Лесоруб понял, что наши прогулки по снам и творение чудес не прошли даром для нашего здоровья."										
			Archetype/trifecta	"Дровосек спросил нас — если мы будем с Дружком в Треугольной роще, возможно мы могли бы активировать ещё один небесный луч?"										
ARCHETYPE_DARKMOONTRIGONCOLLECTED	The Archetype			"Итак, теперь вопрос в том... что же дальше? Помните, что поддержка в социальных сетях играет важную роль в исходе эксперимента."										
				"Несмотря на нехватку полезной информации, вам удалось овладеть Треугольником Новолуния."										
				"Я только что был проинформирован, что вы заполучили Треугольник Новолуния — это замечательная новость."										
LOGFELLA_FOUNDBOORKEY	The Scythian		AdventureUI/keyItem	"Лесоруб не узнал ключ, который мы нашли, и он без понятия, для чего он."										
			AdventureUI/keyItem	?..										
GIRL_FOUNDBOORKEY	The Scythian		AdventureUI/keyItem	"Девушка увидела ключ, который мы нашли и посоветовала смотреть по сторонам на наличие закрытых дверей."										
				"Никаких других идей у неё не было, но это напомнило нам кое-что, что мы видели у старой дороги к Минги Тау."										
ARCHETYPE_GROTTOPARADOX	The Archetype													
				"Теперь, когда в Лунном Гроте сменили фазу луны, "										
ARCHETYPE_KILLBOOR	The Archetype			"Я полагаю, что в данный момент вас мучает вопрос — для чего же этот ключ? Если честно — я без понятия."			119	075.jpg	87C5S					
				"Нет, я не буду говорить, что вы буйный социопат... Хех... У вас ведь были на то основания, верно? #thegrizzledboor"										
				"Мне стоит заметить, что Косолапый Хам был включён в S:S&S EP, чтобы испытать участников на предмет социопатии и склонности к насилию."										
				Только что мне сообщили о смерти Косолапого Хама... Вам что-нибудь известно об этом? #slaughter										
ARCHETYPE_SPAREBOOR	The Archetype			"Я полагаю, что в данный момент вас мучает вопрос — для чего же этот ключ? Если честно — я без понятия."			119	075.jpg	87C5S					
				"Так что да, это потрясающе! И мы вас очень-очень любим."										
				"Косолапого Хама добавили в S:S&S EP, чтобы участники могли понять, что они сочувствующие, разумные люди."										
				"Только что мне сообщили о том, что Косолапого Хама отпустили с миром. Слава Богу."										
LOGFELLA_FOUNDATION	Logfella			...										
				...										
				...										
SCYTHIAN_FOUNDATION	The Scythian			"Мы только что вызвали лесного духа из глубокого, окаймлённого лилиями, пруда. Мы не совсем уверены, к чему это может привести."										
				"Пока над нами бушевала нескончаемая буря, мы научились петь Песнь Чаробейства и вызывать дремлющих лесных духов."										
				"Постой-ка... Почему я говорю о себе от первого лица? Я думала, наша история была рассказана от второго лица. #editingoversight"										
				"Мои мысли упорядочены в хронологическом порядке, таком, в каком я их подумала? Значит это то, что я думала пару секунд назад?"										
				"Так это и есть Мегатом? Он и правда перехватывает «словесные мысленные потоки»? Значит, я читаю свои мысли по мере того, как думаю их? Хм-м..."										
GIRL_FOUNDATION	Girl			...										
				...										
				...										
DOGFELLA_FOUNDATION	Dogfella			...										
				...										
				...										
LOGFELLA_DARKMOON	The Scythian			"Лесник рассказал о том, как он гулял во сне по лесу, за час до рассвета, под тёмным, грозовым небом."										
				"Он говорил о пульсирующем розовом отсвете и леденящей душу песне, полной ужаса, исходящей из глубин безымянного леса, что за лугом."										
				"Мы догадались, что Чурбан наверняка говорил о рок-концерте Новолуния."										
GIRL_DARKMOON	The Scythian			"Девушка рассказала о том, как она гуляла во сне по лесу, за час до рассвета, под тёмным, грозовым небом."										
				"Она рассказала о том, как укрылась от грозы внутри дуплистого ствола гигантского древа."										
				"Мы сразу поняли, о каком именно гигантском дуплистом дереве идёт речь."										
ARCHETYPE_DARKMOON	The Archetype			Берегитесь: Воцарилось Новолуние.			94	076.jpg	I7F69					
LOGFELLA_CRESCENTWAX	The Scythian			"Лесник рассказал о том, как он гулял во сне по лесу, за час до рассвета, во время растущей луны."										
				"Он говорил о существе, которое он встретил, о ком-то очень странном и голом. Может, это был медведь? Или человек? Или... Косолапый Хам?"			57	077.jpg	I7G7U					
GIRL_CRESCENTWAX	The Scythian			"Девушка была взволнована — сегодня ведь начало нового лунного месяца! Она предвкушала длинные дни, проведённые в посиделках на камнях."										
ARCHETYPE_CRESCENTWAX	The Archetype			"В небе появился посеребрённый полумесяц, отмечая начало нового 28-дневного лунного цикла."			118	045.jpg	Y4E5Q					
LOGFELLA_HALFWAX	The Scythian			"Лесоруб признал, что да, он действительно нарубил изрядное количество дров как раз вовремя."										
				"Он говорил о холодных, безжалостных зимах и глубоких снегах, что приходят сюда, в великие горы Кавказа, возвышающиеся над степями Скифии."										
				"Лесоруб намеревался добыть столько пищи и дров, сколько нужно для того, чтобы пережить эти длинные холодные месяцы."										
GIRL_HALFWAX	The Scythian			"Прошлой ночью во сне я гуляла по лесу и страшно хотелось съесть кекс, но кексов не было."			108	078.jpg	07D87					
ARCHETYPE_HALFWAX	The Archetype			"Фольклористы лунатизма утверждают, что нет никакой прямой связи между сумасшествием и фазами луны."										
LOGFELLA_ALMOSTWAX	The Scythian			"Лесоруб сказал, что он никогда не думал столько много о Гоголите и диких горах Минги Тау."										
				"Он сказал, что, тем не менее, в последнее время призрачное присутствие Гоголита стало его преследовать."										
				"Лесник сказал, что у него мурашки по коже каждый раз, когда в небе зависает Полная Луна и воцаряется Новолуние."										
GIRL_ALMOSTWAX	The Scythian			"Девушка заметила, что начался период растущей луны... Ей захотелось узнать, как много времени пройдёт прежде чем Полная Луна засияет в небе."										
ARCHETYPE_ALMOSTWAX	The Archetype			Луна понемногу растёт с каждым днём... через несколько дней наступит Полнолуние... и что?			165	046.jpg	P4B6A					
LOGFELLA_BRIGHTMOON	The Scythian			"Лесоруб признал, что его собака кажется ему немного ненормальной всякий раз, когда Полная Луна засияет в небе."			135	061.jpg	M6F1I					
GIRL_BRIGHTMOON	The Scythian			"Девушка рассказала о том, как она гуляла во сне по лесу, за час до рассвета, когда в небе сияла Полная Луна."										
				Она говорила о бодрящем утреннем воздухе и невозможном острове посреди безмятежного озера.										
ARCHETYPE_BRIGHTMOON	The Archetype			"Выйди на улицу и посмотри вверх — восхитись Полной Луной, засиявшей на небе!"			95	079.jpg	07D95					
LOGFELLA_ALMOSTWANE	The Scythian			"Лесоруб терпеть не мог слушать сказания и признавал, что они обычно клонят его в сон. Тем не менее, ему было многое известно."										
				"Лесоруб знал всё о Минги Тау, а также, почему это место было известно как Царство облаков."										
				"Он знал, что Минги Тау — это высочайшая гора в мире, ему известном, выше чем даже Олимп, обитель аккинских богов."										
				"Он также знал, что вершина Минги Тау, всегда скрытая облаками, считалась воротами в пучину бесконечности."										
				"Лесоруб никогда не осмеливался даже ступить ногой на населённые ужасами склоны Минги Тау, и он бы никогда этого не сделал."										
GIRL_ALMOSTWANE	The Scythian			"Девушка удивилась, отчего так много грибов выросло прямо перед и после Полнолуния... что тому причиной?"										
ARCHETYPE_ALMOSTWANE	The Archetype			"Луна немного менее ярка, чем вчера, и лунный цикл, похоже, начинает разворот."										
LOGFELLA_HALFWANE	The Scythian			"Лесоруб терпеть не мог слушать сказания и признавал, что они обычно клонят его в сон. Тем не менее, ему было многое известно."										
				"Лесоруб объяснил, что в Скифии и Персии, Минги Тау была известна как Вечная Гора."										
				"Лесоруб рассказал о том, как когда-то давным-давно забытый народ высек храм в живом камне, прямо под Минги Тау."										
				"Лесоруб говорил о подземных коридорах и пещерах, высеченных в живом камне в недрах Минги Тау."										
				"По словам лесоруба, эти пещеры были высечены в древние времена для того, чтобы хранить Мегатом."										
GIRL_HALFWANE	The Scythian			"Девушка сказала, что вышла прогуляться за пределы каменной стены и почувствовала жуткое присутствие Гоголита."			30	080.jpg	V8B04					
ARCHETYPE_HALFWANE	The Archetype			"Лунный цикл сходит на убыль и Новолуние наступит меньше, чем через неделю."										
LOGFELLA_CRESCENTWANE	The Scythian			"Лесоруб терпеть не мог слушать сказания и признавал, что они обычно клонят его в сон. Тем не менее, ему было многое известно."										
				"Лесоруб знал о Гоголите — бессмертном призраке, который скрывался во тьме глубин Минги Тау."										
				"Дровосек говорил о пучине бесконечности, лежащей за пределами нашего понимания, откуда прибыл Мегатом в незапамятные времена."										
				"Он говорил о расе бессмертных космических существ, что зажгли в человечестве искру способности передавать мысленные потоки."										
				Эти бессмертные одарили человечество потенциалом к созданию цивилизации и этим приговорили их к неминуемому вымиранию.										
				"Скифы искали способ отложить надвигающийся конец цивилизации, поэтому они изолировали Мегатом вместе с его бессмертным хранителем."										
				"С тех пор этот бессмертный влачил существование во тьме, и со временем превратился в бессмертного призрака, известного как Гоголит."										
				"Лесоруб, скорее всего, так бы и продолжал нести эту чушь, если бы мы, со всем уважением, не прервали его."										
GIRL_CRESCENTWANE	The Scythian			"Девушка заметила, что луна убывает. Она сказала, что скоро луна совсем исчезнет и воцарится Новолуние."										
ARCHETYPE_CRESCENTWANE	The Archetype			"Лунный цикл почти завершён, Новолуние уже совсем близко."										
DARKMOONLOOMS_ARCHETYPE	The Archetype			"Новолуние наступает, конец лунного цикла уже совсем близко."										
DARKMOONBEGINS_ARCHETYPE	The Archetype			Узрите: Новолуние!			94	076.jpg	I7F69					
DARKMOON_GIRLTHOUGHTS	Girl			Во сне я пришла к поломанному молнией парламенту деревьев и почувствовала присутствие чего-то глубоко священного.										
DARKMOON_LOGFELLATHOUGHTS	Logfella			"Прошлой ночью я слышал звуки ритмичной музыки, пробивающиеся сквозь деревья в лесу позади моей каменной хижины. Что же это такое?"										
DARKMOON_DOGFELLATHOUGHTS	Dogfella			"Гав! Гав! Гав! — Пока я спал, я видел только нежные звенящие пузырьки лесных духов."										
AMPHITHEATRE_OUTRO	The Scythian			Мы восстановили Триединый Треугольник и мы — герои.			164	081.jpg	48G1Q					
RABBITS_3MURDERS	The Scythian			По необъяснимым причинам мы убили трёх беззащитных кроликов.										
RABBITS_7MURDERS	The Scythian			По необъяснимым причинам мы убили семь беззащитных кроликов — это ли не свидетельство расстройства психики?										
RABBITS_13MURDERS	The Scythian			По необъяснимым причинам мы убили 13 беззащитных кроликов.										
RABBITS_17MURDERS	The Scythian			По необъяснимым причинам мы убили 17 беззащитных кроликов. Нас уже не остановить.										
RABBITS_23MURDERS	The Scythian			По необъяснимым причинам мы убили 23 беззащитных кроликов.										
RABBITS_37MURDERS	The Scythian			"По необъяснимым причинам мы убили 37 беззащитных кроликов. Нам стало любопытно, что же случится, если мы продолжим убивать их и дальше."										
RABBITS_53MURDERS	The Scythian			"По необъяснимым причинам мы убили 53 беззащитных кролика. Совершенно очевидно, что мы страдаем обсессивно-компульсивным расстройством."										
RABBITS_91MURDERS	The Scythian			По необъяснимым причинам мы убили 91 беззащитного кролика.										
RABBITS_107MURDERS	The Scythian			"По необъяснимым причинам мы убили 107 беззащитных кроликов. А может, наше кровавое насилие прекратится, если просто перестать считать?"										
ARCHETYPE_CREDITS	The Archetype													
				S:S&S EP — это совместный видеоигровой проект сделанный в Торонто. Связаться с нами и просто потусить можно на swordandsworcery.com										
			Logos/superbrothers	Основная идея придумана студией дизайна Superbrothers Inc. (superbrothers.ca)										
				Песни и некоторые звуки сочинены нашим любимым композитором и рок-звездой Джимом Гатри (jimguthrie.org)										
			Logos/capy	"Разработка игры и другие чудеса выполнены независимой студией по разработке видеоигр, которая называется Capy. (capybaragames.com)"										
			Logos/eightfour	"Японская локализация, маркетинг, пиар и любовь предоставлены 8-4, Ltd. ALL STAFF aka @84Play 8-4.jp"										
				Русская локализация представлена командой с форума zoneofgames.ru										
				* * * ПРЕДСТАВЛЯЕМ КОМАНДУ S:S&S EP * * *										
				"Идея, арт, дизайн, направление и сценарий разработаны представителями Superbrothers Inc. @the1console"										
				"За дизайн, управление проектом, постоянную поддержку и всё прочее отвечал Крис Пиотровски, художественный руководитель Capy. @krispiotrowski"										
				"За систему, архитектуру, интерфейс, движок и прочее отвечал Джон Мур, главный технический программист S:S&S EP из Capy. @buckets187"										
				"Скрипты, боевая система и чудеса реализованы Фрэнки Льюнгом, главным программистом по механике в S:S&S EP из Capy. @mpfTempVar"										
				"За вдохновение, музыку, звуки и душу отвечал Джим Гатри — композитор, легенда и звезда во всех смыслах. @jampants"										
				* * * А ТАКЖЕ * * *										
				"Дровосек озвучен Робертом Эшли, создателем радио-передачи A Life Well Wasted. @robertashley (www.alifewellwasted.com)"										
				Скифка была озвучена фотографом Робин Камминг (robyncumming.com).										
				"Архетипа озвучил Клайв Холден, артист и кинорежиссёр, также известен как @cliveholden. (cliveholden.com)"										
				"Космические звуки Лунного Грота записаны Scientific American, также известными как @scntfc. (scntfc.com)"										
				* * * ПОДДЕРЖКА СО СТОРОНЫ CAPY * * *										
				"Исполнительный продюсер, народный герой, руководитель и стратег — Натан Велья, глава Capy — @Capy_Nathan"										
				"За портирование на ПК, технические вопросы аудио, интеграцию FMOD и множество милых звуков отвечал Шон «Uber» Лориш, соучредитель Capy."										
				"За помощь в управлении и бизнес делах отвечал Мэтт «Juggalord» Репетски, соучредитель Capy."										
				"Герой тестирования, ответственный за качество — Кристиан «Sea Dawg» Майер из Capy, также известен как @fiddler6"										
				"Портирование основы на домашние компьютеры, а также добавление поддержки 1080p выполнены ни кем иным как Хьюбертом Вонгом."										
				"Дополнительная программная поддержка для ПК, Mac и Linux, экспертиза для Steam версии и другая тяжёлая атлетика: Дрю Грэйнж. @firstelder_d"										
				"Некоторые художественные элементы и много улыбок от Super T.i.m.e. Force's Vic «Meow» Nguyen, известном как @cowceda"										
				"Дополнительная проверка качества предоставлена единственным и неповторимым Аароном Ивз, известным как @AaronEves"										
				"Дополнительная проверка качества для ПК-версии предоставлена Филом Сэндхопом, Кристал Эдвардс и Себастьяном Андерссоном из GameInstinct."										
				"Благодарим: Ксавье Ксаден Ксен, Джозеппа Теодора Блокко и Хэнка Хадсона"										
				"Печенья и другие лакомства предоставлены Теей Герлан, известной как @doodlegirl"										
				* * * ПОДДЕРЖКА ОТ SUPERBROTHERS * * *										
				"Связи с общественностью, обмен информацией, обеспечение качества, вдохновение, терпение и моральная поддержка: Джори Болдуин @aurorajorealis"										
				"Бизнес содействие, финансовая поддержка и неослабевающая моральная поддержка предоставлены Маком С. Адамсом, известным как @mackaraja"										
				"Большая большая благодарность Шейле Прешиз, Дэвиду Адамсу, Саре Адамс и Симарону Корпу за то, что держали лодку на плаву в штормовом море."										
				"Мега благодарность Джиму Гатри за то, что совершил вместе с нами этот сумасшедший полет в неизвестное."										
				"А также, другие сэмплы на миллион долларов от Тимоти Мюирхэд."										
				* * * ПОДДЕРЖКА ZONEOFGAMES * * *										
				Перевод на русский язык осуществлён дружной командой с форума ZoneofGames.ru										
				Создатель проекта: Dante02.										
				Главные в жанре великого и могучего: NoiseDoll и hermana.										
				Кириллический художник: NoiseDoll.										
				"Спаситель вселенной и этого проекта в частности, творец исходных кодов: EpicAwsomeCool."										
				"Команда поддержки на Notabenoid.com: vk4881, Jasovez, Alex_ReD."										
				* * * ПОДДЕРЖКА 8-4 * * *										
				Перевод на японский язык от мастера слова Рюта Ядзава aka @lye_										
				"Редактура японской версии, незаменимые советы и бесконечная поддержка: Масахиро Юки aka @You_to_the_ki at Grasshopper Manufacture www.ghm.jp"										
				"Крутейший дизайн логотипа предоставлен POLYGRAPH, aka @polygraph_suwa at www.polygraph.jp"										
				Чудесный японский сайт сделал Джонатан Ламб aka @jonnyram at www.jonnyram.com										
				"И наконец, благодарим японских друзей: @suda_51, Томоаки Такахаси, @eightbear; и авторов ремиксов: @baiyon, @akirayamaoka, Митиру Яманэ, @macotom3 и Decassegui Hip"										
				* * * КАНАДСКИЙ ДОМИНИОН * * *										
			Logos/omdc	Этот проект был осуществлён при финансовой поддержке Ontario Media Development Corporation (OMDC).										
				* * * МЫ ЛЮБИМ ЛЮБИМ ЛЮБИМ ВАС * * *										
				"Хвалебные крики Брэндону Бойеру aka @brandonnn, Мэтью Кумару aka @mathewkumar и Джейсону ДеГрооту aka @jason6955 за выстраивание звезд."										
				"Много любви отсылаем удивительным сообществам Торонто по созданию игр и замечательным людям из The Hand Eye Society, TOJam и Gamercamp."										
				"Семьям и друзьям: мы любим вас и всегда ждём встречи с вами. Как вы поживаете с тех пор, когда мы в последний раз говорили с вами?"										
				"Всем, кто так или иначе поддерживал и воодушевлял этот проект: спасибо вам огромное за ваше терпение, любопытство и веру!"										
				* * * РАЗРАБОТКА * * *										
				"Пиксельная иллюстрация была создана исключительно в программе Promotion от Cosmigo, другие элементы в Illustrator и Photoshop от Adobe."										
				Звуки и песни были созданы с помощью программ MTV Music Generator от Codemasters для PSOne и/или Garageband & Logic Studio от Apple.										
			Logos/FMOD	Звуки и песни были вставлены в проект с помощью FMOD от Firelight Technologies.										
				Dolby и символ double-D — зарегистрированные торговые марки Dolby Laboratories.										
				"Только аудио-решения для ПК, содержащие Dolby® Digital Live требуются для Dolby Digital audio."										
				"DTS® и DTS Digital Surround® это зарегистрированные торговые марки DTS, Inc."										
				"Программный код был написан на C++ и Lua, а также tolua++. Карты и элементы мира созданы с помощью запатентованных инструментов студии Capy."										
				Расчёты лунных фаз и астрономические алгоритмы любезно предоставлены voidware.com/moon_phase.htm										
				"Интерфейсы программирования приложений, задействованные в создании S:S&S EP: twitcurl, tinyxml, libpng/zlib, SDL, cmake, и minizip"										
				"Невозможно сырая, ранняя сборка была подана на Independent Games Festival первого ноября 2009 года."										
				S:S&S EP была анонсирована первого декабря 2009 года.										
				"В начале 2010 года было объявлено, что проект получил награду за «Достижения в искусстве» на IGF Mobile, что было весьма круто."										
				"Первая публичная демонстрация S:S&S EP прошла на встрече Handy Eye Social, прошедшей в Торонто 14 февраля 2010 года."										
				Первая играбельная версия S:S&S EP была представлена друзьям и участникам конференции GDC 2010 в Сан Франциско 9-13 марта 2010 года.										
				"В то же время, в онлайне появилось первое игровое видео из версии, показанной на GDC, что наделало немало шума."										
				"Статья «Less Talk, More Rock: The Native Language of Videogames» была опубликована на сайте Boing Boing в марте 2010, можете нагуглить её."										
				"Потом, на несколько месяцев, проект ушёл в тень, пока мы.. ну, вы понимаете, собственно делали игру. Клик-клик-клик-клик."										
				Представители Superbrothers показали «The Intoxication of Mythology» 22 сентября 2010 года на Fantastic Arcade в Остине.										
				"Джим Гатри, Крис Пиотровски и представители Superbrothers показали «Aiming for Audiovisual Alchemy» на Gamercamp в Торонто."										
				"Потребовалось немного больше времени, чтоб доделать её до конца."										
				"Далее, чтобы подготовить успешный выход игры, был опубликован новый клип «Audience Calibration Procedure» в четверг 24 февраля 2011 года."										
				"И наконец S:S&S EP стала доступна для iPad где-то в районе весеннего равноденствия 2011 года, незадолго до конца света."										
				"Мы устроили MIDSUMMER ROCKSHOWCASE на TIFF Lightbox в Торонто, на котором в живую выступил Джим Гатри с треками из S&S — было круто!"										
				В итоге S:S&S EP издали для iPhone и iPod Touch. И это стало ещё большим праздником.										
				"Спустя месяцы после выхода игры некоторые из нас женились, некоторые развелись, но все мы, в каком-то смысле, двигались дальше."										
				"Джима Гатри пригласили написать саундтрек к документальному фильму Indie Game: The Movie, также известный как @indiegamemovie."										
				"Capy ушли с головой в разработку новых игр, в том числе сногсшибательной SUPER T.I.M.E. FORCE."										
				"Сотрудники из Superbrothers Inc предаются новым мечтаниям. Заходите на TELETEX, чтобы быть в курсе."										
				"S:S&S EP попал в рейтинг «Top 10 Videogames of 2011» Time Magazine, в который также входили такие AAA-проекты как Dark Souls и Skyrim — вау!"										
				"Кирк Гамильтон из Kotaku (@kirkhamilton), присудил саундтреку Джима Гатри премию «The Best Videogame Music of 2011»."										
				S:S&S EP's #sworcery Twitterstorm считался «one of 2011's Biggest Internet Events» по мнению Co.Design и Syzygy.										
				"S:S&S EP выиграла награду «Game Developer's Choice Award» на GDC 2012, обойдя AAA-проекты... что нереально круто."										
				"Джим Гатри записал новый альбом «The Children of the Clone» включающий шедевры, не вошедшие в S:S&S EP."										
				Дальнейшая история окутана туманом. Заходите на swordandsworcery.com и сможете найти больше подробностей!										
				"Это было безумно весело, надеюсь вы тоже в восторге."										
				"Не забудьте присоединиться к THE TELETEX BULLETIN на сайте superbrothers.ca, чтобы быть в курсе последних сведений Superbrothers inc."										
				* * * ТВИТНУТЬ ЭТО? * * *										
				"S:S&S EP планировался как смелый эксперимент в интерактивном кино, что бы под этим не подразумевали."										
				S:S&S EP — это свежий подход к олдскульной приключенческой игре с акцентом на аудиовизуальном стиле.										
				"Вдохновителями S:S&S EP стали работы таких первопроходцев мира видеоигр, как Сигэру Миямото, Джордан Мехнер, Эрик Чахи и Фумито Уэда."										
				S:S&S EP — пылкая мечта 8-битной эпохи.			38	082.jpg	28B24					
				S:S&S EP базируется на мифопоэтической психокосмологии рассказов Роберта И. Говарда в жанре «меч и волшебство».										
				S:S&S EP — это нить в прошлое.			167	083.jpg	18E3V					
				"S:S&S EP — это первая попытка и, да, она немного экспериментальная."										
				Эстетическая концепция S:S&S EP's  — «архетипическая приключенческая видеоигра».										
				S:S&S EP почти всё время косвенно ссылается на увлекательнейшую «Красную книгу» Карла Густава Юнга.										
				"S:S&S EP — это маленькая прикольная штука, которую я до конца не понимаю, но каждый должен в неё поиграть на своих планшетах или ПК."										
				"S:S&S EP — это жёсткое хайку о жизни, любви и смерти."										
				S:S&S EP — это набор мифов и мечтаний.										42
				S:S&S EP была создана для образованной публики широких взглядов.										
				S:S&S EP первоначально должна была быть названа «Poopsock». И это правда.										
				* * * НА ЭТОМ — КОНЕЦ * * *										
				Что же теперь будет дальше? И зачем нужна была эта безумная передача? Что ждёт нас в будущем?										
				"Если желаете заказать плакаты, шмотки, альбомы, игры или ещё что-то, ищите нас в Интернете!"										
				"Если вам понравился этот стиль аудиовизуального развлечения, предложенный S:S&S EP, тогда, пожалуйста, рассказывайте о нас!"										
				"Теперь мы космические друзья навсегда, ок?"			87	084.jpg	L8A48					